avg,eff_n,sd,se,avg_date,days_to_election,year,margin,upper,lower
0.5254826261386665,1.9210862005940477,0.0046231797491371115,0.003335549214995542,2024-12-20,683,2026,0.05096525227733295,0.061939209194668284,0.03999129535999762
0.5254595299278388,1.9263180989318982,0.0046231797491371115,0.003331016443392096,2024-12-21,682,2026,0.050919059855677684,0.06187810395443768,0.03996001575691769
0.5254387215642589,1.9308926993261668,0.0046231797491371115,0.003327068242330275,2024-12-22,681,2026,0.05087744312851772,0.06182349764578432,0.03993138861125112
0.5254198428890487,1.9349276226359533,0.0046231797491371115,0.003323597448152883,2024-12-23,680,2026,0.0508396857780975,0.06177432138252048,0.03990505017367452
0.5254026103255227,1.938513787091127,0.0046231797491371115,0.003320521771155896,2024-12-24,679,2026,0.050805220651045424,0.061729737278148324,0.039880704023942525
0.5253867958715873,1.9417226319547152,0.0046231797491371115,0.003317776928828282,2024-12-25,678,2026,0.05077359174317464,0.06168907783901969,0.03985810564732959
0.5253722137377608,1.9446111018213974,0.0046231797491371115,0.0033153119475244643,2024-12-26,677,2026,0.05074442747552155,0.06165180378287703,0.03983705116816606
0.5253587107380381,1.9472251662485958,0.0046231797491371115,0.0033130858696907507,2024-12-27,676,2026,0.05071742147607616,0.061617473987358735,0.03981736896479359
0.5253461592412478,1.949602355995933,0.0046231797491371115,0.003311065397158738,2024-12-28,675,2026,0.05069231848249567,0.06158572363914792,0.03979891332584342
0.5253344519095555,1.9517736236757495,0.0046231797491371115,0.0033092231728011037,2024-12-29,674,2026,0.050668903819111044,0.061556248057626675,0.03978155958059541
0.5253234977095961,1.9537647307519923,0.0046231797491371115,0.0033075365067540413,2024-12-30,673,2026,0.05064699541919215,0.06152879052641295,0.03976520031197136
0.5253132188461408,1.9555972963935897,0.0046231797491371115,0.0033059864180869365,2024-12-31,672,2026,0.05062643769228159,0.06150313300778761,0.03974974237677557
0.5253035483752727,1.9572896009608105,0.0046231797491371115,0.0033045569040896583,2025-01-01,671,2026,0.05060709675054542,0.0614790889650004,0.03973510453609044
0.5252944283253173,1.9588572088087162,0.0046231797491371115,0.0033032343763108756,2025-01-02,670,2026,0.050588856650634506,0.061456497748697284,0.03972121555257173
0.5252858082021711,1.9603134562491518,0.0046231797491371115,0.003302007220450261,2025-01-03,669,2026,0.05057161640434216,0.061435220159623515,0.0397080126490608
0.5252776437891155,1.9616698376462478,0.004623179749137111,0.0033008654494056816,2025-01-04,668,2026,0.05055528757823091,0.0614151349067756,0.03969544024968622
0.5252698961747055,1.9629363136900972,0.0046231797491371115,0.0032998004271968984,2025-01-05,667,2026,0.05053979234941108,0.06139613575488888,0.03968344894393329
0.5252625309590715,1.9641215596016897,0.0046231797491371115,0.0032988046473895567,2025-01-06,666,2026,0.05052506191814299,0.06137812920805463,0.039671994628231344
0.5252555176010794,1.9652331665285063,0.0046231797491371115,0.003297871553838953,2025-01-07,665,2026,0.050511035202158716,0.06136103261428887,0.03966103779002856
0.5252488288776539,1.9662778061397905,0.0046231797491371115,0.0032969953945944574,2025-01-08,664,2026,0.05049765775530779,0.061344772603523556,0.03965054290709202
0.5252424404331248,1.9672613660517935,0.0046231797491371115,0.003296171102007463,2025-01-09,663,2026,0.05048488086624969,0.06132928379185425,0.03964047794064514
0.5185778649318271,1.634909971615646,0.01754126461678945,0.013718732210740839,2025-01-20,652,2026,0.03715572986365423,0.0822903588369916,-0.007978899109683128
0.518464410921634,1.6233493140693458,0.01754126461678945,0.01376749442171844,2025-01-21,651,2026,0.036928821843267956,0.08222387849072163,-0.008366234804185711
0.5183650890718521,1.6131787364466301,0.01754126461678945,0.013810826062485999,2025-01-22,650,2026,0.03673017814370416,0.08216779588928311,-0.008707439601874777
0.5177388312930478,1.6865607766575152,0.01751943217161451,0.013490219867963997,2025-01-23,649,2026,0.035477662586095526,0.07986048595169708,-0.008905160779506024
0.5171488907668708,1.7566207665709275,0.017493913583699422,0.013199210972418945,2025-01-24,648,2026,0.03429778153374152,0.07772318563299985,-0.009127622565516809
0.5165897176697366,1.8238329229276284,0.017465204557612458,0.012932460214953926,2025-01-25,647,2026,0.03317943533947321,0.07572722944667162,-0.00936835876772521
0.5159994263093085,2.249404745490835,0.015759214968238944,0.010507533327787623,2025-01-26,646,2026,0.03199885261861701,0.0665686372670383,-0.002570932029804268
0.5189895311609787,2.4381701119621217,0.016262583142717942,0.010414958129048814,2025-01-27,645,2026,0.03797906232195736,0.07224427456652796,0.0037138500773867614
0.5225078719057433,2.5516742974003472,0.0167814283193123,0.010505489733467814,2025-01-28,644,2026,0.04501574381148665,0.07957880503459576,0.010452682588377546
0.5259892022507068,2.676108221761651,0.017298178745351788,0.010574224930214446,2025-01-29,643,2026,0.051978404501413555,0.08676760452181909,0.01718920448100803
0.5294376311311024,2.810407065782717,0.017812834793806777,0.01062547675893637,2025-01-30,642,2026,0.05887526226220485,0.09383308079910552,0.023917443725304195
0.5329139941740202,2.592847660159763,0.01999991825992513,0.012420518332582437,2025-01-31,641,2026,0.06582798834804038,0.1066914936622366,0.02496448303384416
0.5315749869390837,2.7929559716463364,0.02049309383220128,0.012262400143819093,2025-02-01,640,2026,0.06314997387816734,0.10349327035133216,0.022806677405002522
0.5295260434262313,3.1794596634484407,0.020811752938992987,0.011671643174355557,2025-02-02,639,2026,0.05905208685246266,0.09745179289609243,0.02065238080883288
0.5275309431946965,3.560559630061542,0.021129647167199735,0.01119781049098798,2025-02-03,638,2026,0.05506188638939302,0.09190268290474347,0.01822108987404257
0.5255843344551826,3.9366340226429273,0.021446309007770895,0.010809112536334594,2025-02-04,637,2026,0.0511686689103652,0.08673064915490601,0.01560668866582439
0.5213940237155094,3.8624919638995587,0.021258455462519085,0.010816777916927839,2025-02-05,636,2026,0.042788047431018716,0.07837524677771131,0.007200848084326125
0.518167021364621,3.7149988190439927,0.020414699674674557,0.010591650833223653,2025-02-06,635,2026,0.03633404272924201,0.07118057397054783,0.0014875114879361953
0.5157212786666678,3.3910499542735644,0.019771964147098607,0.010736994249720784,2025-02-07,634,2026,0.031442557333335674,0.06676726841491705,-0.003882153748245701
0.5132879497705624,3.081797698968146,0.01915335271043158,0.010910452000992823,2025-02-08,633,2026,0.026575899541124715,0.0624712866243911,-0.009319487542141673
0.5109612100016108,2.9278163403877557,0.0181718476210068,0.01062006491227539,2025-02-09,632,2026,0.021922420003221532,0.056862433564607566,-0.013017593558164502
0.5109291015446158,3.231624233415333,0.0177233672770644,0.009859066801956622,2025-02-10,631,2026,0.021858203089231587,0.054294532867668874,-0.0105781266892057
0.5112101908418426,3.3840008484598427,0.017557307542821265,0.00954426930134358,2025-02-11,630,2026,0.02242038168368521,0.053821027685105584,-0.008980264317735166
0.5113678870936956,3.600904324025435,0.017284389409762804,0.009108529118844287,2025-02-12,629,2026,0.022735774187391256,0.05270283498838896,-0.00723128661360645
0.5107878971736972,3.5192219027936864,0.016140705665512026,0.008603976034414158,2025-02-13,628,2026,0.021575794347394428,0.04988287550061701,-0.006731286805828154
0.5101021621122607,3.299404863880402,0.01540208370953986,0.008479332669866049,2025-02-14,627,2026,0.02020432422452134,0.048101328708380645,-0.007692680259337961
0.5093794697100118,3.077213097906978,0.014631431157213994,0.008340806040079191,2025-02-15,626,2026,0.0187589394200236,0.04620019129188414,-0.008682312451836937
0.5088497650666242,3.0368363076777922,0.013562974664271454,0.0077829503319102955,2025-02-16,625,2026,0.01769953013324832,0.043305436725233196,-0.007906376458736552
0.5084824373158574,2.9837876467401854,0.011915462784185267,0.006898059859906622,2025-02-17,624,2026,0.01696487463171481,0.0396594915708076,-0.005729742307377977
0.510091275187012,3.5312186647091126,0.01279518840902191,0.0068090163901549875,2025-02-18,623,2026,0.020182550374024055,0.04258421429763397,-0.0022191135495858542
0.5116705991746775,4.076711722241572,0.013633913564599181,0.006752514653107758,2025-02-19,622,2026,0.023341198349354997,0.04555697155807952,0.0011254251406304719
0.5132545571622528,4.626455385726901,0.014476434335236892,0.006730346372947436,2025-02-20,621,2026,0.026509114324505534,0.0486519538915026,0.004366274757508469
0.5145162811131491,5.221196609817729,0.015272256100981414,0.006683718871887347,2025-02-21,620,2026,0.02903256222629813,0.0510219973148075,0.007043127137788759
0.5156969758065219,5.755995928556734,0.016737663381282988,0.0069764516751215115,2025-02-22,619,2026,0.0313939516130437,0.05434647762419348,0.00844142560189393
0.5155692924561909,6.332674258857587,0.01618846009230369,0.0064329764915924915,2025-02-23,618,2026,0.03113858491238175,0.05230307756972105,0.009974092255042453
0.5153163353012201,6.835309855103762,0.015537877653894569,0.005943093928366734,2025-02-24,617,2026,0.030632670602440237,0.05018544962676679,0.011079891578113683
0.515062101322715,7.309528498933247,0.014908292556796422,0.005514209026164814,2025-02-25,616,2026,0.03012420264543003,0.04826595034151227,0.011982454949347791
0.5149071043634581,7.6026903467004665,0.01448809436977425,0.005254454249625284,2025-02-26,615,2026,0.029814208726916203,0.04710136320818339,0.012527054245649018
0.5147429124685676,7.888619354989829,0.014069954026652544,0.005009474589397498,2025-02-27,614,2026,0.029485824937135252,0.04596699633625302,0.013004653538017486
0.5146011082070847,7.816549337183607,0.013997456002100233,0.005006584774932477,2025-02-28,613,2026,0.029202216414169424,0.04567388032369728,0.012730552504641574
0.5146053218626195,7.78012693481977,0.01403671383271893,0.005032364669732442,2025-03-01,612,2026,0.02921064372523907,0.04576712348865881,0.012654163961819336
0.51439056014387,8.097616499442976,0.013673107470675842,0.004804947257801041,2025-03-02,611,2026,0.028781120287739936,0.04458939676590536,0.01297284380957451
0.5131172660335807,8.493504436087518,0.01419669424044067,0.004871287587590624,2025-03-03,610,2026,0.02623453206716131,0.04226106823033446,0.010207995903988156
0.5119009901047494,8.91881870878055,0.01469528587113499,0.004920671477109198,2025-03-04,609,2026,0.023801980209498863,0.03999098936918813,0.0076129710498096005
0.5089791814062268,8.032099862095404,0.015136768830598989,0.005340951432074322,2025-03-05,608,2026,0.017958362812453554,0.03553009302397807,3.8663260092903703e-4
0.5061100530833309,7.194252502239715,0.015591049290739482,0.005812761530204601,2025-03-06,607,2026,0.012220106166661804,0.03134409160103494,-0.006903879267711334
0.5033091326812417,6.205542525917881,0.01617090551905819,0.006491491034548718,2025-03-07,606,2026,0.006618265362483333,0.027975270866148618,-0.014738740141181952
0.5016253277508766,5.162840668889331,0.015882404234925363,0.006989914832101799,2025-03-08,605,2026,0.0032506555017532968,0.026247475299368214,-0.01974616429586162
0.49993432088812606,4.425972367492564,0.015453561459686615,0.0073455485682248104,2025-03-09,604,2026,-1.3135822374787942e-4,0.024035496565711748,-0.024298213013207507
0.49999063806457206,5.021621009898803,0.015098187663251902,0.006737563212346545,2025-03-10,603,2026,-1.872387085588567e-5,0.022147859097764247,-0.02218530683947602
0.4998691639773276,5.810578251730788,0.014553314777274543,0.006037431909411262,2025-03-11,602,2026,-2.6167204534477406e-4,0.019601478936618278,-0.020124823027307826
0.4999360156313109,6.429314998886623,0.014293892629974861,0.005637261268971052,2025-03-12,601,2026,-1.2796873737819237e-4,0.018418620837536568,-0.018674558312292953
0.5005009290469248,6.250988053944471,0.013515034153194204,0.005405586397286448,2025-03-13,600,2026,0.0010018580938495614,0.018786237340921975,-0.016782521153222853
0.5010221370167058,5.767924220526659,0.012918654377706578,0.005379073845111012,2025-03-14,599,2026,0.002044274033411675,0.019741426983826905,-0.015652878917003555
0.5014962081856662,5.259479408517033,0.012363734979129463,0.00539111142043138,2025-03-15,598,2026,0.002992416371332407,0.02072917294455165,-0.014744340201886835
0.502209792414488,4.685637602431501,0.011880889239504162,0.0054886381383099665,2025-03-16,597,2026,0.004419584828976086,0.022477204304015876,-0.013638034646063703
0.5028890381388119,4.116857490850517,0.011395387420300053,0.005616246721088478,2025-03-17,596,2026,0.005778076277623834,0.024255527990004928,-0.01269937543475726
0.5027827337999299,4.27619359847819,0.010950462477302202,0.005295461097115854,2025-03-18,595,2026,0.005565467599859764,0.022987534609370922,-0.011856599409651395
0.5027064421249176,4.410914927448922,0.010587281083630787,0.005041039524377673,2025-03-19,594,2026,0.005412884249835104,0.02199790428503765,-0.011172135785367441
0.5026400915548898,4.54754407438863,0.01016798597052566,0.004768112348144536,2025-03-20,593,2026,0.005280183109779513,0.020967272735175038,-0.010406906515616012
0.5024287405699339,4.541583923265326,0.00985039128558617,0.0046222114635348826,2025-03-21,592,2026,0.004857481139867836,0.0200645568548976,-0.010349594575161927
0.5022068143444721,4.5223851918700815,0.009512914419225122,0.004473318433256312,2025-03-22,591,2026,0.004413628688944238,0.019130846334357507,-0.01030358895646903
0.5028362094990366,4.879081089838662,0.00947726015250723,0.004290558069500458,2025-03-23,590,2026,0.0056724189980732476,0.019788355046729756,-0.008443517050583261
0.50340156773586,5.246244278571021,0.009346482510546695,0.004080599230667076,2025-03-24,589,2026,0.006803135471719957,0.020228306940614636,-0.006622035997174721
0.5039220257483968,5.605543743416391,0.009221465784213553,0.0038948531349951142,2025-03-25,588,2026,0.00784405149679368,0.020658118310927606,-0.004970015317340246
0.5044272891462698,5.964574972238629,0.009101989166631267,0.003726889902973829,2025-03-26,587,2026,0.00885457829253955,0.021116046073323447,-0.0034068894882443475
0.5046574637432754,6.464338921532196,0.009206886386296007,0.003621185101247257,2025-03-27,586,2026,0.009314927486550717,0.02122862646965419,-0.0025987714965527587
0.5042623511624287,6.63500458250078,0.009454754644444594,0.003670537366483682,2025-03-28,585,2026,0.008524702324857358,0.020600770260588673,-0.0035513656108739564
0.503891780426141,6.790989948248143,0.009686159386096512,0.003716935863162437,2025-03-29,584,2026,0.007783560852282045,0.020012279842086464,-0.004445158137522373
0.5036019442927488,6.883987621909655,0.009651395154944268,0.0036784940409324302,2025-03-30,583,2026,0.0072038885854976975,0.019306133980165393,-0.004898356809169998
0.5033286106525248,6.989133169936482,0.009613291839050834,0.003636306388928221,2025-03-31,582,2026,0.006657221305049532,0.01862066932462338,-0.005306226714524315
0.502888531898616,6.982866894704863,0.009334358806848589,0.0035323815603807364,2025-04-01,581,2026,0.005777063797232085,0.017398599130884707,-0.005844471536420539
0.5025139163445158,6.968172480234133,0.009016147135601095,0.0034155570549867973,2025-04-02,580,2026,0.005027832689031619,0.01626501539993818,-0.0062093500218749435
0.5010755080531645,6.057801328177755,0.008400466457449648,0.003413075450230774,2025-04-03,579,2026,0.0021510161063289512,0.013380034337588198,-0.009078002124930295
0.49964166877302224,5.211149401464436,0.00808153201648757,0.0035401929722747726,2025-04-04,578,2026,-7.166624539555189e-4,0.010930572424828483,-0.01236389733273952
0.49823802576486415,4.354265811210645,0.007770929060607488,0.0037240497627230016,2025-04-05,577,2026,-0.0035239484702717094,0.008728175249086966,-0.015776072189630383
0.4974312536301223,3.568439308624515,0.007372616974915937,0.003902855880055184,2025-04-06,576,2026,-0.005137492739755389,0.007702903105626166,-0.017977888585136943
0.4965790646071445,2.7984351208488203,0.007031398519574816,0.004203239065767963,2025-04-07,575,2026,-0.006841870785710968,0.00698678574066563,-0.020670527312087565
0.49669612147992254,3.119489037612069,0.006842753141915114,0.0038742633734943025,2025-04-08,574,2026,-0.006607757040154927,0.006138569458641328,-0.019354083538951183
0.4967890310104145,3.444736761608361,0.006631410925584189,0.003572958077857623,2025-04-09,573,2026,-0.006421937979171011,0.0053330940969805694,-0.01817697005532259
0.49661599649773036,3.8377652277095233,0.00696554920046435,0.003555626729627498,2025-04-10,572,2026,-0.006768007004539278,0.0049300049359351904,-0.01846601894501375
0.49632133544397433,4.123411356965864,0.0073922294879324515,0.003640383267196407,2025-04-11,571,2026,-0.007357329112051336,0.004619531837024843,-0.019334190061127514
0.4959752862000331,4.504852462276751,0.007530231859066947,0.0035478729763918915,2025-04-12,570,2026,-0.008049427599933767,0.0036230744923955553,-0.01972192969226309
0.49595061638143617,4.874950809865359,0.007766636167317733,0.003517611252817359,2025-04-13,569,2026,-0.008098767237127658,0.003474173784641453,-0.019671708258896768
0.4963961452844096,4.78283017065924,0.0077231786990928425,0.0035314544065492524,2025-04-14,568,2026,-0.007207709431180764,0.0044107755663662755,-0.018826194428727804
0.4970820490861483,4.627726053238245,0.00712528942965264,0.003312216291892797,2025-04-15,567,2026,-0.005835901827703438,0.005061289772623864,-0.01673309342803074
0.49695437120566005,4.668254220810894,0.007649440337636498,0.003540400654747762,2025-04-16,566,2026,-0.006091257588679899,0.005556660565440238,-0.017739175742800036
0.4968923618878175,4.615509437245927,0.00842132177671035,0.003919858953775288,2025-04-17,565,2026,-0.006215276224365018,0.006681059733555679,-0.019111612182285714
0.4962712098376641,4.5834287096686435,0.009223232144222064,0.004308121067184257,2025-04-18,564,2026,-0.007457580324671809,0.006716137986364397,-0.021631298635708014
0.494944037875854,5.300268866605608,0.010142276156919872,0.004405411500153231,2025-04-19,563,2026,-0.010111924248291992,0.004381879587212138,-0.024605728083796123
0.4937111259951718,6.184646171484076,0.010928634298023767,0.004394489836213409,2025-04-20,562,2026,-0.012577748009656387,0.0018801235514857295,-0.027035619570798503
0.49240637429653045,7.054022097839291,0.011563306896049204,0.004353751572014899,2025-04-21,561,2026,-0.015187251406939106,-8.63408735010087e-4,-0.029511094078868125
0.49109518047916506,7.899726937356909,0.012191723614893256,0.004337695569445705,2025-04-22,560,2026,-0.017809639041669878,-0.003538620618193508,-0.032080657465146246
0.49016571360525657,8.545105622678955,0.012822958083532123,0.004386614855032962,2025-04-23,559,2026,-0.01966857278948686,-0.0052366099164284155,-0.034100535662545305
0.48930458466336535,8.996599068925516,0.013347278542902474,0.004449933700288422,2025-04-24,558,2026,-0.0213908306732693,-0.0067505487993203914,-0.03603111254721821
0.48839066633129,9.287170531420466,0.013995854246619425,0.00459259026606312,2025-04-25,557,2026,-0.02321866733741995,-0.008109045362072286,-0.03832828931276762
0.48837278977417614,9.407076473551488,0.013681038109342273,0.004460583929271401,2025-04-26,556,2026,-0.023254420451647717,-0.008579099324344808,-0.037929741578950626
0.48836840803074316,9.797349175731728,0.013421099177372426,0.004287792817113098,2025-04-27,555,2026,-0.023263183938513676,-0.009156345570211584,-0.03737002230681577
0.48833519793790087,10.227532270566394,0.013174367926653968,0.0041194985921662475,2025-04-28,554,2026,-0.023329604124198267,-0.009776453755971313,-0.03688275449242522
0.49036530159040603,9.294188262641065,0.01385413678308657,0.004544370568794211,2025-04-29,553,2026,-0.019269396819187934,-0.0043184176478549795,-0.034220375990520885
0.4919416428597621,8.545146342628247,0.014482884692638498,0.004954448525180533,2025-04-30,552,2026,-0.016116714280475786,1.8342136736816672e-4,-0.03241684992831974
0.493477497980424,7.808081734302528,0.015101371029408723,0.005404359149412837,2025-05-01,551,2026,-0.013045004039151986,0.004735337562416248,-0.03082534564072022
0.49497194970115255,6.836045691941418,0.015690573093213176,0.0060011755045947645,2025-05-02,550,2026,-0.010056100597694906,0.00968776681242187,-0.02979996800781168
0.49646185184854863,5.756209271194913,0.016358446176351148,0.006818263201999253,2025-05-03,549,2026,-0.00707629630290274,0.015355789631674801,-0.02950838223748028
0.49600084391439503,6.150002663172869,0.016090502686872156,0.006488315509171983,2025-05-04,548,2026,-0.007998312171209943,0.013348245853965882,-0.029344870196385767
0.49652568424609567,6.5243392406475795,0.015900379792313027,0.006224998205701218,2025-05-05,547,2026,-0.006948631507808667,0.01353161258894834,-0.027428875604565674
0.4970292337655519,6.893799379990668,0.015724134926040093,0.005988767341674112,2025-05-06,546,2026,-0.005941532468896171,0.013761512085211657,-0.025644577023004
0.4973424630145669,7.373249746189715,0.015607858235765184,0.00574796135353661,2025-05-07,545,2026,-0.005315073970866169,0.013595718882269278,-0.024225866824001616
0.4976182678391038,6.83129582267844,0.01471192736528313,0.005628828618356967,2025-05-08,544,2026,-0.004763464321792421,0.013755381832602002,-0.023282310476186844
0.49679754782539987,6.222190473907096,0.014146325219865212,0.005671161138444176,2025-05-09,543,2026,-0.006404904349200269,0.01225321579628107,-0.025063024494681608
0.49543133335633266,5.445119366947895,0.013563703558720315,0.005812655538083421,2025-05-10,542,2026,-0.009137333287334681,0.009986303432959774,-0.028260970007629137
0.4943083382074589,4.765302928560944,0.013005780972566935,0.005957872143539971,2025-05-11,541,2026,-0.011383323585082206,0.0082180757671642991,-0.03098472293732871
0.49417231278792423,4.029884276503707,0.012318657845589588,0.006136448662203152,2025-05-12,540,2026,-0.011655374424151543,0.008533541674496825,-0.03184429052279991
0.49404578078506783,4.367577332280302,0.012370503664885398,0.005919255421751774,2025-05-13,539,2026,-0.011908438429864332,0.007565911907699004,-0.03138278876742767
0.4950451883947193,4.591445693083373,0.012355333103565385,0.005766067639883265,2025-05-14,538,2026,-0.009909623210561436,0.009060739324654506,-0.028879985745777378
0.4960142542930422,4.809766402890825,0.012339757659356389,0.005626581817923698,2025-05-15,537,2026,-0.007971491413915621,0.010539962767053344,-0.026482945594884587
0.4967611125417095,4.924841925854902,0.01230295323454924,0.005543872395903694,2025-05-16,536,2026,-0.0064777749165809695,0.011761565265942187,-0.024717115099104126
0.496736187847903,4.964324511715028,0.01233310449974148,0.005535314864392448,2025-05-17,535,2026,-0.0065276243041939574,0.011683561599657197,-0.024738810208045112
0.496848803653994,5.372606338697845,0.012089878054491186,0.005215901847435454,2025-05-18,534,2026,-0.006302392692012049,0.010857924386050592,-0.02346270977007469
0.4969540198345062,6.149963811989841,0.011581457058306608,0.004670107967808656,2025-05-19,533,2026,-0.006091960330987578,0.0092726948831029,-0.021456615545078057
0.4970655371772002,6.915758163711745,0.011087187938705202,0.0042160088152304554,2025-05-20,532,2026,-0.005868925645599599,0.0080017433565086,-0.019739594647707796
0.49685840387688474,7.831085946193472,0.010638370765974455,0.0038015799372153854,2025-05-21,531,2026,-0.006283192246230529,0.00622400574720809,-0.01879039023966915
0.49664835287084363,8.751302418288276,0.010210846896798,0.003451639404769135,2025-05-22,530,2026,-0.006703294258312731,0.004652599383377724,-0.018059187900003187
0.49633301147172226,9.318055202249163,0.010032477679528078,0.0032865902511590205,2025-05-23,529,2026,-0.007333977056555474,0.003478904869757703,-0.01814685898286865
0.49606232466649053,9.477413349010039,0.010117800905159704,0.00328655737255273,2025-05-24,528,2026,-0.007875350667018943,0.0029374230886795374,-0.018688124422717424
0.4961656489804107,9.766423256612567,0.010269762270012445,0.0032861896201516892,2025-05-25,527,2026,-0.0076687020391785765,0.003142861811120482,-0.018480265889477633
0.4983045428762599,8.904535170769343,0.011523795805226542,0.0038618013269157286,2025-05-26,526,2026,-0.00339091424748017,0.009314412118072577,-0.016096240613032917
0.5003821403135684,8.011088867617556,0.012809572338463488,0.004525732240614669,2025-05-27,525,2026,7.642806271368485e-4,0.015653939698759112,-0.014125378444485413
0.5024185830368109,7.1371274079599925,0.014073192080843492,0.005267819559024215,2025-05-28,524,2026,0.004837166073621724,0.02216829242281139,-0.012493960275567942
0.5044001347573367,6.308606676991094,0.015319304507687983,0.006099192256656447,2025-05-29,523,2026,0.008800269514673387,0.028866612039073095,-0.011266073009726322
0.5060168281016646,5.3543500828642205,0.016453190693052358,0.007110444478693031,2025-05-30,522,2026,0.01203365620332919,0.035427018538229264,-0.011359706131570883
0.5059014234294438,5.407106461091713,0.016422707084100867,0.007062562214980294,2025-05-31,521,2026,0.01180284685888755,0.035038676546172716,-0.011432982828397616
0.5057626905597649,5.683636639059322,0.016063984378815746,0.0067381414016700735,2025-06-01,520,2026,0.01152538111952972,0.033693866331024266,-0.010643104091964822
0.5050038303588773,6.109860855845759,0.01576366110117995,0.006377367285107951,2025-06-02,519,2026,0.010007660717754607,0.030989199085759766,-0.010973877650250551
0.504289244634197,6.5373630548459705,0.015473888099152167,0.006051989275054998,2025-06-03,518,2026,0.008578489268393996,0.02848953398332494,-0.011332555446536947
0.5030355837886166,6.0818832930709865,0.014674965826003996,0.005950562999864226,2025-06-04,517,2026,0.006071167577233139,0.02564851984678644,-0.013506184692320164
0.5018223383847179,5.633636284464815,0.013895566571373747,0.005854392782799996,2025-06-05,516,2026,0.003644676769435806,0.02290562902484779,-0.015616275485976178
0.49937920297562494,5.179741783267437,0.015192089928079007,0.006675187473500108,2025-06-06,515,2026,-0.0012415940487501276,0.020719772739065227,-0.02320296083656548
0.4976329924787827,4.533193198005932,0.016475230463587984,0.007738011738568847,2025-06-07,514,2026,-0.004734015042434647,0.02072404357745686,-0.030192073662326156
0.49639218301316174,3.9760400404095813,0.017684424776680925,0.008868814338674274,2025-06-08,513,2026,-0.007215633973676527,0.021962765200561833,-0.03639403314791489
0.4957872841952488,4.7038647222321055,0.01866475880085383,0.008605873744477932,2025-06-09,512,2026,-0.008425431609502376,0.019887893009830022,-0.036738756228834775
0.49514405977124604,5.352759490092551,0.01968402235602466,0.008507951089132822,2025-06-10,511,2026,-0.0097118804575079265,0.01827927862573906,-0.037703039540754914
0.4955739256907863,6.091918138273605,0.018637087264080858,0.007550939825467916,2025-06-11,510,2026,-0.008852148618427425,0.01599044340736202,-0.03369474064421687
0.49598036279421753,6.855649752843543,0.01757202946818356,0.006711160294482597,2025-06-12,509,2026,-0.008039274411564934,0.014040442957282812,-0.03011899178041268
0.4958869425722244,7.511020808276737,0.016594130224936717,0.006054872624615444,2025-06-13,508,2026,-0.008226114855551248,0.011694416079433563,-0.028146645790536058
0.49500832407309747,8.074745916569746,0.016730669080758872,0.0058877434304459315,2025-06-14,507,2026,-0.009983351853805056,0.00938732403236206,-0.02935402773997217
0.4964607731883545,8.023647169848084,0.018104488201044523,0.0063914639066364265,2025-06-15,506,2026,-0.007078453623290959,0.013949462629542886,-0.028106369876124804
0.49753918320048074,7.820755191167868,0.0188073589808841,0.006725173117737209,2025-06-16,505,2026,-0.004921633599038522,0.017204185958316895,-0.02704745315639394
0.49879893268729586,7.699905103876277,0.01906274725167263,0.006869779588674223,2025-06-17,504,2026,-0.002402134625408281,0.020199440221329915,-0.025003709472146477
0.5002222364526221,7.505772619678985,0.018859712466676257,0.0068839445806793955,2025-06-18,503,2026,4.444729052441865e-4,0.0230926505756794,-0.022203704765191026
0.5027670710126367,7.163619715004037,0.018791943733988525,0.007021104579714147,2025-06-19,502,2026,0.00553414202527347,0.028633576092533013,-0.017565292041986074
0.5029949131200065,7.507586088065145,0.017436357468560246,0.006363640008677633,2025-06-20,501,2026,0.005989826240013096,0.026926201868562507,-0.014946549388536314
0.5028517857444391,7.543785033094348,0.016978984741875747,0.006181830115136136,2025-06-21,500,2026,0.005703571488878234,0.026041792567676122,-0.014634649589919654
0.502504253658745,7.6372728014506075,0.01686584734217139,0.006102938776149124,2025-06-22,499,2026,0.005008507317489919,0.025087175891020535,-0.015070161256040698
0.5014848663874207,8.122828698971151,0.017207322741634147,0.006037534940958338,2025-06-23,498,2026,0.0029697327748414715,0.022833222730594405,-0.01689375718091146
0.500050380208646,8.464385270852471,0.017065803581449997,0.005865824044459938,2025-06-24,497,2026,1.007604172920118e-4,0.01939932152356521,-0.019197800688981186
0.4980960125289651,9.241833648837265,0.016944662154761175,0.005573831565416966,2025-06-25,496,2026,-0.0038079749420697473,0.01452993090815207,-0.022145880792291565
0.49715076482089987,10.20900603450132,0.01688117280495384,0.005283368290222851,2025-06-26,495,2026,-0.005698470358200258,0.011683811316632924,-0.02308075203303344
0.49623651171265426,11.043726798632592,0.016913858524129948,0.005089614234491491,2025-06-27,494,2026,-0.00752697657469148,0.009217854256785524,-0.024271807406168484
0.4958365451935579,11.566251563393198,0.016944341867856278,0.0049822829521449586,2025-06-28,493,2026,-0.008326909612884181,0.008064801299672731,-0.024718620525441094
0.4954747713000951,12.255089023890168,0.016844574173197277,0.004811736110816231,2025-06-29,492,2026,-0.009050457399809808,0.0067801544047755916,-0.024881069204395208
0.4952402185873876,12.646103235866692,0.016800177788889623,0.004724278767349461,2025-06-30,491,2026,-0.009519562825224814,0.006023314319354912,-0.02506243996980454
0.49500527343194445,13.044350034554386,0.016755687128364595,0.004639284651685251,2025-07-01,490,2026,-0.009989453136111104,0.005273793367933374,-0.02525269964015558
0.4946269881908976,11.696096647914207,0.016143682390245828,0.004720436181762243,2025-07-02,489,2026,-0.010746023618204759,0.0047842114197930215,-0.02627625865620254
0.49424295688575104,10.395607155470005,0.015548384209083086,0.004822367836546616,2025-07-03,488,2026,-0.011514086228497922,0.004351503953740444,-0.027379676410736287
0.49380245817145924,8.916445292029152,0.01513264319355646,0.005067793585975645,2025-07-04,487,2026,-0.01239508365708153,0.004277957240778344,-0.029068124554941403
0.4937810527164445,7.329610620109633,0.014663530072994155,0.00541624227158984,2025-07-05,486,2026,-0.012437894567110974,0.0053815425064196,-0.03025733164064155
0.49364233955114745,5.926650176925063,0.014050479063182311,0.005771470568832834,2025-07-06,485,2026,-0.012715320897705107,0.006272817273754918,-0.031703459069165135
0.49337895041016344,6.486123057700066,0.013901591708350524,0.005458482685517468,2025-07-07,484,2026,-0.013242099179673117,0.004716308855679353,-0.031200507215025586
0.49312249159834926,7.0257907807526365,0.013753697790730272,0.005188859016975872,2025-07-08,483,2026,-0.01375501680330149,0.0033163293625491294,-0.03082636296915211
0.49288460944959306,7.571157445987938,0.013583294844153364,0.004936555101365139,2025-07-09,482,2026,-0.014230781100813883,0.0020104851826774246,-0.03047204738430519
0.49234173655942803,8.217586941511993,0.013312975800868317,0.004644115249875763,2025-07-10,481,2026,-0.015316526881143933,-3.7387709052672316e-5,-0.030595666053235195
0.49191909149114504,8.671084144842691,0.013214603405699035,0.004487634037406862,2025-07-11,480,2026,-0.016161817017709912,-0.0013975010346413356,-0.03092613300077849
0.49176567262179566,8.929817868188687,0.013236098456172908,0.004429336634572163,2025-07-12,479,2026,-0.016468654756408685,-0.001896137228666269,-0.0310411722841511
0.49125549975766203,9.199757410995332,0.01263160938125614,0.004164573193647205,2025-07-13,478,2026,-0.017489000484675943,-0.003787554677576639,-0.031190446291775246
0.4922699740782093,8.69082078100428,0.014083320446047216,0.004777213644830236,2025-07-14,477,2026,-0.015460051843581346,2.569810479101306e-4,-0.031177084735072823
0.4935523627255807,7.984637833706689,0.015675943869592895,0.005547612124112108,2025-07-15,476,2026,-0.012895274548838653,0.005356369339490182,-0.03114691843716749
0.4950359121041122,7.606276725140843,0.017087535341363237,0.006195742574494901,2025-07-16,475,2026,-0.009928175791775629,0.010455817278312594,-0.03031216886186385
0.49647415968389647,7.208529721646555,0.018470805876751713,0.0068795890614347845,2025-07-17,474,2026,-0.007051680632207069,0.015582167379913373,-0.02968552864432751
0.49820265169213956,6.721664693972191,0.020496431975513266,0.00790569114280016,2025-07-18,473,2026,-0.0035946966157208715,0.022415027244091654,-0.029604420475533397
0.4983311151637435,6.993491074259789,0.02039593719189108,0.007712526219083312,2025-07-19,472,2026,-0.00333776967251298,0.022036441588271116,-0.028711980933297077
0.498034309801921,7.692386635463544,0.019939266311043216,0.007189167818240739,2025-07-20,471,2026,-0.003931380396158035,0.019720981725853997,-0.027583742518170067
0.497210328168154,8.174527316284282,0.019547215421678,0.00683681100362335,2025-07-21,470,2026,-0.005579343663691949,0.016913764538228872,-0.02807245186561277
0.49619191289710285,8.829122753733353,0.0189867114921681,0.006389854567113572,2025-07-22,469,2026,-0.007616174205794302,0.01340644732000935,-0.028638795731597954
0.4952544271101094,9.491443952569886,0.018411671429437504,0.0059762268197912916,2025-07-23,468,2026,-0.009491145779781163,0.010170640457332188,-0.029152932016894513
0.4932818935354041,10.397162979250897,0.01855486424191336,0.005754404080753534,2025-07-24,467,2026,-0.013436212929191838,0.00549577649648729,-0.032368202354870965
0.49183361353978156,10.884090977809,0.01900868133926978,0.005761769875342933,2025-07-25,466,2026,-0.01633277292043689,0.0026234499694413604,-0.03528899581031514
0.49072517340194566,11.256225368639663,0.019538024890267642,0.005823502531826653,2025-07-26,465,2026,-0.018549653196108684,6.096701336010049e-4,-0.03770897652581837
0.48940059172534484,11.583101094880789,0.019853017913402316,0.005833297297244947,2025-07-27,464,2026,-0.02119881654931033,-0.002007268441374454,-0.0403903646572462
0.4874975442559348,12.15939145476992,0.020143883373507677,0.005776799285221067,2025-07-28,463,2026,-0.025004911488130444,-0.0059992418397531305,-0.044010581136507756
0.4866126178584474,12.674807566983551,0.019781133977173695,0.005556233609749141,2025-07-29,462,2026,-0.026774764283105212,-0.008494755707030538,-0.04505477285917989
0.4857061934451835,13.238805695828571,0.019429405725266836,0.005339924457847919,2025-07-30,461,2026,-0.02858761310963298,-0.011019261643313329,-0.046155964575952634
0.4841675737665386,13.896168337554892,0.019284434918115503,0.005173201373800621,2025-07-31,460,2026,-0.031664852466922855,-0.01464501994711881,-0.0486846849867269
0.48303600345587006,14.30432793011459,0.019594552240253627,0.005180857114538599,2025-08-01,459,2026,-0.03392799308825989,-0.0168829731814279,-0.05097301299509188
0.48249024495014187,14.522892933661549,0.019918564647619975,0.005226746916270061,2025-08-02,458,2026,-0.03501951009971627,-0.017823512745187765,-0.05221550745424477
0.4823880103676544,14.426177192323406,0.020030230149978186,0.0052736379181466606,2025-08-03,457,2026,-0.03522397926469123,-0.017873710513988717,-0.052574248015393746
0.4814926087997558,13.979568551463105,0.020123377613637406,0.0053821276358299456,2025-08-04,456,2026,-0.03701478240048839,-0.01930758247860787,-0.05472198232236891
0.4812304685371504,13.517135676881605,0.020033191581685126,0.005448887078721519,2025-08-05,455,2026,-0.037539062925699196,-0.0196122244367054,-0.05546590141469299
0.48103034039964426,13.196035453119904,0.01991233526058369,0.005481513133108307,2025-08-06,454,2026,-0.037939319200711474,-0.019905140992785144,-0.0559734974086378
0.480824468060795,12.910198670731138,0.019792653202814543,0.005508553255675645,2025-08-07,453,2026,-0.03835106387841003,-0.020227923667237156,-0.056474204089582904
0.4802845533710656,12.815835666946706,0.01987499176911055,0.005551795908494485,2025-08-08,452,2026,-0.03943089325786875,-0.021165484718921893,-0.057696301796815605
0.4822533668540437,10.867515658247425,0.019466687833045056,0.005905095522851382,2025-08-09,451,2026,-0.03549326629191263,-0.01606550202173158,-0.05492103056209367
0.4842161812256927,8.94518416056896,0.018745183790657094,0.006267510350454506,2025-08-10,450,2026,-0.03156763754861458,-0.010947528495619255,-0.05218774660160991
0.48586964347228984,7.126754276342567,0.01735506839901177,0.006501004058041048,2025-08-11,449,2026,-0.028260713055420328,-0.006872409704465281,-0.049649016406375375
0.48746193356363504,5.223181192048341,0.016032677063670023,0.007015174833193127,2025-08-12,448,2026,-0.025076132872729917,-0.001996207671524527,-0.048156058073935304
0.4888179705064255,3.4396990016724005,0.014465933270354846,0.007799849756587036,2025-08-13,447,2026,-0.022364058987148994,0.0032974467120223568,-0.04802556468632034
0.48838404458357926,3.8619030930279568,0.013408752538847402,0.0068231935358365175,2025-08-14,446,2026,-0.023231910832841485,-7.836040999393418e-4,-0.04568021756574363
0.487835447715462,4.1572880721989955,0.012610470552098253,0.0061848081519489066,2025-08-15,445,2026,-0.024329104569076,-0.003981085749164098,-0.0446771233889879
0.4875330435910823,4.324767702244938,0.012464732008915168,0.005993790418213537,2025-08-16,444,2026,-0.024933912817835413,-0.005214342341912877,-0.04465348329375795
0.48755830905244874,4.8814847818245575,0.011942260363582426,0.005405185032856137,2025-08-17,443,2026,-0.02488338189510253,-0.007100323137005839,-0.04266644065319922
0.4888569254291793,4.9283012337925065,0.012390586666955734,0.005581401272003229,2025-08-18,442,2026,-0.022286149141641398,-0.003923338956750774,-0.04064895932653202
0.4901477700864187,4.984826759307648,0.012807089275311358,0.0057362147526138245,2025-08-19,441,2026,-0.019704459827162624,-8.323132910631401e-4,-0.03857660636326211
0.4914942014608573,5.067135278411944,0.013262040055694459,0.005891543462185776,2025-08-20,440,2026,-0.017011597078285368,0.002371580912305833,-0.03639477506887657
0.49300759812817613,5.334882054259411,0.013494900054194575,0.005842614891437184,2025-08-21,439,2026,-0.013984803743647745,0.00523739924918059,-0.03320700673647608
0.4941864671662743,5.248104848436774,0.01403014815770037,0.006124364151431686,2025-08-22,438,2026,-0.01162706566745142,0.008522092390758827,-0.03177622372566166
0.49431697117299284,5.490116637659643,0.013762279561868047,0.005873535393525186,2025-08-23,437,2026,-0.011366057654014328,0.007957873790683533,-0.03068998909871219
0.4935851060635386,6.0952529634823165,0.013850388803096242,0.005610041807969282,2025-08-24,436,2026,-0.012829787872922771,0.005627249675296167,-0.03128682542114171
0.4928192687479999,6.883782758111522,0.013691988752711765,0.0052185873311205895,2025-08-25,435,2026,-0.014361462504000166,0.002807689815386573,-0.031530614823386906
0.4935005568382426,6.965543385857396,0.013933092732994033,0.005279223235119937,2025-08-26,434,2026,-0.012998886323514758,0.004369758120029835,-0.03036753076705935
0.49419769021562066,7.045392932117694,0.014166250547079743,0.005337062748170534,2025-08-27,433,2026,-0.01160461956875869,0.005954316872722368,-0.029163556010239747
0.494892995731815,7.135278408912256,0.014400350123282469,0.005390978375475271,2025-08-28,432,2026,-0.01021400853637,0.00752231031894364,-0.02795032739168364
0.4964627877667754,6.857884144084638,0.014278644280212019,0.0054524526440035605,2025-08-29,431,2026,-0.007074424466449236,0.01086414473232248,-0.025012993665220952
0.49806751955197986,6.402323527457669,0.014397455006022955,0.005690060993197346,2025-08-30,430,2026,-0.0038649608960402704,0.014855339771578997,-0.022585261563659538
0.49732450919901633,6.844998051924451,0.014414353787882873,0.0055094533839009216,2025-08-31,429,2026,-0.005350981601967342,0.012775120031066692,-0.023477083235001375
0.495567148260331,7.7722471101334065,0.015083328494209377,0.005410331669283879,2025-09-01,428,2026,-0.008865703479338016,0.008934287712605946,-0.026665694671281978
0.4932869641166437,9.063459958348218,0.015596968752118717,0.005180756634850503,2025-09-02,427,2026,-0.013426071766712622,0.003618617561945533,-0.030470761095370776
0.4910835123109031,8.823242653914694,0.015519587326259316,0.005224756529050175,2025-09-03,426,2026,-0.017832975378193838,-6.435263976187627e-4,-0.035022424358768914
0.4889153140063006,8.610640300224919,0.015459855365108468,0.005268508715548846,2025-09-04,425,2026,-0.022169371987398767,-0.004835978313243065,-0.03950276566155447
0.48752101134997866,8.051963252637794,0.015316282390336822,0.005397622069276848,2025-09-05,424,2026,-0.024957977300042677,-0.007199800692121849,-0.0427161539079635
0.4871697212734533,7.034469406237268,0.014529402441585381,0.005478126801812198,2025-09-06,423,2026,-0.02566055745309337,-0.007637520275131236,-0.043683594631055506
0.4878583828088411,5.445823557156646,0.013437572301886023,0.005758230305787144,2025-09-07,422,2026,-0.02428323438231783,-0.005338656676278124,-0.043227812088357534
0.4882301799370986,5.51923508000241,0.013008358666782523,0.005537108793469611,2025-09-08,421,2026,-0.023539640125802785,-0.005322552195287766,-0.041756728056317804
0.4885800394091286,5.580872075631167,0.012580897212400109,0.005325502344817885,2025-09-09,420,2026,-0.022839921181742828,-0.005319018467291985,-0.04036082389619367
0.48890555499955907,5.767223729128031,0.012049107816736912,0.0050173164185724544,2025-09-10,419,2026,-0.022188890000881867,-0.00568191898377849,-0.03869586101798524
0.4888919409553583,6.106104040029286,0.01172116907231207,0.004743389966047932,2025-09-11,418,2026,-0.022216118089283365,-0.006610365100985668,-0.03782187107758106
0.4882001466672483,6.712516162625179,0.01208368632959842,0.004663980984004567,2025-09-12,417,2026,-0.023599706665503373,-0.008255209228128347,-0.038944204102878396
0.4882860866883048,6.8101378343783745,0.012096702893624914,0.004635419710587137,2025-09-13,416,2026,-0.02342782662339038,-0.0081772957755587,-0.03867835747122206
0.4883950508953515,7.043498759532566,0.01200286110758577,0.004522624795190876,2025-09-14,415,2026,-0.023209898209296975,-0.008330462633118993,-0.03808933378547496
0.4884716266606211,7.320338219793347,0.011880386175175844,0.0043910156418971525,2025-09-15,414,2026,-0.02305674667875779,-0.008610305216916157,-0.03750318814059942
0.48886731750050805,7.419836905563363,0.011582215660993475,0.0042520118640806525,2025-09-16,413,2026,-0.022265364998983905,-0.00827624596615856,-0.03625448403180925
0.4894078959525414,7.456648082505923,0.011113355832818412,0.0040698030838183154,2025-09-17,412,2026,-0.021184208094917167,-0.007794555949154909,-0.034573860240679426
0.48892068306546305,8.064011699673186,0.011200778596150332,0.003944324508188401,2025-09-18,411,2026,-0.022158633869073907,-0.009181806237134068,-0.035135461501013744
0.4884268001215731,8.522305534691974,0.011377093210439093,0.003897200648453702,2025-09-19,410,2026,-0.02314639975685384,-0.010324609623441162,-0.035968189890266525
0.4879677994879975,8.76734707537585,0.011672830899045358,0.00394223123267298,2025-09-20,409,2026,-0.024064401024004978,-0.011094460268510874,-0.03703434177949908
0.4885706985908289,9.312666705473372,0.012675145635940575,0.004153516384456386,2025-09-21,408,2026,-0.022858602818342177,-0.009193533913480666,-0.036523671723203685
0.49112459256579405,8.983580422028652,0.014950554884409679,0.004988070483792525,2025-09-22,407,2026,-0.0177508148684119,-0.0013400629767344949,-0.03416156676008931
0.49413783782393195,8.435609679511948,0.01696774828099722,0.005842059481821993,2025-09-23,406,2026,-0.011724324352136106,0.007496051343058252,-0.030944700047330465
0.497165013816458,8.055042180335992,0.018758998889040257,0.0066096086836462484,2025-09-24,405,2026,-0.0056699723670839974,0.01607564020211216,-0.027415584936280154
0.500160944960377,7.692156507200655,0.02056160312534313,0.007413664292090422,2025-09-25,404,2026,3.218899207539927e-4,0.024712845441731482,-0.024069065600223497
0.5020626196766436,7.03728057321889,0.02161932535848016,0.008149664009284453,2025-09-26,403,2026,0.0041252393532871245,0.030937633943832973,-0.022687155237258724
0.5017914138939321,7.439045625905728,0.021262078611200764,0.007795556226987865,2025-09-27,402,2026,0.003582827787864229,0.029230207774654304,-0.022064552198925846
0.5014975199494548,8.04235950142231,0.020704205670821325,0.007300739153309354,2025-09-28,401,2026,0.0029950398989095905,0.027014471713297364,-0.021024391915478183
0.5003621045237288,8.844641311139696,0.020345091605230223,0.006840999160093951,2025-09-29,400,2026,7.242090474575136e-4,0.02323109628416661,-0.021782678189251583
0.4992946475486697,9.631094935971456,0.019981410362171992,0.006438553476879118,2025-09-30,399,2026,-0.0014107049026605978,0.0197721360362717,-0.022593545841592896
0.49832390182348757,10.361834891921587,0.019613944862370468,0.0060932165943355255,2025-10-01,398,2026,-0.003352196353024861,0.01669448624233902,-0.02339887894838874
0.4975782272451094,10.916353039800182,0.019392777587542622,0.005869501668130471,2025-10-02,397,2026,-0.004843545509781166,0.014467114978368084,-0.024154205997930417
0.496975438631945,11.171349088684545,0.019413004948608596,0.005808178484378884,2025-10-03,396,2026,-0.006049122736110024,0.013059784477496506,-0.025158029949716554
0.4971941405242695,11.045745392734311,0.019467006568349005,0.005857356549078446,2025-10-04,395,2026,-0.005611718951460953,0.013658984095007133,-0.02488242199792904
0.4969335205527747,11.006423582100345,0.019077838844134713,0.005750506048052433,2025-10-05,394,2026,-0.006132958894450646,0.012786206003641859,-0.02505212379254315
0.49554425797716034,11.4220778773242,0.018675789223158833,0.005525943056893632,2025-10-06,393,2026,-0.008911484045679319,0.009268868611500732,-0.02709183670285937
0.49410073978949337,11.905513765501873,0.01813773734224268,0.005256649710339457,2025-10-07,392,2026,-0.011798520421013259,0.005495857126003555,-0.029092897968030072
0.4934621338008099,10.791810859549043,0.017055775264238023,0.005191875890700943,2025-10-08,391,2026,-0.013075732398380224,0.004005539282025877,-0.030157004078786326
0.49282426320972017,9.70061439095793,0.015978790137325997,0.0051303178433284476,2025-10-09,390,2026,-0.01435147358055966,0.0025272721239909327,-0.03123021928511025
0.4926301072348521,8.555562952831098,0.015356999122538425,0.005250275148346809,2025-10-10,389,2026,-0.014739785530295757,0.0025336197077652466,-0.032013190768356764
0.4935010149376498,6.982790308211999,0.014802577801967694,0.00560173876979489,2025-10-11,388,2026,-0.012997970124700386,0.005431750427924802,-0.03142769067732558
0.4941989387904215,5.657625600316567,0.01415840187261793,0.0059524688740848816,2025-10-12,387,2026,-0.011602122419157035,0.007981500176582227,-0.031185745014896297
0.4938033754470448,6.245110142796776,0.013968536689599804,0.005589601692019246,2025-10-13,386,2026,-0.012393249105910442,0.005996540460832877,-0.03078303867265376
0.4933974863136724,7.0177184188506025,0.013638119112663315,0.005148213035761754,2025-10-14,385,2026,-0.013205027372655165,0.0037325935150010064,-0.030142648260311336
0.4923982101692926,7.960523728581326,0.013840006033337736,0.0049052987075901035,2025-10-15,384,2026,-0.015203579661414834,9.34853086556605e-4,-0.03134201240938628
0.4913044703483499,9.204497982823774,0.013979157179995408,0.004607665407592099,2025-10-16,383,2026,-0.017391059303300205,-0.0022318401123221972,-0.03255027849427821
0.49045604217788763,10.132105552002086,0.01434581261203163,0.004506872800682034,2025-10-17,382,2026,-0.01908791564422474,-0.0042603041299808485,-0.03391552715846863
0.4898664014431687,10.837981355586978,0.014747490757588145,0.004479648447260093,2025-10-18,381,2026,-0.02026719711366265,-0.0055291537221769434,-0.035005240505148354
0.48912840571828486,11.616735995024465,0.01497099264294591,0.004392467301051012,2025-10-19,380,2026,-0.02174318856343027,-0.0072919711429724424,-0.0361944059838881
0.48811380920949987,11.188216945294501,0.014628040937116052,0.004373264326870684,2025-10-20,379,2026,-0.023772381581000257,-0.009384341945595707,-0.03816042121640481
0.48716175260572997,10.45585895155389,0.014278350056184684,0.0044156858380284495,2025-10-21,378,2026,-0.02567649478854006,-0.011148888381426462,-0.04020410119565366
0.4861949872336317,9.741296717618013,0.013925434558936488,0.004461700053968966,2025-10-22,377,2026,-0.027610025532736615,-0.012931032355178717,-0.042289018710294515
0.48534668183389007,9.252130729568968,0.013510506897861714,0.004441715760729152,2025-10-23,376,2026,-0.02930663633221986,-0.01469339147942095,-0.04391988118501877
0.4846359575123352,8.49370266845688,0.01339603615769744,0.004596505499964805,2025-10-24,375,2026,-0.03072808497532964,-0.015605581880445432,-0.045850588070213846
0.48479717824911056,8.753001371791273,0.013304018830216936,0.004496808079981848,2025-10-25,374,2026,-0.03040564350177888,-0.015611144918638598,-0.04520014208491916
0.4852801609657174,9.759101241787,0.012929220340042616,0.004138733144594126,2025-10-26,373,2026,-0.029439678068565178,-0.015823246022850505,-0.04305611011427985
0.48672820416325147,10.094827185474788,0.013376894550560008,0.004210230366132382,2025-10-27,372,2026,-0.02654359167349707,-0.012691933768921533,-0.040395249578072605
0.4875926516177556,10.806895886184613,0.01401569016158334,0.004263477785188924,2025-10-28,371,2026,-0.024814696764488775,-0.010787854851217214,-0.038841538677760336
0.48907191290389823,10.792346277673332,0.014307113676824466,0.004355059492903007,2025-10-29,370,2026,-0.021856174192203537,-0.007528028460552644,-0.03618431992385443
0.4905076877834521,11.157633343318368,0.014728467007122166,0.0044093188334601175,2025-10-30,369,2026,-0.018984624433095787,-0.004477965471012001,-0.03349128339517957
0.4916365091997966,10.836593303808781,0.01545073591048447,0.004693564410681048,2025-10-31,368,2026,-0.016726981600406754,-0.0012851546892661062,-0.0321688085115474
0.4917677443250166,11.206085589558542,0.015348254603264897,0.0045849227973124565,2025-11-01,367,2026,-0.01646451134996685,-0.0013801153468088658,-0.03154890735312483
0.4921994018193494,11.385041820914083,0.014991665803582325,0.004443064082837534,2025-11-02,366,2026,-0.015601196361301195,-9.83515528765709e-4,-0.03021887719383668
0.4918775990992182,12.508949723764808,0.014921092213728329,0.004218812176907382,2025-11-03,365,2026,-0.016244801801563624,-0.0023649097395383387,-0.03012469386358891
0.4914206928810982,13.428109607460641,0.014680038663457904,0.004006081317998597,2025-11-04,364,2026,-0.017158614237803627,-0.003978606701588243,-0.03033862177401901
0.4910015118946401,14.292215955759858,0.014447386398911272,0.0038215496236454266,2025-11-05,363,2026,-0.01799697621071983,-0.005424077948926374,-0.030569874472513282
0.4890397909203153,13.358976397455171,0.014754512631655356,0.004036809704929954,2025-11-06,362,2026,-0.021920418159369404,-0.008639314230149853,-0.035201522088588955
0.48716870153728387,12.022800524208563,0.015185207245655408,0.004379433162764172,2025-11-07,361,2026,-0.02566259692543227,-0.011254261819938141,-0.0400709320309264
0.4854901811600458,10.51204494168227,0.01568336333510851,0.004837217321563703,2025-11-08,360,2026,-0.02901963767990845,-0.013105192691963866,-0.04493408266785304
0.4839154308945114,9.215756650776367,0.01603279968640549,0.005281336839843273,2025-11-09,359,2026,-0.03216913821097722,-0.014793540007892854,-0.04954473641406159
0.4816045505188998,8.56062159184512,0.016478716660591027,0.005632104915917096,2025-11-10,358,2026,-0.03679089896220045,-0.018261273788833198,-0.05532052413556769
0.4809658332307398,9.827414149664092,0.016356778352208345,0.005217688398464745,2025-11-11,357,2026,-0.03806833353852035,-0.020902138707571336,-0.05523452836946936
0.48033440179830866,11.700668595613596,0.016048366670325418,0.004691648844952327,2025-11-12,356,2026,-0.03933119640338267,-0.023895671703489517,-0.05476672110327583
0.47879644595197846,13.670893771540616,0.01688276272635445,0.00456609625688884,2025-11-13,355,2026,-0.04240710809604309,-0.027384651410878806,-0.05742956478120737
0.4769979909129558,15.569780784736237,0.017795978682651366,0.004510042431858675,2025-11-14,354,2026,-0.04600401817408839,-0.03116597857327335,-0.06084205777490343
0.475978508420788,16.880579337572108,0.0185993874525046,0.004526942391120219,2025-11-15,353,2026,-0.048042983158424035,-0.033149342691638516,-0.06293662362520955
0.4754335331984826,18.246630731724856,0.019320724879364475,0.004523057145970346,2025-11-16,352,2026,-0.049132933603034834,-0.0342520755927924,-0.06401379161327728
0.47509977037006246,17.26999041678638,0.019463673123322152,0.004683588749118666,2025-11-17,351,2026,-0.049800459259875085,-0.034391452275274674,-0.0652094662444755
0.4756150117902998,16.13739667826954,0.01849006074908172,0.004602794661461172,2025-11-18,350,2026,-0.048769976419400396,-0.03362678198319314,-0.06391317085560765
0.4764730412446375,14.727835097068482,0.017640282473679967,0.0045965932902316585,2025-11-19,349,2026,-0.04705391751072496,-0.03193112558586281,-0.06217670943558712
0.4773684316146756,12.389170181824046,0.016343419179344225,0.004643247252475834,2025-11-20,348,2026,-0.04526313677064875,-0.029986853310003253,-0.060539420231294244
0.47767247893790643,9.881008676679057,0.015184847038816847,0.004830696816115202,2025-11-21,347,2026,-0.04465504212418714,-0.028762049599168123,-0.060548034649206155
0.4777859217129974,9.173871482469668,0.014812765844386374,0.00489057396786247,2025-11-22,346,2026,-0.04442815657400523,-0.0283381682197377,-0.06051814492827276
0.4782212124348587,8.862630809844022,0.014335413848432349,0.004815361608619835,2025-11-23,345,2026,-0.04355757513028258,-0.02771503543792332,-0.059400114822641834
0.4791292674745318,8.528900561185077,0.013703979966549632,0.004692455789783038,2025-11-24,344,2026,-0.041741465050936455,-0.02630328550255026,-0.05717964459932265
0.4796717752572843,9.257164877435464,0.013661585442657687,0.0044901629619038645,2025-11-25,343,2026,-0.040656449485431345,-0.02588381334076763,-0.05542908563009506
0.4802276973952219,9.975258533528212,0.013584555942788377,0.004301137896273023,2025-11-26,342,2026,-0.03954460520955616,-0.025393861530817914,-0.05369534888829441
0.48076560499091014,10.65230815167622,0.013495831211650974,0.004135021551173178,2025-11-27,341,2026,-0.03846879001817971,-0.024864569114819955,-0.052073010921539466
0.480905594912266,10.876134500178402,0.013472147979376252,0.004085070534876216,2025-11-28,340,2026,-0.038188810175468046,-0.024748928115725294,-0.0516286922352108
0.4805317257596406,11.060237385130323,0.01357011446933032,0.004080386358537878,2025-11-29,339,2026,-0.03893654848071881,-0.025512077361129194,-0.05236101960030844
0.48048463860678675,11.458254022107917,0.01336928574223059,0.003949562425696246,2025-11-30,338,2026,-0.0390307227864265,-0.026036662405885848,-0.052024783166967146
0.48073798658739475,10.667121726983376,0.012942767564094775,0.003962812519271157,2025-12-01,337,2026,-0.0385240268252105,-0.025486373636808394,-0.05156168001361261
0.4809909839758381,9.911228038857999,0.012522573271569845,0.003977680050722729,2025-12-02,336,2026,-0.03801803204832377,-0.02493146468144599,-0.05110459941520155
0.48131491640258217,9.259704532396272,0.01213641776740431,0.003988337969674199,2025-12-03,335,2026,-0.03737016719483566,-0.02424853527460754,-0.050491799115063775
0.48237612411330494,8.851757132921103,0.012728820635426297,0.004278321548308654,2025-12-04,334,2026,-0.035247751773390124,-0.02117207387945465,-0.0493234296673256
0.4831910581976781,8.28161998191698,0.013324828309934497,0.004630245014219481,2025-12-05,333,2026,-0.033617883604643795,-0.0183843775078617,-0.048851389701425885
0.48372938742615385,8.826740513175022,0.014135503563387242,0.004757853929658573,2025-12-06,332,2026,-0.03254122514769231,-0.016887885719115606,-0.048194564576269014
0.4838734247655559,8.65902742150407,0.014300796002313309,0.004859881211683217,2025-12-07,331,2026,-0.032253150468888214,-0.01626414128245043,-0.048242159655325995
0.48384429861940653,8.979151390738465,0.014442093495225931,0.004819616752079436,2025-12-08,330,2026,-0.032311402761186936,-0.01645486364684559,-0.04816794187552828
0.483132182279568,9.089229754806958,0.01362209560651703,0.004518355348840708,2025-12-09,329,2026,-0.033735635440864,-0.01887024634317807,-0.048601024538549926
0.4828270030267079,9.14499287266578,0.01303638841425038,0.004310876746127197,2025-12-10,328,2026,-0.03434599394658422,-0.020163209451825738,-0.0485287784413427
0.48211970611168153,9.032526929298458,0.01234709567917891,0.0041082813787441455,2025-12-11,327,2026,-0.03576058777663693,-0.022244342040568695,-0.04927683351270517
0.48184026146980885,9.797392421641096,0.012194614456272117,0.0038959450475515543,2025-12-12,326,2026,-0.0363194770603823,-0.023501817853937686,-0.04913713626682691
0.48180441323234535,10.041022997733025,0.011953760690857905,0.003772381238795099,2025-12-13,325,2026,-0.036391173535309296,-0.02398003925967342,-0.048802307810945175
0.4818576731067617,10.451078789968651,0.011682809782458108,0.0036138218941078027,2025-12-14,324,2026,-0.036284653786476606,-0.024395179754861933,-0.04817412781809128
0.48162215180850104,10.907795234710493,0.010987005682869384,0.0033266787255555002,2025-12-15,323,2026,-0.036755696382997916,-0.025810923375920322,-0.04770046939007551
0.481680077984924,11.581226709862245,0.01028245547165721,0.0030214788307854133,2025-12-16,322,2026,-0.03663984403015197,-0.02669917867686796,-0.046580509383435977
0.48163091211853437,12.10545720506704,0.009904718046925403,0.0028467643519229716,2025-12-17,321,2026,-0.03673817576293126,-0.027372321045104682,-0.046104030480757834
0.48153202921379035,12.649965943606428,0.009624887692721153,0.002706144559966989,2025-12-18,320,2026,-0.036935941572419306,-0.02803272597012791,-0.0458391571747107
0.481849223236504,12.658112830555181,0.009508343446246658,0.002672516400388495,2025-12-19,319,2026,-0.03630155352699205,-0.0275089745697139,-0.045094132484270195
0.48223130427460037,12.438587278508944,0.009751405847670492,0.002764914480218423,2025-12-20,318,2026,-0.03553739145079926,-0.02644082281088065,-0.04463396009071787
0.48262502562187265,12.591450315193054,0.010027294414322749,0.0028258290700073196,2025-12-21,317,2026,-0.0347499487562547,-0.025452971115930617,-0.044046926396578784
0.48305662407281696,12.84402456597806,0.009997027208256317,0.002789461105955027,2025-12-22,316,2026,-0.03388675185436607,-0.024709424815774032,-0.04306407889295811
0.48347657847251574,13.073638736542815,0.009973793395409868,0.0027584310178427915,2025-12-23,315,2026,-0.03304684305496852,-0.023971605006265738,-0.042122081103671306
0.4833855281838456,13.617144040119417,0.009806776261262539,0.002657561058634169,2025-12-24,314,2026,-0.03322894363230877,-0.024485567749402356,-0.041972319515215184
0.48329032232293423,14.182122327975483,0.009635007590669636,0.0025584765903775546,2025-12-25,313,2026,-0.03341935535413154,-0.025001967371789384,-0.0418367433364737
0.48325278477180234,14.37110749526036,0.00956598537482538,0.002523391254760259,2025-12-26,312,2026,-0.03349443045639533,-0.025192473228234077,-0.04179638768455658
0.4832638769491153,14.407744581156656,0.009573488987167403,0.002522157722916555,2025-12-27,311,2026,-0.033472246101769354,-0.025174347193373886,-0.04177014501016482
0.4832689311029852,12.654177772514565,0.009393996057991787,0.0026407872099604678,2025-12-28,310,2026,-0.03346213779402962,-0.024773947873259684,-0.04215032771479956
0.4831243455266578,11.152246639018601,0.009209390764119257,0.002757717138496685,2025-12-29,309,2026,-0.03375130894668443,-0.02467841956103034,-0.042824198332338526
0.48298825127728995,9.69506555268422,0.009027724680246887,0.0028993652600790482,2025-12-30,308,2026,-0.0340234974454201,-0.024484585739760034,-0.04356240915108017
0.48285229991706086,8.207735695224521,0.008855425251527656,0.0030909909968628744,2025-12-31,307,2026,-0.03429540016587829,-0.02412603978619943,-0.04446476054555715
0.4815352911683269,6.95427043858211,0.010895361793876875,0.004131577163841558,2026-01-01,306,2026,-0.03692941766334623,-0.023336528794307504,-0.05052230653238496
0.4802895173561475,7.528424353733988,0.01304573176557801,0.00475462641969546,2026-01-02,305,2026,-0.039420965287705,-0.023778244366906936,-0.05506368620850306
0.47917999510423864,7.9131856181619185,0.015101978037754505,0.005368564284773392,2026-01-03,304,2026,-0.041640009791522714,-0.023977433294618256,-0.059302586288427175
0.4786108149381388,8.612805666480426,0.016824627650365902,0.005732883777528175,2026-01-04,303,2026,-0.04277837012372243,-0.023917182495654735,-0.06163955775179013
0.4776545656313111,9.503170728130769,0.01844737640139734,0.005984120682629422,2026-01-05,302,2026,-0.04469086873737782,-0.02500311169152702,-0.06437862578322862
0.47789894834431246,10.046516308278395,0.01790106548967039,0.005647693696009678,2026-01-06,301,2026,-0.044202103311375085,-0.025621191051503244,-0.06278301557124692
0.4780980214572592,10.521243515614739,0.017404097200405214,0.005365595929499674,2026-01-07,300,2026,-0.04380395708548157,-0.026151146477427643,-0.0614567676935355
0.47884106207243854,9.651948019716261,0.01635222073333783,0.005263434874729989,2026-01-08,299,2026,-0.04231787585512292,-0.025001175117261257,-0.05963457659298459
0.4790332526388611,8.441493948740183,0.015629096131119808,0.005379280682590414,2026-01-09,298,2026,-0.04193349472227781,-0.024235661276555347,-0.05963132816800027
0.47961136833532175,7.0886203743309855,0.014993957155796624,0.005631646759444277,2026-01-10,297,2026,-0.040777263329356495,-0.022249145490784824,-0.05930538116792816
0.48034349651941427,5.994759638355894,0.014238391301893501,0.00581533900265508,2026-01-11,296,2026,-0.03931300696117146,-0.020180541642436246,-0.05844547227990667
0.48057646455913333,5.776922022805996,0.013097554469873056,0.0054493155938085056,2026-01-12,295,2026,-0.03884707088173334,-0.020918822578103353,-0.05677531918536332
0.4803856637154498,7.1386479483980265,0.012534996733464586,0.004691548850703493,2026-01-13,294,2026,-0.03922867256910045,-0.02379347685028596,-0.054663868287914946
0.48018632360529107,8.479175477872186,0.0119728632849938,0.00411169803017043,2026-01-14,293,2026,-0.03962735278941787,-0.026099866270157153,-0.053154839308678585
0.47998542570281955,9.772559987242092,0.011430383685307091,0.0036564247180604498,2026-01-15,292,2026,-0.04002914859436091,-0.02799951127194203,-0.05205878591677979
0.47954906396718194,10.811613920448776,0.010938364063363206,0.003326649991173068,2026-01-16,291,2026,-0.04090187206563611,-0.029957193594676718,-0.05184655053659551
0.4794247100680524,11.1870331698204,0.010809062698932082,0.0032316965389321767,2026-01-17,290,2026,-0.041150579863895254,-0.030518298250808394,-0.05178286147698211
0.4797047936210113,11.54408702531771,0.010799361312606573,0.0031784711624143636,2026-01-18,289,2026,-0.04059041275797737,-0.03013324263363411,-0.05104758288232063
0.4786875741832525,10.520636566636272,0.01101324562790839,0.003395426362610008,2026-01-19,288,2026,-0.04262485163349505,-0.03145389890050813,-0.05379580436648198
0.4773636045678912,9.802805554763442,0.011270044551447944,0.0035995684678763545,2026-01-20,287,2026,-0.04527279086421765,-0.03343021060490444,-0.05711537112353086
0.4761209393833928,9.212368364791015,0.011556123823982786,0.0038073827595820602,2026-01-21,286,2026,-0.047758121233214434,-0.035231831954189455,-0.060284410512239414
0.4738574945438094,8.480505352366222,0.012274368847235614,0.004214909978806069,2026-01-22,285,2026,-0.05228501091238125,-0.03841795708210928,-0.06615206474265321
0.4710958116317663,7.534547741864168,0.012964698940887958,0.004723172875594433,2026-01-23,284,2026,-0.05780837673646744,-0.042269137975761754,-0.07334761549717313
0.4703502144747606,7.610652456107712,0.013230957439317102,0.004796012732019056,2026-01-24,283,2026,-0.05929957105047878,-0.043520689162136084,-0.07507845293882148
0.4703571933273643,7.850440107057823,0.01348442693730278,0.004812663446632714,2026-01-25,282,2026,-0.05928561334527138,-0.04345195060584975,-0.07511927608469302
0.4704223496546984,8.355552205148594,0.01311926668615793,0.004538600764106045,2026-01-26,281,2026,-0.05915530069060315,-0.04422330417669426,-0.07408729720451204
0.47211680735170286,9.090017700231659,0.012483907684892302,0.004140646777165139,2026-01-27,280,2026,-0.05576638529659428,-0.04214365739972097,-0.06938911319346759
0.47360412959719284,9.984493648365133,0.011681718511275436,0.0036969511713132197,2026-01-28,279,2026,-0.05279174080561433,-0.04062877145199384,-0.06495471015923482
0.47445707256930186,11.546634452467073,0.011041356317225075,0.0032493367076856703,2026-01-29,278,2026,-0.051085854861396274,-0.04039553709311042,-0.06177617262968213
0.47475495787757666,12.844907849747754,0.01039903451167491,0.0029015330584693344,2026-01-30,277,2026,-0.05049008424484669,-0.04094404048248258,-0.060036128007210796
0.474987420076644,13.862286563784327,0.010346881211215846,0.002779022269170157,2026-01-31,276,2026,-0.050025159846711964,-0.04088217658114215,-0.05916814311228178
0.4748326055836891,14.960083148742703,0.010150065221804158,0.0026242295966036238,2026-02-01,275,2026,-0.05033478883262177,-0.041701073459795845,-0.05896850420544769
0.47486067558532924,16.081696630981533,0.010068641784458635,0.0025107585915482046,2026-02-02,274,2026,-0.05027864882934152,-0.04201825306314793,-0.05853904459553511
0.4748085786608218,16.87952792259486,0.010030966591020849,0.0024415332088989074,2026-02-03,273,2026,-0.050382842678356354,-0.04235019842107895,-0.05841548693563376
0.47518541117115326,16.10161480743228,0.009829846133464522,0.0024496949301726295,2026-02-04,272,2026,-0.04962917765769348,-0.04156968133742553,-0.05768867397796143
0.4753453142857501,15.080460352525145,0.009508372545307581,0.0024484931298496774,2026-02-05,271,2026,-0.04930937142849978,-0.04125382903129434,-0.05736491382570522
0.4754531827061095,13.786807291496645,0.009224378532463948,0.002484307004262551,2026-02-06,270,2026,-0.04909363458778104,-0.04092026454375725,-0.057267004631804834
0.47553037473688664,12.30845017215252,0.008995742300326284,0.002564102132353131,2026-02-07,269,2026,-0.04893925052622672,-0.04050335451078492,-0.05737514654166852
0.4757069770685401,11.042406294945122,0.008794378632336366,0.0026465085322640585,2026-02-08,268,2026,-0.04858604586291981,-0.03987903279177106,-0.057293058934068566
0.4754232587953031,11.613973633734918,0.008705623176216561,0.0025545208213288368,2026-02-09,267,2026,-0.04915348240939377,-0.040749108907221894,-0.05755785591156564
0.47452267052630903,11.472126072966384,0.008988027709075077,0.002653642701686924,2026-02-10,266,2026,-0.05095465894738194,-0.042224174458831955,-0.05968514343593192
0.4736520996347423,11.321426037014175,0.00925983395666859,0.002752026631948049,2026-02-11,265,2026,-0.052695800730515385,-0.04364163311140631,-0.061749968349624464
0.47288576354816403,11.038621031749022,0.010039459434772635,0.0030217109430671673,2026-02-12,264,2026,-0.05422847290367194,-0.04428704390098096,-0.06416990190636293
0.472046407609969,10.628288452546466,0.01076830445230312,0.0033030538912821226,2026-02-13,263,2026,-0.05590718478006196,-0.045040137477743776,-0.06677423208238015
0.47136858396415576,9.835873567841556,0.011487558964140596,0.0036628681403916793,2026-02-14,262,2026,-0.057262832071688474,-0.04521199588979985,-0.0693136682535771
0.4715199158820144,10.04690405341271,0.011961332006974024,0.00377366564167825,2026-02-15,261,2026,-0.056960168235971165,-0.044544808274849725,-0.06937552819709261
0.4713374871206243,10.998784720398517,0.013038645801434007,0.003931516809979702,2026-02-16,260,2026,-0.057325025758751424,-0.044390335453918205,-0.07025971606358464
0.47125519480773015,12.249914769755923,0.013602349305270092,0.0038863990357634777,2026-02-17,259,2026,-0.0574896103845397,-0.04470335755687786,-0.07027586321220154
0.47008363518287294,12.600077463989566,0.014243753539617402,0.004012710634179523,2026-02-18,258,2026,-0.05983272963425412,-0.04663091164780349,-0.07303454762070476
0.4689683354516213,12.924415779324187,0.0148898676815967,0.004141764277269253,2026-02-19,257,2026,-0.06206332909675738,-0.048436924624541536,-0.07568973356897322
0.4676652240614175,13.450687773040714,0.015586722012657223,0.004249937507212884,2026-02-20,256,2026,-0.06466955187716505,-0.050687257478434666,-0.07865184627589544
0.46671625689907686,13.21738447427283,0.015674243202724925,0.004311355347511579,2026-02-21,255,2026,-0.06656748620184627,-0.05238312710853318,-0.08075184529515936
0.4654870766488532,12.245257899656316,0.015448121296926881,0.0044146034937801865,2026-02-22,254,2026,-0.06902584670229361,-0.0545018012077568,-0.08354989219683043
0.46605414298469333,12.436081700237205,0.01507355186957778,0.004274386765207659,2026-02-23,253,2026,-0.06789171403061334,-0.05382898157308014,-0.08195444648814654
0.4665027262615341,12.556875538005567,0.014704584171612559,0.004149654633686819,2026-02-24,252,2026,-0.06699454747693179,-0.05334218373210215,-0.08064691122176142
0.46712121936918105,12.342055965763121,0.014335274265961196,0.00408048936868556,2026-02-25,251,2026,-0.0657575612616379,-0.052332751238662406,-0.07918237128461339
0.46795437530524764,12.488103230237861,0.014238848603597977,0.004029272431051604,2026-02-26,250,2026,-0.06409124938950472,-0.050834943091344946,-0.0773475556876645
0.4691681213790231,13.553696189446665,0.014520644924118925,0.003944182777529707,2026-02-27,249,2026,-0.06166375724195383,-0.048687395903881096,-0.07464011858002657
0.46824897413515953,12.97352446764726,0.015141377136821,0.004203745246651331,2026-02-28,248,2026,-0.06350205172968093,-0.04967172986819805,-0.07733237359116381
0.4674082965804609,12.493781455382825,0.015750962970390855,0.004456153660137824,2026-03-01,247,2026,-0.0651834068390782,-0.050522661297224755,-0.07984415238093164
0.4667529030594401,12.337354604379914,0.016261856511154138,0.004629766636115423,2026-03-02,246,2026,-0.06649419388111977,-0.05126226164830003,-0.0817261261139395
0.46618528847213697,11.457650694074864,0.01609704795452897,0.00475552477859536,2026-03-03,245,2026,-0.06762942305572606,-0.05198374653414732,-0.08327509957730479
0.46591552221940546,10.375606209804912,0.01595333780751075,0.004952731918823534,2026-03-04,244,2026,-0.06816895556118907,-0.05187446754825964,-0.0844634435741185
0.46725302246435874,10.810875630539618,0.015664968378695857,0.004764299851679414,2026-03-05,243,2026,-0.06549395507128253,-0.049819408559257254,-0.0811685015833078
0.4685204867338302,11.190489289951246,0.01539455602026001,0.004601957784322265,2026-03-06,242,2026,-0.06295902653233965,-0.04781858542191939,-0.0780994676427599
0.46963883336938117,11.444785688157491,0.015163682464203602,0.004482299264246487,2026-03-07,241,2026,-0.06072233326123766,-0.04597556868186672,-0.0754690978406086
0.4704881284602071,12.23364977675716,0.015266328246321603,0.004364721866519353,2026-03-08,240,2026,-0.0590237430795858,-0.04466380813873713,-0.07338367802043447
0.47111609348572536,12.624961617255746,0.015011325027450454,0.004224778995113125,2026-03-09,239,2026,-0.057767813028549275,-0.04386829013462709,-0.07166733592247146
0.4714795605416141,13.017953712798873,0.014597585583610071,0.004045848988098694,2026-03-10,238,2026,-0.05704087891677179,-0.043730035745927084,-0.07035172208761649
0.471863798718355,13.41350041347186,0.014195558107967295,0.0038759789366573684,2026-03-11,237,2026,-0.056272402563290025,-0.04352043186168728,-0.06902437326489277
0.47213283098848347,13.920998028800462,0.013762906093646146,0.0036887138013425845,2026-03-12,236,2026,-0.05573433802303307,-0.04359846961661597,-0.06787020642945017
0.47234070147602797,14.145412987068973,0.013425263727824188,0.003569562660507938,2026-03-13,235,2026,-0.05531859704794406,-0.04357473589487294,-0.06706245820101518
0.4721409817828463,14.569923179748816,0.013336205052841053,0.003493844994424578,2026-03-14,234,2026,-0.055718036434307394,-0.04422328640265053,-0.06721278646596426
0.47179419397015504,15.109116684299373,0.013647802757908365,0.003511100007308885,2026-03-15,233,2026,-0.05641161205968992,-0.044860093035643686,-0.06796313108373615
0.47169181124437165,14.5102276747204,0.01352879806513591,0.003551584083294696,2026-03-16,232,2026,-0.0566163775112567,-0.04493166587721715,-0.06830108914529624
0.47067049387914606,13.387035925494656,0.013706706804514952,0.0037461995606998476,2026-03-17,231,2026,-0.058659012241707886,-0.04633401568700539,-0.07098400879641038
0.47087657489210943,12.38869859610306,0.014273950418573825,0.004055377995043151,2026-03-18,230,2026,-0.05824685021578113,-0.044904656612089165,-0.07158904381947309
0.47117387528124727,11.603850502159542,0.014788445382197073,0.004341316603618242,2026-03-19,229,2026,-0.057652249437505465,-0.04336931781160145,-0.07193518106340949
0.47181704959945175,10.589919354219392,0.014977039912016071,0.004602350189291484,2026-03-20,228,2026,-0.05636590080109649,-0.04122416867832751,-0.07150763292386547
0.4722214169261512,10.740178954932567,0.015571044733034407,0.004751294973979406,2026-03-21,227,2026,-0.05555716614769757,-0.03992540568330532,-0.07118892661208981
0.47363323198209817,11.191644546955409,0.015917646812455954,0.004758081865305174,2026-03-22,226,2026,-0.05273353603580366,-0.037079446698949636,-0.06838762537265769
0.4737725414415498,12.264398703448848,0.016026088050165904,0.004576193650885882,2026-03-23,225,2026,-0.052454917116900424,-0.037399240005485876,-0.06751059422831497
0.4736855496697546,13.242049770063197,0.01621332507678848,0.004455479835240691,2026-03-24,224,2026,-0.05262890066049075,-0.03797037200254888,-0.06728742931843262
0.4734673464176516,14.119364304688048,0.016374145053234913,0.004357637116072333,2026-03-25,223,2026,-0.05306530716469682,-0.03872868105281884,-0.06740193327657479
0.4731709471675597,13.75039902597843,0.01618898294958523,0.004365780684038578,2026-03-26,222,2026,-0.053658105664880607,-0.039294687214393685,-0.06802152411536752
0.47288178899405753,13.447297301485428,0.016015472738771713,0.004367392854462396,2026-03-27,221,2026,-0.054236422011884944,-0.03986769952070366,-0.06860514450306623
0.47261533201509737,12.505962003398777,0.015665187050042113,0.0044297277205225935,2026-03-28,220,2026,-0.054769335969805266,-0.04019553176928593,-0.0693431401703246
0.4725230694426635,11.513250238540795,0.015309086583069143,0.004511804855060203,2026-03-29,219,2026,-0.05495386111467304,-0.040110023141524974,-0.0697976990878211
0.47223312501982556,10.971113228325088,0.014768592524675906,0.004458756542011175,2026-03-30,218,2026,-0.05553374996034888,-0.04086444093713211,-0.07020305898356564
0.4721248499265838,11.591502483771288,0.014551074995865389,0.004273908427473726,2026-03-31,217,2026,-0.055750300146832354,-0.0416891414204438,-0.06981145887322092
0.47202347531010136,12.138059576622732,0.01434712169493146,0.004118036102225629,2026-04-01,216,2026,-0.05595304937979728,-0.04240471060347496,-0.0695013881561196
0.47193319321491983,12.558197535162858,0.014191861451085643,0.004004752744283571,2026-04-02,215,2026,-0.056133613570160334,-0.042957977041467386,-0.06930925009885328
0.47168908232183704,11.449294831356504,0.013558624577539851,0.004007063882978291,2026-04-03,214,2026,-0.05662183535632592,-0.043438595181327345,-0.0698050755313245
0.4716350717748541,9.935406506547386,0.013120866198983434,0.00416264798535107,2026-04-04,213,2026,-0.05672985645029183,-0.04303474457848681,-0.07042496832209685
0.4714969817108699,8.509731180646947,0.012732225091306743,0.004364619486490581,2026-04-05,212,2026,-0.0570060365782602,-0.04264643846770619,-0.07136563468881421
0.4716973777842854,7.262017880162018,0.012481848544345107,0.004631804833266711,2026-04-06,211,2026,-0.056605244431429225,-0.041366606529981746,-0.0718438823328767
0.47187354796228237,6.116686496299292,0.012200637482512868,0.004933151035593135,2026-04-07,210,2026,-0.05625290407543526,-0.040022837168333845,-0.07248297098253667
0.47219746167594956,6.46883182427698,0.01241496539740905,0.004881267218228772,2026-04-08,209,2026,-0.05560507664810088,-0.03954570750012822,-0.07166444579607353
0.4725846260585671,6.593046393639746,0.012049397804730522,0.004692694442663417,2026-04-09,208,2026,-0.054830747882865793,-0.03939178316650315,-0.07026971259922843
0.47296250368933385,6.68950829894593,0.011691993362349941,0.004520551920876331,2026-04-10,207,2026,-0.05407499262133231,-0.039202376801649175,-0.06894760844101544
0.4729851180497644,6.63145037505942,0.011200020864072615,0.004349251978325553,2026-04-11,206,2026,-0.054029763900471206,-0.039720724891780135,-0.06833880290916228
0.473220116108782,6.74611465206886,0.01059520145174888,0.00407926913732471,2026-04-12,205,2026,-0.053559767782435985,-0.04013897232063769,-0.06698056324423428
0.472860272761316,7.262297792171563,0.010597655520874537,0.0039325365877504875,2026-04-13,204,2026,-0.05427945447736804,-0.04134140910366894,-0.06721749985106715
0.47227832331159125,8.071303435227065,0.011125500614271228,0.0039160454600069726,2026-04-14,203,2026,-0.055443353376817495,-0.042559563813394555,-0.06832714294024043
0.47195635172039513,8.275409096680026,0.011460575692874873,0.003983929987510992,2026-04-15,202,2026,-0.05608729655920974,-0.04298016690029858,-0.06919442621812091
0.47069244778622304,8.561374930012473,0.012350153665635855,0.0042208566521992966,2026-04-16,201,2026,-0.05861510442755391,-0.04472848604181823,-0.07250172281328959
0.4691404293571572,8.569177203758619,0.013280106016314328,0.004536615582387465,2026-04-17,200,2026,-0.061719141285685564,-0.0467936760196308,-0.07664460655174032
0.4690316710259567,7.835563913688906,0.01344029585533576,0.004801464254692344,2026-04-18,199,2026,-0.06193665794808656,-0.04613984055014875,-0.07773347534602437
0.46904088947136247,7.38721295824487,0.013840353429553476,0.0050922166311556764,2026-04-19,198,2026,-0.06191822105727507,-0.04516482834077289,-0.07867161377377724
0.4688999916136024,7.856973950571618,0.013839582759109521,0.004937366208753714,2026-04-20,197,2026,-0.062200016772795186,-0.045956081945995465,-0.07844395159959491
0.46970822739890183,8.246520843387714,0.013259200970258492,0.004617234932976517,2026-04-21,196,2026,-0.06058354520219633,-0.04539284227270359,-0.07577424813168906
0.47058856915618585,8.73010565268656,0.012743691053907524,0.004313059848281343,2026-04-22,195,2026,-0.05882286168762829,-0.04463289478678267,-0.07301282858847391
0.47090471359563096,9.327845855400625,0.012080941479768521,0.003955579343337062,2026-04-23,194,2026,-0.05819057280873807,-0.04517671676915914,-0.071204428848317
0.4712980433568656,9.750497468796773,0.011092306999768368,0.0035522906605104554,2026-04-24,193,2026,-0.057403913286268815,-0.04571687701318942,-0.06909094955934822
0.4715735297827044,9.827778154594593,0.010689052365976136,0.0034096635936040984,2026-04-25,192,2026,-0.056852940434591215,-0.04563514721163373,-0.0680707336575487
0.47060862333108405,9.68323568890492,0.01145097933716563,0.003679869179736505,2026-04-26,191,2026,-0.058782753337831894,-0.0466759837364988,-0.07088952293916499
0.4701295504908473,10.171307319598066,0.012106437826284688,0.0037960155935899123,2026-04-27,190,2026,-0.05974089901830537,-0.04725200771539456,-0.07222979032121618
0.4680747057405938,10.807829142548742,0.013702429853246555,0.004168006160945844,2026-04-28,189,2026,-0.06385058851881242,-0.0501378482493006,-0.07756332878832425
0.46603461290425424,11.271673116767081,0.015415214800877857,0.004591508450234414,2026-04-29,188,2026,-0.06793077419149152,-0.0528247113902203,-0.08303683699276274
0.4638958102156895,11.971293557860587,0.01706027126509342,0.004930777346473113,2026-04-30,187,2026,-0.07220837956862103,-0.055986122098724486,-0.08843063703851757
0.4630360617472122,12.905055946597063,0.01753170645843821,0.004880274435252016,2026-05-01,186,2026,-0.07392787650557564,-0.05787177361359651,-0.08998397939755477
0.46174701212494246,13.228930711332803,0.01809206743676133,0.004974229593931524,2026-05-02,185,2026,-0.076505975750115085,-0.06014076038608037,-0.09287119111414979
0.4619879178347268,13.775964096199536,0.01804677576141458,0.004862264957242804,2026-05-03,184,2026,-0.07602416433054637,-0.06002731262121755,-0.0920210160398752
0.46247901465117747,14.496376442411595,0.01801521455562461,0.004731618374898273,2026-05-04,183,2026,-0.07504197069764507,-0.05947494624422975,-0.09060899515106038
0.4643150035094386,14.39107905974462,0.0182596565867182,0.004813333193261149,2026-05-05,182,2026,-0.07136999298112279,-0.05553412677529361,-0.08720585918695196
0.465700335093987,13.713688610475165,0.018084979536343575,0.004883608935735205,2026-05-06,181,2026,-0.06859932981202599,-0.052532256413457164,-0.08466640321059482
0.46674117949767974,13.201123539116251,0.018091588642827144,0.004979333979851577,2026-05-07,180,2026,-0.06651764100464053,-0.050135632210928836,-0.08289964979835221
0.4675639495247198,12.600928201496977,0.018050160298361307,0.005084869302025109,2026-05-08,179,2026,-0.0648721009505604,-0.04814288094689779,-0.08160132095422301
0.46809181331793015,11.828248366355915,0.0180116074776928,0.0052371167584774276,2026-05-09,178,2026,-0.0638163733641397,-0.04658625922874896,-0.08104648749953045
0.46768661151924884,12.071991851595044,0.017676841318418752,0.005087626216224945,2026-05-10,177,2026,-0.06462677696150232,-0.04788848671012225,-0.08136506721288239
0.4676167744698855,13.273731909091518,0.017537272156557482,0.004813550370698088,2026-05-11,176,2026,-0.06476645106022905,-0.048929870340632335,-0.08060303177982575
0.46784681733774997,14.301715750745508,0.017239253307521366,0.004558525410549226,2026-05-12,175,2026,-0.06430636532450007,-0.049308816723793114,-0.07930391392520703
0.46810796442406544,15.049006738996727,0.01697599249001151,0.0043760397279554815,2026-05-13,174,2026,-0.06378407115186913,-0.049386900446895594,-0.07818124185684266
0.46836709331731197,15.773428370744895,0.016719501636562505,0.0042097885171526,2026-05-14,173,2026,-0.06326581336537607,-0.04941560914394401,-0.07711601758680812
0.4679546422715537,16.370324499291662,0.01656380021555856,0.004093844471943423,2026-05-15,172,2026,-0.0640907154568926,-0.05062196714419874,-0.07755946376958646
0.46763096762003453,16.587197382878923,0.016648834400986554,0.004087872363285106,2026-05-16,171,2026,-0.06473806475993094,-0.05128896468472294,-0.07818716483513893
0.4675324486115953,16.946904929792943,0.016521393201370256,0.004013298573912763,2026-05-17,170,2026,-0.06493510277680936,-0.051731350468636375,-0.07813885508498235
0.46692653361752773,15.790935621878965,0.016121955048686097,0.004057081896002434,2026-05-18,169,2026,-0.06614693276494454,-0.052799133327096535,-0.07949473220279255
0.4662583706056482,14.804416880258033,0.015665968923107183,0.004071567205757022,2026-05-19,168,2026,-0.06748325878870365,-0.054087802681763046,-0.08087871489564426
0.46593294359576076,13.476004592970886,0.015217381902708573,0.004145332438018532,2026-05-20,167,2026,-0.06813411280847848,-0.054495969087397504,-0.08177225652955944
0.46559981472557277,12.135715136342997,0.014773494457637613,0.0042408269074130575,2026-05-21,166,2026,-0.06880037054885446,-0.0548480500234655,-0.08275269107424342
0.4650555581969353,10.657429498014894,0.014539473535851704,0.0044537152534438375,2026-05-22,165,2026,-0.06988888360612944,-0.05523616042229921,-0.08454160678995966
0.4649525137489139,10.87184839447505,0.014569759610695097,0.004418762833845086,2026-05-23,164,2026,-0.07009497250217223,-0.05555724277882189,-0.08463270222552256
0.4651775347705065,11.149067965994798,0.014713593196482876,0.00440655771774274,2026-05-24,163,2026,-0.06964493045898701,-0.055147355567613396,-0.08414250535036062
0.464593122779057,10.448715369409467,0.0146794654572291,0.0045412853543421745,2026-05-25,162,2026,-0.07081375444188598,-0.055872925626100224,-0.08575458325767174
0.46568297506346906,10.171351977536053,0.015435996703669776,0.004839999709022474,2026-05-26,161,2026,-0.06863404987306188,-0.05271045083037794,-0.08455764891574581
0.4644678210328026,9.828209552129834,0.017622462969601998,0.005621204726951176,2026-05-27,160,2026,-0.0710643579343948,-0.05257059438272543,-0.08955812148606418
0.46349963790300713,9.679058609016456,0.019646573869622506,0.0063149550804179186,2026-05-28,159,2026,-0.07300072419398573,-0.052224521979410785,-0.09377692640856068
0.4623127372290255,9.311064057185668,0.021578234672549542,0.00707157667549515,2026-05-29,158,2026,-0.07537452554194901,-0.05210903827956997,-0.09864001280432805
0.46200711455492277,10.001049716248986,0.02362906831592662,0.007471775334696778,2026-05-30,157,2026,-0.07598577089015446,-0.05140363003900206,-0.10056791174130686
0.46044618030955453,10.44452007973613,0.024916226273202963,0.0077097096308695375,2026-05-31,156,2026,-0.07910763938089094,-0.05374269469533016,-0.10447258406645171
0.4615604511728079,11.344453418425033,0.024468201995153007,0.007264575956989128,2026-06-01,155,2026,-0.07687909765438417,-0.05297864275588993,-0.1007795525528784
0.46280479491325704,11.20241368527473,0.023544448335699023,0.007034491608039259,2026-06-02,154,2026,-0.07439041017348591,-0.05124693278303675,-0.09753388756393508
0.4643203042030908,10.963702667612642,0.02216735488630954,0.006694763652728542,2026-06-03,153,2026,-0.07135939159381843,-0.049333619176341534,-0.09338516401129533
0.46585345553002794,11.05919515018563,0.0206682775356909,0.0062150199038456845,2026-06-04,152,2026,-0.06829308893994412,-0.04784567345629182,-0.08874050442359643
0.4674046256965369,11.02932984206915,0.01911410225247011,0.005755450757481318,2026-06-05,151,2026,-0.0651907486069262,-0.046255315614812664,-0.08412618159903973
0.4685706651420643,10.604847837376742,0.017870840442342457,0.005487730264251358,2026-06-06,150,2026,-0.0628586697158714,-0.04480403714648443,-0.08091330228525836
0.4694408583203614,11.363136540926535,0.01714145365505014,0.005085088740042563,2026-06-07,149,2026,-0.06111828335927716,-0.044388341404537124,-0.0778482253140172
0.46867259980696657,11.736733665327938,0.017505646859412825,0.005109807488762487,2026-06-08,148,2026,-0.06265480038606686,-0.045843533748038276,-0.07946606702409544
0.46787246211494127,11.819559121191903,0.01800302181083955,0.005236544143931838,2026-06-09,147,2026,-0.06425507577011746,-0.04702684553658172,-0.08148330600365321
0.4666558649315587,11.858258062157276,0.018520386156077408,0.005378232700539141,2026-06-10,146,2026,-0.06668827013688261,-0.04899388455210883,-0.08438265572165639
0.4654724707260135,11.922192443946363,0.019017007119307955,0.005507621735536919,2026-06-11,145,2026,-0.069055058547973,-0.05093498303805654,-0.08717513405788946
0.4642582314863323,11.738935404849625,0.019609162957339905,0.005723276122838567,2026-06-12,144,2026,-0.07148353702733545,-0.05265395858319657,-0.09031311547147433
0.4644025624778244,12.012917274452217,0.019588306719542203,0.005651616085386522,2026-06-13,143,2026,-0.07119487504435118,-0.05260105812342952,-0.08978869196527284
0.46473551011145287,11.117906884780496,0.0190136161645332,0.005702341283985091,2026-06-14,142,2026,-0.07052897977709427,-0.05176827695278332,-0.08928968260140521
0.4653410966236638,10.697505677003088,0.018305523207115742,0.0055968141211247624,2026-06-15,141,2026,-0.0693178067526724,-0.05090428829417194,-0.08773132521117287
0.4657776100091118,10.368223492411731,0.017632072665508664,0.005475845573969237,2026-06-16,140,2026,-0.06844477998177645,-0.05042924804341766,-0.08646031192013523
0.46674496648126096,9.730242928656335,0.016702721611651213,0.0053545798716005295,2026-06-17,139,2026,-0.06651006703747808,-0.048893499259912335,-0.08412663481504383
0.4676593737158765,9.123785968296826,0.015794527237466077,0.005229005356722629,2026-06-18,138,2026,-0.06468125256824697,-0.04747782494462952,-0.08188468019186443
0.46833497072770236,9.665228490278896,0.015467186245798998,0.004975139382430735,2026-06-19,137,2026,-0.06333005854459528,-0.046961849976398164,-0.0796982671127924
0.4686959820842353,9.733765877596031,0.015288184106438429,0.004900218617130578,2026-06-20,136,2026,-0.06260803583152941,-0.046486316581169806,-0.07872975508188901
0.46913448377998923,9.820728751327485,0.015035569904914331,0.004797865136107555,2026-06-21,135,2026,-0.06173103244002154,-0.04594605614222769,-0.07751600873781539
0.46909625218211054,10.224516307534437,0.014599185925851129,0.004565698757070438,2026-06-22,134,2026,-0.06180749563577892,-0.04678634672501718,-0.07682864454654066
0.46950764405795586,10.505806097548128,0.014154984089941968,0.004367115670555087,2026-06-23,133,2026,-0.06098471188408827,-0.046616901327962035,-0.07535252244021451
0.469949863368023,10.735091081999355,0.013699527188452985,0.004181217041901192,2026-06-24,132,2026,-0.06010027326395395,-0.04634406919609903,-0.07385647733180888
0.4703874514376934,10.960708821168437,0.013242652946170956,0.003999960265990478,2026-06-25,131,2026,-0.05922509712461321,-0.046065227849504536,-0.07238496639972189
0.4702775502322572,10.557469963032556,0.012544276614193895,0.0038606967930113773,2026-06-26,130,2026,-0.059444899535485596,-0.04674320708647817,-0.07214659198449302
0.4701093235853119,10.14936710659988,0.012297995175797166,0.003860244720262095,2026-06-27,129,2026,-0.059781352829376244,-0.04708114769971395,-0.07248155795903853
0.46868941100698575,10.028211918845885,0.012350339770661274,0.003900022873416945,2026-06-28,128,2026,-0.06262117798602851,-0.04979010273248676,-0.07545225323957026
0.46746932903599014,10.130593577850833,0.012449725983359264,0.003911491100825499,2026-06-29,127,2026,-0.06506134192801971,-0.05219253620630382,-0.0779301476497356
0.4662607440298205,10.397914310566588,0.012456642840225777,0.0038630283503137434,2026-06-30,126,2026,-0.06747851194035903,-0.05476914866782682,-0.08018787521289125
0.46577852928233504,10.623370130577932,0.012469487341052098,0.0038257575336376245,2026-07-01,125,2026,-0.06844294143532992,-0.05585619914966213,-0.0810296837209977
0.46511543011431333,10.913289581644772,0.012522777408326734,0.0037907297307973463,2026-07-02,124,2026,-0.06976913977137333,-0.05729763895705006,-0.0822406405856966
0.4652646305437693,10.952989089241377,0.012293653438019407,0.0037146221026629154,2026-07-03,123,2026,-0.06947073891246136,-0.05724963219470037,-0.08169184563022236
0.4653206116377032,10.371033573031532,0.011727057709490923,0.00364148094942289,2026-07-04,122,2026,-0.06935877672459356,-0.05737830440099226,-0.08133924904819487
0.4655087780371498,9.756053034703983,0.011298827818354762,0.00361739816772305,2026-07-05,121,2026,-0.06898244392570041,-0.057081203953891574,-0.08088368389750925
0.4661651702517294,9.844945810118924,0.011211648578134387,0.003573245139484927,2026-07-06,120,2026,-0.06766965949654125,-0.055913682987635833,-0.07942563600544665
0.4671305988492388,9.760333521219435,0.010890638626356397,0.003485948914627698,2026-07-07,119,2026,-0.0657388023015224,-0.05427003037239728,-0.07720757423064753
0.4681394676748578,9.717339023416663,0.010470721194165651,0.0033589451978903316,2026-07-08,118,2026,-0.06372106465028438,-0.052670134949225185,-0.07477199435134357
0.46901673665430055,10.116008312019105,0.010342057777182155,0.0032516393526745044,2026-07-09,117,2026,-0.061966526691398904,-0.051268633221099785,-0.07266442016169802
0.4698893756519183,10.565045454986404,0.010155737881625793,0.0031244659655478052,2026-07-10,116,2026,-0.06022124869616341,-0.04994175566951113,-0.07050074172281569
0.47016805266160794,10.848038339437414,0.009915250668132126,0.0030104269442446942,2026-07-11,115,2026,-0.059663894676784124,-0.049759590030219084,-0.06956819932334916
0.47081936025012283,11.979240798298719,0.010297482981049823,0.002975201850118542,2026-07-12,114,2026,-0.05836127949975434,-0.04857286541286433,-0.06814969358664434
0.47133566775154206,12.369514223906663,0.01046105641951844,0.002974398971201412,2026-07-13,113,2026,-0.05732866449691587,-0.047542891881663225,-0.06711443711216852
0.47204241738020775,12.919290186045748,0.010707120603081299,0.0029788824643433355,2026-07-14,112,2026,-0.05591516523958451,-0.046114641931894934,-0.06571568854727408
0.4726106225625214,13.249245352513851,0.010940549875887896,0.003005685796647029,2026-07-15,111,2026,-0.0547787548749572,-0.04489004860398848,-0.06466746114592593
0.4731740233047816,13.59115972295495,0.011165882838154102,0.003028759632786238,2026-07-16,110,2026,-0.053651953390436824,-0.0436873341985701,-0.06361657258230355
0.47238107835762255,13.701644196747571,0.011477236969014353,0.0031006375752644453,2026-07-17,109,2026,-0.055237843284754895,-0.04503674566213487,-0.06543894090737493
0.47169024284172023,14.5047508764865,0.012076010912624505,0.0031707964243458332,2026-07-18,108,2026,-0.05661951431655954,-0.04618759408046175,-0.06705143455265733
0.4709997330796145,15.334111024436181,0.012566860080748987,0.00320920513167918,2026-07-19,107,2026,-0.058000533840770974,-0.04744224895754647,-0.06855881872399547
0.46798773172278074,14.454738521032727,0.013759070526017218,0.003618961615619947,2026-07-20,106,2026,-0.06402453655443852,-0.05211815283904889,-0.07593092026982814
0.46594813923495104,13.656380697241467,0.01544943466518924,0.004180659378069264,2026-07-21,105,2026,-0.06810372153009792,-0.05434935217625004,-0.0818580908839458
0.46426851229845284,12.44764786265594,0.016487198064544288,0.004673079918243829,2026-07-22,104,2026,-0.07146297540309432,-0.05608854247207212,-0.08683740833411652
0.46261595747607254,11.32405996094332,0.017516237817383463,0.005205227946502499,2026-07-23,103,2026,-0.07476808504785493,-0.0576428851038617,-0.09189328499184815
0.46080008019607493,10.181159424764276,0.018440102005511636,0.005779159756911333,2026-07-24,102,2026,-0.07839983960785013,-0.059386404007611845,-0.09741327520808842
0.46135099224639764,10.77565479214383,0.018668106387633193,0.005686937197777156,2026-07-25,101,2026,-0.07729801550720472,-0.05858799212651788,-0.09600803888789156
0.46146035871748664,11.740061603519406,0.018456432609567426,0.005386573291601297,2026-07-26,100,2026,-0.07707928256502672,-0.05935745643565845,-0.09480110869439498
0.46207894350163736,13.162247699220451,0.018152238689006134,0.005003399304275714,2026-07-27,99,2026,-0.07584211299672527,-0.05938092928565818,-0.09230329670779237
0.46269758930621896,14.455148765685973,0.017871290738119845,0.004700506281410879,2026-07-28,98,2026,-0.07460482138756208,-0.05914015572172029,-0.09006948705340387
0.4622835067692871,14.361702989657779,0.01802032055264387,0.004755098763079658,2026-07-29,97,2026,-0.07543298646142582,-0.05978871153089375,-0.0910772613919579
0.4618853698509303,14.296652470379684,0.018166907923526463,0.004804672993610584,2026-07-30,96,2026,-0.07622926029813937,-0.060421886149160546,-0.09203663444711818
0.4609933597480441,13.754211921769915,0.01826711015173191,0.004925518922145225,2026-07-31,95,2026,-0.07801328050391176,-0.061808323250053976,-0.09421823775776955
0.4601012929634425,12.656179515422634,0.018583501416611185,0.005223676001516488,2026-08-01,94,2026,-0.079797414073115025,-0.06261152002812578,-0.09698330811810427
0.45936441329291666,11.857395861766033,0.018856952858433244,0.005476169168510887,2026-08-02,93,2026,-0.08127117341416668,-0.06325457684976586,-0.09928776997856749
0.4599198840823963,12.53281188676299,0.018725382825667686,0.005289400412012517,2026-08-03,92,2026,-0.08016023183520737,-0.06275810447968619,-0.09756235919072856
0.46083437269591143,12.070030714277172,0.018245977565922573,0.0052518576835227085,2026-08-04,91,2026,-0.07833125460817714,-0.061052642829387424,-0.09560986638696685
0.4605096829820546,11.41416223066255,0.018131400015995808,0.005366724716943929,2026-08-05,90,2026,-0.07898063403589084,-0.06132410971714532,-0.09663715835463636
0.4601834753930896,10.766279667076558,0.01802035342030798,0.005491999332237549,2026-08-06,89,2026,-0.07963304921382075,-0.06156437141075921,-0.09770172701688229
0.45989285418318027,9.801619780210144,0.017507301681640348,0.005592040262947979,2026-08-07,88,2026,-0.08021429163363947,-0.06181647916854062,-0.09861210409873832
0.4597484195461923,8.786848156490477,0.017077588702022403,0.005761160693820719,2026-08-08,87,2026,-0.08050316090761545,-0.06154894222494528,-0.09945737959028561
0.4593132896369413,8.99999567191149,0.01700250618634256,0.005667503424861931,2026-08-09,86,2026,-0.08137342072611742,-0.06272733445832167,-0.10001950699391317
0.46048377976893345,9.403611122180187,0.01611338175178138,0.005254596423210504,2026-08-10,85,2026,-0.07903244046213309,-0.06174481822977053,-0.09632006269449565
0.46096316446174646,9.761128728402307,0.015251860579089577,0.004881719330936769,2026-08-11,84,2026,-0.07807367107650709,-0.06201281447772512,-0.09413452767528906
0.46122235902361497,10.274044936076322,0.014833484111510874,0.004627777181237719,2026-08-12,83,2026,-0.07755528195277006,-0.06232989502649797,-0.09278066887904216
0.4611296779063509,10.713169120062652,0.014404844406822031,0.004400981989046356,2026-08-13,82,2026,-0.0777406441872982,-0.06326141344333569,-0.09221987493126071
0.4609301657358871,11.04637639751847,0.013986694104161408,0.004208285135043451,2026-08-14,81,2026,-0.07813966852822585,-0.06429441043393289,-0.09198492662251881
0.46035310617942166,11.394933182671048,0.014020237600792098,0.004153359103088439,2026-08-15,80,2026,-0.07929378764115669,-0.06562923619199572,-0.09295833909031766
0.4608456673555979,12.288696690818522,0.013974110092654105,0.003986311641169297,2026-08-16,79,2026,-0.0783086652888042,-0.065193699989357215,-0.09142363058825119
0.4614337320708666,12.525450046697157,0.013312725510237605,0.0037615800453665842,2026-08-17,78,2026,-0.07713253585826685,-0.06475693750901079,-0.0895081342075229
0.4619032018759986,12.624312583540743,0.012658732401873188,0.0035627582102679555,2026-08-18,77,2026,-0.07619359624800282,-0.06447212173622124,-0.08791507075978439
0.4624834005339761,12.734482185323905,0.01191864428816178,0.003339921145332302,2026-08-19,76,2026,-0.07503319893204785,-0.06404485836390458,-0.08602153950019112
0.4630515877138412,12.859504274439384,0.011183781940304163,0.0031187213769123985,2026-08-20,75,2026,-0.07389682457231761,-0.06363623124227583,-0.0841574179023594
0.4632076994264594,12.465403505025847,0.01052016372493334,0.0029796779572742365,2026-08-21,74,2026,-0.07358460114708121,-0.06378146066764898,-0.08338774162651344
0.46326034810056854,12.717120318541786,0.01047527850770216,0.0029374547708290047,2026-08-22,73,2026,-0.07347930379886292,-0.06381507760283549,-0.08314352999489034
0.4633495844549047,12.924072887817522,0.010460844881120307,0.0029098262867084308,2026-08-23,72,2026,-0.07330083109019059,-0.06372750260691985,-0.08287415957346132
0.46410231889007336,12.88215201798967,0.010553773864403471,0.002940448479584335,2026-08-24,71,2026,-0.07179536221985328,-0.062121286722020816,-0.08146943771768574
0.46484786515403664,12.81413437762103,0.0106384638026543,0.002971900624557604,2026-08-25,70,2026,-0.07030426969192671,-0.060526716637132195,-0.08008182274672124
0.4655656676990223,12.66729694655552,0.010727830323062461,0.003014185110497786,2026-08-26,69,2026,-0.0688686646019554,-0.05895199558841768,-0.07878533361549311
0.46627562488880053,12.519661571135094,0.010815070466537466,0.003056560939281302,2026-08-27,68,2026,-0.06744875022239893,-0.05739266473216345,-0.07750483571263442
0.4668017336508354,11.32622857374732,0.010519101828172006,0.003125618712856398,2026-08-28,67,2026,-0.06639653269832924,-0.05611324713303169,-0.07667981826362678
0.4665562055405155,10.393371944949193,0.010204723651789196,0.003165359297316574,2026-08-29,66,2026,-0.06688758891896895,-0.056473556830797425,-0.07730162100714048
0.4667425588644094,9.818185357091304,0.01021334942642278,0.0032595119465117736,2026-08-30,65,2026,-0.06651488227118119,-0.055791087967157454,-0.07723867657520492
0.4669233890971694,9.711978378893638,0.01002995816932459,0.0032184388968888493,2026-08-31,64,2026,-0.06615322180566119,-0.055564557834896874,-0.0767418857764255
0.4658460479235093,9.0919959855071,0.010220011928165176,0.003389391882778739,2026-09-01,63,2026,-0.06830790415298138,-0.05715680485863933,-0.07945900344732343
0.4647715239588654,9.765262039586064,0.010452187888499997,0.003344762282532258,2026-09-02,62,2026,-0.07045695208226921,-0.05945268417273808,-0.08146121999180034
0.4636872242008606,10.360634409767473,0.010674086907920096,0.0033161759082363813,2026-09-03,61,2026,-0.07262555159827877,-0.06171533286018108,-0.08353577033637646
0.4622403550648068,10.585964662875616,0.01053403024327675,0.003237645844183027,2026-09-04,60,2026,-0.07551928987038636,-0.06486743504302421,-0.08617114469774852
0.46085181868491376,10.41588942457017,0.010565848985784,0.0032738307139514454,2026-09-05,59,2026,-0.07829636263017248,-0.06752545958127222,-0.08906726567907274
0.46080300121818357,10.922267664265581,0.010389237595989163,0.0031435999327713913,2026-09-06,58,2026,-0.07839399756363286,-0.06805155378481498,-0.08873644134245073
0.46096200396659115,11.226303089191063,0.01053350193667599,0.0031437962954232,2026-09-07,57,2026,-0.0780759920668177,-0.06773290225487537,-0.08841908187876003
0.46011627403699723,11.391966109254087,0.011277759905925912,0.0033413617938290933,2026-09-08,56,2026,-0.07976745192600554,-0.06877437162430783,-0.09076053222770325
0.45834848961904184,11.775931531401282,0.012386166101638743,0.003609435319793894,2026-09-09,55,2026,-0.08330302076191631,-0.07142797855979441,-0.09517806296403822
0.45717960187788526,12.250342753251179,0.01373734773549556,0.003924901587146913,2026-09-10,54,2026,-0.08564079624422949,-0.07272787002251614,-0.09855372246594284
0.4564482664070912,10.620104084010723,0.014269428660910645,0.004378669821967419,2026-09-11,53,2026,-0.08710346718581763,-0.07269764347154482,-0.10150929090009043
0.4557052252669014,8.980246139786937,0.014808973943305036,0.004941750885557964,2026-09-12,52,2026,-0.08858954946619724,-0.07233118905271153,-0.10484790987968294
0.4561419177209934,8.242465358014016,0.014183864985921193,0.004940444482736956,2026-09-13,51,2026,-0.08771616455801323,-0.07146210220980864,-0.10397022690621782
0.45665368720863125,7.773989300411182,0.013878766351272062,0.004977702023560173,2026-09-14,50,2026,-0.08669262558273749,-0.07031598592522452,-0.10306926524025047
0.4560061099112684,7.85381476323912,0.013494821349680398,0.00481533839778465,2026-09-15,49,2026,-0.08798778017746323,-0.07214531684875172,-0.10383024350617473
0.4551051908783195,9.958118710770364,0.013655297993858203,0.004327255438378167,2026-09-16,48,2026,-0.08978961824336096,-0.07555294785109679,-0.10402628863562513
0.45462669811995876,12.028702040559901,0.013717564594618474,0.003955192543319506,2026-09-17,47,2026,-0.09074660376008248,-0.0777340202925613,-0.10375918722760366
0.4539195147747842,13.266338512372963,0.01413245077467597,0.003880091292673551,2026-09-18,46,2026,-0.09216097045043159,-0.0793954700975356,-0.10492647080332758
0.45400490976227603,14.055315244877091,0.01389604962285799,0.0037065602240489927,2026-09-19,45,2026,-0.09199018047544794,-0.07979559733832675,-0.10418476361256912
0.45474554278930207,14.399576613920441,0.01333985456376347,0.0035154120198602826,2026-09-20,44,2026,-0.09050891442139586,-0.07894320887605553,-0.10207461996673618
0.4545645384964198,15.069452208602048,0.013618741914530578,0.0035082316072351898,2026-09-21,43,2026,-0.09087092300716038,-0.0793288410193566,-0.10241300499496415
0.45410742117682806,16.08666737251132,0.01388688556465256,0.0034623567628034846,2026-09-22,42,2026,-0.09178515764634387,-0.08039400389672041,-0.10317631139596734
0.4537253656846272,17.245408396888322,0.01435592693008355,0.003456961138019335,2026-09-23,41,2026,-0.09254926863074564,-0.08117586648666203,-0.10392267077482925
0.45335705756122807,18.416079288654434,0.014814182289074057,0.0034520660470135356,2026-09-24,40,2026,-0.09328588487754386,-0.08192858758286932,-0.1046431821722184
0.4528880148632494,19.408169386534386,0.015420928850924899,0.003500404604752716,2026-09-25,39,2026,-0.09422397027350116,-0.08270763912386472,-0.10574030142313759
0.4530998735639665,20.00143522015073,0.015283471942366858,0.0034173656049345364,2026-09-26,38,2026,-0.09380025287206695,-0.08255712003183233,-0.10504338571230157
0.4531946190475059,20.121268098115905,0.015147626513647372,0.003376890004517529,2026-09-27,37,2026,-0.09361076190498818,-0.08250079379012551,-0.10472073001985086
0.4524689120928317,19.810181503755228,0.0162185300612131,0.0036439068192094842,2026-09-28,36,2026,-0.09506217581433662,-0.08307372237913742,-0.10705062924953583
0.4517598162090055,19.53903702605626,0.017256429136894617,0.003903906021979968,2026-09-29,35,2026,-0.09648036758198897,-0.08363651676967487,-0.10932421839430306
0.45106250942740417,19.29306268642285,0.018268410535782313,0.004159107780875602,2026-09-30,34,2026,-0.09787498114519166,-0.08419151654611093,-0.1115584457442724
0.4505256686712949,18.83250846541306,0.018968054860015654,0.0043708782693621575,2026-10-01,33,2026,-0.0989486626574102,-0.0845684731512087,-0.1133288521636117
0.45050589727344964,17.882898714438742,0.01939650421080345,0.004586744054136782,2026-10-02,32,2026,-0.09898820545310072,-0.0838978175149907,-0.11407859339121074
0.4512923144734721,17.417929458759307,0.01862983266864122,0.00446386128555397,2026-10-03,31,2026,-0.09741537105305575,-0.08272926742358319,-0.11210147468252832
0.45227414819247225,17.082065565718057,0.01775304835850294,0.004295391405473741,2026-10-04,30,2026,-0.0954517036150555,-0.0813198658910469,-0.10958354133906412
0.4527003638933323,16.65849618188011,0.01685428058459891,0.004129451053988351,2026-10-05,29,2026,-0.09459927221333542,-0.08101337824571374,-0.1081851661809571
0.4525127644388896,16.37366048819229,0.016196695894873436,0.004002704574912842,2026-10-06,28,2026,-0.0949744711222208,-0.08180557307075755,-0.10814336917368404
0.4518141414441254,16.801451986798625,0.0159286944445512,0.003886035590505929,2026-10-07,27,2026,-0.09637171711174919,-0.08358666001898468,-0.1091567742045137
0.45113871622300655,17.214983782119162,0.015665060779189555,0.003775537387885581,2026-10-08,26,2026,-0.0977225675539869,-0.08530104954784333,-0.11014408556013046
0.45025895153002016,17.495845452163767,0.015558858520506846,0.0037197201285309447,2026-10-09,25,2026,-0.09948209693995969,-0.08724421771709287,-0.1117199761628265
0.4499302546331528,17.875249579199405,0.015513168747223255,0.0036692259768770744,2026-10-10,24,2026,-0.10013949073369444,-0.08806773726976887,-0.11221124419762
