forecast_date,state,seat_name,r_prob,r_pct_05,r_avg,r_pct_95
2026-04-19,Alabama,Class II,0.9966,0.549445351,0.624746637,0.700462253
2026-04-19,Alaska,Class II,0.9198,0.49197114,0.542038016,0.590957865
2026-04-19,Arkansas,Class II,0.996,0.585892174,0.718386951,0.852054857
2026-04-19,Colorado,Class II,0.0701,0.356503637,0.432170634,0.507593587
2026-04-19,Delaware,Class II,0.021,0.331338866,0.406175587,0.481142614
2026-04-19,Florida,Class III,0.9452,0.498742949,0.553280142,0.606902412
2026-04-19,Georgia,Class II,0.329,0.433970682,0.486043337,0.538019321
2026-04-19,Idaho,Class II,0.9999,0.605376033,0.677640934,0.75164593
2026-04-19,Illinois,Class II,0.1034,0.366668544,0.441923794,0.518147759
2026-04-19,Iowa,Class II,0.9393,0.496656631,0.552428624,0.606753837
2026-04-19,Kansas,Class II,0.9718,0.510839259,0.583239519,0.656109353
2026-04-19,Kentucky,Class II,0.9954,0.548714809,0.624817876,0.701876611
2026-04-19,Louisiana,Class II,0.9904,0.530497555,0.606018691,0.681297802
2026-04-19,Maine,Class II,0.3817,0.438557833,0.490631542,0.542261889
2026-04-19,Massachusetts,Class II,0,0.30329179,0.354537307,0.407671202
2026-04-19,Michigan,Class II,0.7317,0.468187395,0.519419006,0.570565892
2026-04-19,Minnesota,Class II,0.2296,0.416346316,0.473796022,0.531570887
2026-04-19,Mississippi,Class II,0.9868,0.527351352,0.602557096,0.67581862
2026-04-19,Montana,Class II,0.9585,0.503814449,0.57819853,0.653531409
2026-04-19,Nebraska,Class II,0.984,0.517628446,0.576042718,0.634131861
2026-04-19,New Hampshire,Class II,0.2597,0.427051958,0.479429023,0.531820263
2026-04-19,New Jersey,Class II,0.0864,0.363167126,0.437549016,0.513083003
2026-04-19,New Mexico,Class II,0.1448,0.376416772,0.451142434,0.526876617
2026-04-19,North Carolina,Class II,0.3795,0.437754635,0.490365094,0.542413531
2026-04-19,Ohio,Class III,0.7442,0.469280459,0.520364484,0.571604395
2026-04-19,Oklahoma,Class II,0.9966,0.554652131,0.629962217,0.705382208
2026-04-19,Oregon,Class II,0.0264,0.336589048,0.410404889,0.486213334
2026-04-19,Rhode Island,Class II,0.0123,0.319925311,0.394835705,0.47055247
2026-04-19,South Carolina,Class II,0.9962,0.533014728,0.58362005,0.634159449
2026-04-19,South Dakota,Class II,1,0.591809221,0.649681162,0.70752154
2026-04-19,Tennessee,Class II,0.9996,0.575099005,0.648925864,0.722829547
2026-04-19,Texas,Class II,0.9225,0.492833696,0.54309923,0.592808946
2026-04-19,Virginia,Class II,0.1129,0.369059349,0.444924036,0.519915709
2026-04-19,West Virginia,Class II,1,0.639216471,0.71347087,0.789629341
2026-04-19,Wyoming,Class II,1,0.621759998,0.702988803,0.782126459
2026-04-20,Alabama,Class II,0.9989,0.564862846,0.64298461,0.722848655
2026-04-20,Alaska,Class II,0.8891,0.486452066,0.535995293,0.585377412
2026-04-20,Arkansas,Class II,0.9968,0.576215977,0.706822862,0.843914196
2026-04-20,Colorado,Class II,0.1913,0.377659481,0.457371891,0.537305901
2026-04-20,Delaware,Class II,0.032,0.337163277,0.41251927,0.490586785
2026-04-20,Florida,Class III,0.9287,0.493819444,0.546437132,0.598488231
2026-04-20,Georgia,Class II,0.3511,0.437589696,0.488416948,0.540182152
2026-04-20,Idaho,Class II,1,0.62350993,0.700735537,0.778071772
2026-04-20,Illinois,Class II,0.1494,0.373292702,0.451199201,0.531147457
2026-04-20,Iowa,Class II,0.9182,0.491695387,0.546292899,0.600904663
2026-04-20,Kansas,Class II,0.9742,0.5146509,0.587591479,0.661606825
2026-04-20,Kentucky,Class II,0.9876,0.530179941,0.606530041,0.685080194
2026-04-20,Louisiana,Class II,0.9935,0.541663277,0.620044262,0.698344545
2026-04-20,Maine,Class II,0.2723,0.432225432,0.482087022,0.532207149
2026-04-20,Massachusetts,Class II,0,0.295441347,0.347078607,0.399171872
2026-04-20,Michigan,Class II,0.6208,0.459301561,0.509557287,0.560413267
2026-04-20,Minnesota,Class II,0.2641,0.420371226,0.478089596,0.534882817
2026-04-20,Mississippi,Class II,0.9948,0.544011359,0.619948266,0.6956106
2026-04-20,Montana,Class II,0.9666,0.508007838,0.584716131,0.660297854
2026-04-20,Nebraska,Class II,0.9796,0.514738397,0.572257241,0.631743344
2026-04-20,New Hampshire,Class II,0.327,0.434111737,0.485808908,0.538171175
2026-04-20,New Jersey,Class II,0.1159,0.367426265,0.443919855,0.522241813
2026-04-20,New Mexico,Class II,0.1098,0.365563162,0.441782806,0.521207948
2026-04-20,North Carolina,Class II,0.3656,0.439230749,0.489570791,0.539690576
2026-04-20,Ohio,Class III,0.7012,0.466956683,0.51620002,0.56633762
2026-04-20,Oklahoma,Class II,0.9972,0.556200582,0.63493563,0.712779701
2026-04-20,Oregon,Class II,0.0245,0.327188414,0.404944848,0.483430767
2026-04-20,Rhode Island,Class II,0.0165,0.321409828,0.397984139,0.475034709
2026-04-20,South Carolina,Class II,0.9935,0.52633996,0.574322975,0.62283256
2026-04-20,South Dakota,Class II,1,0.589395181,0.644367812,0.699130181
2026-04-20,Tennessee,Class II,0.9969,0.549287439,0.625644641,0.701438503
2026-04-20,Texas,Class II,0.8857,0.487255775,0.536712947,0.585443492
2026-04-20,Virginia,Class II,0.1415,0.372462924,0.449661406,0.525283104
2026-04-20,West Virginia,Class II,1,0.608074025,0.686251255,0.76275875
2026-04-20,Wyoming,Class II,1,0.638820169,0.720909896,0.802334565
2026-04-21,Alabama,Class II,0.9977,0.560807664,0.639128933,0.718163533
2026-04-21,Alaska,Class II,0.8497,0.480483858,0.532002902,0.582896871
2026-04-21,Arkansas,Class II,0.9958,0.576008339,0.707947664,0.845616893
2026-04-21,Colorado,Class II,0.1535,0.369467932,0.450812827,0.52949707
2026-04-21,Delaware,Class II,0.0253,0.3305711,0.408418521,0.485639897
2026-04-21,Florida,Class III,0.9021,0.48847161,0.542614178,0.595895084
2026-04-21,Georgia,Class II,0.2324,0.424860005,0.476867949,0.528894258
2026-04-21,Idaho,Class II,1,0.619494227,0.698489366,0.77654399
2026-04-21,Illinois,Class II,0.1469,0.370848815,0.449243576,0.528329308
2026-04-21,Iowa,Class II,0.7841,0.47013123,0.527712016,0.586675264
2026-04-21,Kansas,Class II,0.9624,0.506353873,0.58349152,0.660032197
2026-04-21,Kentucky,Class II,0.9814,0.522544729,0.603114333,0.68247736
2026-04-21,Louisiana,Class II,0.99,0.535626757,0.615928451,0.697841209
2026-04-21,Maine,Class II,0.2468,0.427057147,0.47819796,0.529333354
2026-04-21,Massachusetts,Class II,0,0.288050547,0.342309188,0.396219285
2026-04-21,Michigan,Class II,0.5595,0.452280615,0.504887556,0.558718713
2026-04-21,Minnesota,Class II,0.2437,0.415692427,0.474861052,0.533927883
2026-04-21,Mississippi,Class II,0.9924,0.539377292,0.616776197,0.697456626
2026-04-21,Montana,Class II,0.9564,0.50363383,0.581847891,0.659482955
2026-04-21,Nebraska,Class II,0.9717,0.50847803,0.569293238,0.628876904
2026-04-21,New Hampshire,Class II,0.2756,0.427625535,0.48052946,0.533736797
2026-04-21,New Jersey,Class II,0.1024,0.360907276,0.439890902,0.516740026
2026-04-21,New Mexico,Class II,0.0992,0.359019684,0.437894039,0.517245008
2026-04-21,North Carolina,Class II,0.3186,0.43175793,0.484493975,0.53683475
2026-04-21,Ohio,Class III,0.7898,0.471902082,0.526633982,0.580379045
2026-04-21,Oklahoma,Class II,0.9945,0.551417605,0.631413747,0.710339221
2026-04-21,Oregon,Class II,0.0205,0.322878289,0.400737862,0.480679071
2026-04-21,Rhode Island,Class II,0.0152,0.315471075,0.394172002,0.473969619
2026-04-21,South Carolina,Class II,0.9897,0.5192871,0.570232004,0.621989142
2026-04-21,South Dakota,Class II,1,0.584342347,0.64098637,0.697468155
2026-04-21,Tennessee,Class II,0.9942,0.546855233,0.623312887,0.699870886
2026-04-21,Texas,Class II,0.849,0.480490827,0.532540991,0.584144026
2026-04-21,Virginia,Class II,0.1254,0.366598291,0.445294736,0.524041041
2026-04-21,West Virginia,Class II,1,0.605930798,0.685446866,0.762924718
2026-04-21,Wyoming,Class II,1,0.631327746,0.716955013,0.799248719
2026-04-22,Alabama,Class II,0.9977,0.556002649,0.638340533,0.719623612
2026-04-22,Alaska,Class II,0.8377,0.47983577,0.53081748,0.583177271
2026-04-22,Arkansas,Class II,0.9951,0.574748826,0.708177642,0.846901232
2026-04-22,Colorado,Class II,0.1509,0.36917199,0.449911216,0.530571067
2026-04-22,Delaware,Class II,0.0245,0.3306024,0.407369582,0.482957194
2026-04-22,Florida,Class III,0.8858,0.485502063,0.538771829,0.592859967
2026-04-22,Georgia,Class II,0.2164,0.421145836,0.474446323,0.527668895
2026-04-22,Idaho,Class II,1,0.620131894,0.697899471,0.777049134
2026-04-22,Illinois,Class II,0.1318,0.370335212,0.448600084,0.526296561
2026-04-22,Iowa,Class II,0.7788,0.468994636,0.526633295,0.583357204
2026-04-22,Kansas,Class II,0.9621,0.505705592,0.583355401,0.658946191
2026-04-22,Kentucky,Class II,0.9823,0.523511065,0.602301428,0.682184997
2026-04-22,Louisiana,Class II,0.9906,0.537006866,0.615186128,0.695369601
2026-04-22,Maine,Class II,0.2225,0.423499612,0.47554132,0.527802449
2026-04-22,Massachusetts,Class II,0,0.286841503,0.340274228,0.394107348
2026-04-22,Michigan,Class II,0.5597,0.452047278,0.504751747,0.55767375
2026-04-22,Minnesota,Class II,0.2152,0.412220724,0.472198253,0.532793171
2026-04-22,Mississippi,Class II,0.991,0.538964154,0.615569253,0.693196599
2026-04-22,Montana,Class II,0.9573,0.503310499,0.581750884,0.660555965
2026-04-22,Nebraska,Class II,0.9668,0.506700679,0.566790176,0.625519161
2026-04-22,New Hampshire,Class II,0.2529,0.423368707,0.477893653,0.531326297
2026-04-22,New Jersey,Class II,0.0952,0.361182505,0.438646946,0.517657352
2026-04-22,New Mexico,Class II,0.0954,0.35743787,0.437110733,0.51704854200000006
2026-04-22,North Carolina,Class II,0.3085,0.430296376,0.483552748,0.53613891
2026-04-22,Ohio,Class III,0.7585,0.46741905500000003,0.52373901,0.579764116
2026-04-22,Oklahoma,Class II,0.9957,0.550679077,0.631181175,0.708209063
2026-04-22,Oregon,Class II,0.0208,0.321683593,0.400612757,0.481468634
2026-04-22,Rhode Island,Class II,0.0132,0.313537411,0.393076821,0.474130753
2026-04-22,South Carolina,Class II,0.9839,0.515992524,0.567283742,0.619702198
2026-04-22,South Dakota,Class II,1,0.580650124,0.637869192,0.695762465
2026-04-22,Tennessee,Class II,0.9949,0.54507897,0.622271839,0.700095597
2026-04-22,Texas,Class II,0.8288,0.478428266,0.530233839,0.581361103
2026-04-22,Virginia,Class II,0.1169,0.367107391,0.445034622,0.524587055
2026-04-22,West Virginia,Class II,0.9997,0.604310191,0.684145194,0.762897405
2026-04-22,Wyoming,Class II,1,0.631103182,0.7162157,0.79790848
2026-04-23,Alabama,Class II,0.9975,0.557628537,0.638162084,0.719499281
2026-04-23,Alaska,Class II,0.8366,0.479047538,0.5312978,0.582930688
2026-04-23,Arkansas,Class II,0.9967,0.577745436,0.708889281,0.842313803
2026-04-23,Colorado,Class II,0.1586,0.368572468,0.450894068,0.532947896
2026-04-23,Delaware,Class II,0.0268,0.333059995,0.408520216,0.487201031
2026-04-23,Florida,Class III,0.8934,0.486097162,0.540050397,0.592830145
2026-04-23,Georgia,Class II,0.2238,0.423649237,0.475691057,0.52780369
2026-04-23,Idaho,Class II,0.9999,0.621876261,0.699156719,0.776701737
2026-04-23,Illinois,Class II,0.1378,0.369587007,0.449007547,0.527859097
2026-04-23,Iowa,Class II,0.7886,0.469980084,0.527665165,0.584798326
2026-04-23,Kansas,Class II,0.9643,0.507861247,0.584278624,0.659874082
2026-04-23,Kentucky,Class II,0.9856,0.524417433,0.602412369,0.680123552
2026-04-23,Louisiana,Class II,0.9916,0.534880389,0.615517076,0.694893433
2026-04-23,Maine,Class II,0.2383,0.424356474,0.476955046,0.528489771
2026-04-23,Massachusetts,Class II,0,0.286870024,0.341579738,0.394553749
2026-04-23,Michigan,Class II,0.5718,0.452077171,0.505862778,0.559321955
2026-04-23,Minnesota,Class II,0.2323,0.415619377,0.473813889,0.533687157
2026-04-23,Mississippi,Class II,0.9926,0.537753438,0.615886127,0.696467943
2026-04-23,Montana,Class II,0.9601,0.505309615,0.582598728,0.660932358
2026-04-23,Nebraska,Class II,0.969,0.507758532,0.567014142,0.626851402
2026-04-23,New Hampshire,Class II,0.2671,0.425595881,0.479448896,0.532885725
2026-04-23,New Jersey,Class II,0.1046,0.362037194,0.440322192,0.519118175
2026-04-23,New Mexico,Class II,0.1024,0.358585801,0.438316427,0.518625189
2026-04-23,North Carolina,Class II,0.3202,0.432428649,0.485061673,0.538314502
2026-04-23,Ohio,Class III,0.7694,0.469424158,0.524700238,0.579369866
2026-04-23,Oklahoma,Class II,0.9954,0.552358017,0.632084283,0.709982137
2026-04-23,Oregon,Class II,0.0216,0.321268729,0.401005693,0.481245484
2026-04-23,Rhode Island,Class II,0.0154,0.313827414,0.393984113,0.473709182
2026-04-23,South Carolina,Class II,0.9849,0.516463533,0.568237575,0.620379417
2026-04-23,South Dakota,Class II,1,0.582976102,0.639866281,0.696178982
2026-04-23,Tennessee,Class II,0.9952,0.545017815,0.622302681,0.700669028
2026-04-23,Texas,Class II,0.8455,0.480022143,0.531545184,0.582632017
2026-04-23,Virginia,Class II,0.1264,0.3664528,0.445240691,0.524964154
2026-04-23,West Virginia,Class II,0.9998,0.606909427,0.685549189,0.765555599
2026-04-23,Wyoming,Class II,1,0.631152966,0.716805422,0.800014027
2026-04-24,Alabama,Class II,0.9973,0.560507392,0.638802018,0.716171853
2026-04-24,Alaska,Class II,0.8432,0.480938399,0.530744796,0.581252448
2026-04-24,Arkansas,Class II,0.9952,0.580398783,0.71221021,0.841302402
2026-04-24,Colorado,Class II,0.1402,0.372615939,0.44945055,0.525878224
2026-04-24,Delaware,Class II,0.028,0.330045145,0.410085853,0.487179327
2026-04-24,Florida,Class III,0.881,0.484601809,0.537848481,0.590620121
2026-04-24,Georgia,Class II,0.2059,0.422145492,0.473936982,0.524952438
2026-04-24,Idaho,Class II,1,0.620657365,0.696431582,0.771191416
2026-04-24,Illinois,Class II,0.1612,0.37173649,0.452523883,0.528932231
2026-04-24,Iowa,Class II,0.7797,0.467937078,0.526100381,0.582071471
2026-04-24,Kansas,Class II,0.9649,0.507127846,0.582223772,0.655921278
2026-04-24,Kentucky,Class II,0.9848,0.524872919,0.604364005,0.680238296
2026-04-24,Louisiana,Class II,0.9916,0.538881946,0.615891796,0.691114462
2026-04-24,Maine,Class II,0.2291,0.423613646,0.476311515,0.528090539
2026-04-24,Massachusetts,Class II,2e-4,0.304169685,0.365014482,0.426192219
2026-04-24,Michigan,Class II,0.5651,0.450981029,0.504884924,0.557825063
2026-04-24,Minnesota,Class II,0.1999,0.414647166,0.47166705,0.527643802
2026-04-24,Mississippi,Class II,0.9921,0.53812724,0.615691598,0.691809379
2026-04-24,Montana,Class II,0.9597,0.50525868,0.581734114,0.655859497
2026-04-24,Nebraska,Class II,0.9701,0.507636195,0.565264169,0.622649018
2026-04-24,New Hampshire,Class II,0.1795,0.417409298,0.470443882,0.523721949
2026-04-24,New Jersey,Class II,0.1074,0.362231798,0.441401086,0.518791355
2026-04-24,New Mexico,Class II,0.1043,0.360322631,0.440228845,0.516829342
2026-04-24,North Carolina,Class II,0.2969,0.431877562,0.483410566,0.535691658
2026-04-24,Ohio,Class III,0.7655,0.469450593,0.524286464,0.578337214
2026-04-24,Oklahoma,Class II,0.9956,0.550738316,0.629752185,0.707600909
2026-04-24,Oregon,Class II,0.0197,0.323051825,0.401958961,0.479309837
2026-04-24,Rhode Island,Class II,0.0207,0.314850179,0.398449335,0.481116567
2026-04-24,South Carolina,Class II,0.9822,0.516111574,0.566774537,0.617119099
2026-04-24,South Dakota,Class II,1,0.582421783,0.638250087,0.693839682
2026-04-24,Tennessee,Class II,0.996,0.546601857,0.624748372,0.700017938
2026-04-24,Texas,Class II,0.8335,0.478503272,0.530165226,0.581923435
2026-04-24,Virginia,Class II,0.1265,0.36702747,0.446603742,0.522076476
2026-04-24,West Virginia,Class II,0.9999,0.607993986,0.687495699,0.766270571
2026-04-24,Wyoming,Class II,1,0.630816253,0.714080721,0.796004286
2026-04-25,Alabama,Class II,0.9977,0.557032183,0.637889932,0.717454365
2026-04-25,Alaska,Class II,0.8175,0.477363736,0.527893904,0.579052425
2026-04-25,Arkansas,Class II,0.9952,0.576659874,0.709001423,0.843277405
2026-04-25,Colorado,Class II,0.151,0.369203333,0.45032294,0.530320457
2026-04-25,Delaware,Class II,0.0268,0.327558117,0.406693347,0.485944769
2026-04-25,Florida,Class III,0.8774,0.484602746,0.537450153,0.590588899
2026-04-25,Georgia,Class II,0.1959,0.42106116,0.473188916,0.524074388
2026-04-25,Idaho,Class II,1,0.619340629,0.697616758,0.77580524
2026-04-25,Illinois,Class II,0.1379,0.370165047,0.448190924,0.527621653
2026-04-25,Iowa,Class II,0.7644,0.466749419,0.524997849,0.582577542
2026-04-25,Kansas,Class II,0.9638,0.506255336,0.582622713,0.659755751
2026-04-25,Kentucky,Class II,0.9803,0.520346051,0.601084463,0.68044713
2026-04-25,Louisiana,Class II,0.9903,0.534458245,0.613458457,0.691902509
2026-04-25,Maine,Class II,0.2006,0.42230364,0.473992324,0.525663365
2026-04-25,Massachusetts,Class II,0,0.303185484,0.36215748,0.421185174
2026-04-25,Michigan,Class II,0.5429,0.451645343,0.503298941,0.554525308
2026-04-25,Minnesota,Class II,0.1796,0.414350246,0.469467838,0.524692992
2026-04-25,Mississippi,Class II,0.9933,0.537446474,0.615029849,0.69312433
2026-04-25,Montana,Class II,0.9575,0.503227258,0.580698796,0.657949756
2026-04-25,Nebraska,Class II,0.9578,0.50321887,0.563705091,0.622749136
2026-04-25,New Hampshire,Class II,0.1607,0.415640376,0.46820484,0.519595167
2026-04-25,New Jersey,Class II,0.1001,0.3602305,0.438150429,0.517859151
2026-04-25,New Mexico,Class II,0.0922,0.356934141,0.436280675,0.516776
2026-04-25,North Carolina,Class II,0.2811,0.429913504,0.48161259,0.533735225
2026-04-25,Ohio,Class III,0.7566,0.468462856,0.522390579,0.574896655
2026-04-25,Oklahoma,Class II,0.9957,0.548021462,0.629489522,0.708671541
2026-04-25,Oregon,Class II,0.0192,0.320256878,0.399049653,0.477192727
2026-04-25,Rhode Island,Class II,0.0135,0.314082922,0.392727501,0.471640303
2026-04-25,South Carolina,Class II,0.9832,0.514755926,0.565414864,0.614733679
2026-04-25,South Dakota,Class II,1,0.581022167,0.637018887,0.693616057
2026-04-25,Tennessee,Class II,0.9935,0.543516729,0.62181511,0.699870885
2026-04-25,Texas,Class II,0.8186,0.476896794,0.528192173,0.578729846
2026-04-25,Virginia,Class II,0.1144,0.364018509,0.442945144,0.523057295
2026-04-25,West Virginia,Class II,1,0.604872907,0.683481731,0.762056476
2026-04-25,Wyoming,Class II,0.9999,0.628532271,0.715904358,0.799476153
2026-04-26,Alabama,Class II,0.996,0.556737357,0.637750119,0.718531339
2026-04-26,Alaska,Class II,0.8227,0.477134192,0.528755004,0.580849509
2026-04-26,Arkansas,Class II,0.9953,0.57589317,0.708812697,0.84520446
2026-04-26,Colorado,Class II,0.1477,0.369640821,0.448863815,0.529385597
2026-04-26,Delaware,Class II,0.0255,0.327155306,0.40628423,0.484160018
2026-04-26,Florida,Class III,0.873,0.483332106,0.537005036,0.591451868
2026-04-26,Georgia,Class II,0.2072,0.420011408,0.473770014,0.527229155
2026-04-26,Idaho,Class II,1,0.62127166,0.697125767,0.774545521
2026-04-26,Illinois,Class II,0.1274,0.368654088,0.447018487,0.526717632
2026-04-26,Iowa,Class II,0.7619,0.467903629,0.524569317,0.580870289
2026-04-26,Kansas,Class II,0.959,0.50363301,0.581061694,0.657197043
2026-04-26,Kentucky,Class II,0.9802,0.520649571,0.60136493,0.680021049
2026-04-26,Louisiana,Class II,0.9881,0.534873046,0.614422192,0.693700859
2026-04-26,Maine,Class II,0.2023,0.422499513,0.474234757,0.526596324
2026-04-26,Massachusetts,Class II,0,0.301750769,0.361187215,0.421280501
2026-04-26,Michigan,Class II,0.5457,0.451130548,0.503279661,0.556528155
2026-04-26,Minnesota,Class II,0.1872,0.413498869,0.469920252,0.525295287
2026-04-26,Mississippi,Class II,0.9908,0.536673412,0.614778557,0.691457894
2026-04-26,Montana,Class II,0.9539,0.502124021,0.58087425,0.657911514
2026-04-26,Nebraska,Class II,0.9651,0.505234885,0.565152664,0.625239217
2026-04-26,New Hampshire,Class II,0.1621,0.414623824,0.467630789,0.521230699
2026-04-26,New Jersey,Class II,0.0958,0.358425081,0.437896495,0.517151078
2026-04-26,New Mexico,Class II,0.0913,0.358643157,0.436054306,0.515176122
2026-04-26,North Carolina,Class II,0.2815,0.42703957,0.481195636,0.534722125
2026-04-26,Ohio,Class III,0.7488,0.467467206,0.521936903,0.576310404
2026-04-26,Oklahoma,Class II,0.994,0.549695975,0.630641846,0.709258209
2026-04-26,Oregon,Class II,0.0166,0.318392683,0.398823834,0.477719395
2026-04-26,Rhode Island,Class II,0.0137,0.31256363,0.391694496,0.471808322
2026-04-26,South Carolina,Class II,0.9812,0.514326163,0.565607259,0.618001037
2026-04-26,South Dakota,Class II,1,0.58037077,0.637599705,0.694138335
2026-04-26,Tennessee,Class II,0.9927,0.542950178,0.621403866,0.698293712
2026-04-26,Texas,Class II,0.8276,0.478415478,0.529214582,0.580623397
2026-04-26,Virginia,Class II,0.1126,0.365669389,0.442902764,0.519798312
2026-04-26,West Virginia,Class II,0.9997,0.605912366,0.683935471,0.763623829
2026-04-26,Wyoming,Class II,1,0.628785899,0.715157165,0.798929288
2026-04-27,Alabama,Class II,0.9966,0.554192919,0.634935614,0.715947401
2026-04-27,Alaska,Class II,0.8142,0.477210633,0.528022344,0.5790454
2026-04-27,Arkansas,Class II,0.9926,0.556545575,0.69975066,0.84134474
2026-04-27,Colorado,Class II,0.1494,0.37091175,0.450729238,0.53063063
2026-04-27,Delaware,Class II,0.0215,0.328167356,0.40558148,0.482010199
2026-04-27,Florida,Class III,0.8717,0.483239104,0.537055119,0.590839831
2026-04-27,Georgia,Class II,0.1985,0.422326332,0.47325685,0.524489186
2026-04-27,Idaho,Class II,0.9999,0.619018955,0.696634623,0.77359601
2026-04-27,Illinois,Class II,0.1339,0.368523257,0.44726353,0.526184859
2026-04-27,Iowa,Class II,0.7651,0.46819848,0.524778048,0.581609677
2026-04-27,Kansas,Class II,0.9605,0.505069804,0.581401915,0.656027741
2026-04-27,Kentucky,Class II,0.9829,0.522778545,0.600544895,0.677958219
2026-04-27,Louisiana,Class II,0.9892,0.532866641,0.611974817,0.691730961
2026-04-27,Maine,Class II,0.201,0.423091987,0.473714667,0.525997636
2026-04-27,Massachusetts,Class II,1e-4,0.302105177,0.361395002,0.421112349
2026-04-27,Michigan,Class II,0.5329,0.450816646,0.502651164,0.554818426
2026-04-27,Minnesota,Class II,0.181,0.414208717,0.469341487,0.524316818
2026-04-27,Mississippi,Class II,0.992,0.535621759,0.613232164,0.69085035400000006
2026-04-27,Montana,Class II,0.9553,0.502718319,0.580501013,0.657362476
2026-04-27,Nebraska,Class II,0.9645,0.505479213,0.564607878,0.623542108
2026-04-27,New Hampshire,Class II,0.1564,0.414757963,0.467979184,0.520700081
2026-04-27,New Jersey,Class II,0.0957,0.361261745,0.438648309,0.51634223
2026-04-27,New Mexico,Class II,0.0906,0.356958859,0.436090302,0.514820476
2026-04-27,North Carolina,Class II,0.2776,0.428848399,0.481138219,0.533152391
2026-04-27,Ohio,Class III,0.7407,0.466107938,0.520931799,0.575254705
2026-04-27,Oklahoma,Class II,0.996,0.548364308,0.629057281,0.707788284
2026-04-27,Oregon,Class II,0.0194,0.319211019,0.399220379,0.479295016
2026-04-27,Rhode Island,Class II,0.0131,0.313846091,0.391865554,0.471170589
2026-04-27,South Carolina,Class II,0.9833,0.51463744,0.565480629,0.616663077
2026-04-27,South Dakota,Class II,1,0.580333619,0.636871004,0.693370465
2026-04-27,Tennessee,Class II,0.9945,0.544017916,0.621158429,0.698377148
2026-04-27,Texas,Class II,0.8177,0.47786557,0.528115672,0.579297123
2026-04-27,Virginia,Class II,0.1093,0.365979557,0.442733304,0.51968434
2026-04-27,West Virginia,Class II,1,0.605341105,0.682532134,0.761633098
2026-04-27,Wyoming,Class II,0.9999,0.627377864,0.713248105,0.79632232
2026-04-28,Alabama,Class II,0.9963,0.555419535,0.633033985,0.714617414
2026-04-28,Alaska,Class II,0.827,0.478551798,0.528770918,0.578965014
2026-04-28,Arkansas,Class II,0.9886,0.533032716,0.674252719,0.830908526
2026-04-28,Colorado,Class II,0.1426,0.374565659,0.450381015,0.528157797
2026-04-28,Delaware,Class II,0.0217,0.333101751,0.408482112,0.483833277
2026-04-28,Florida,Class III,0.9052,0.490468463,0.541439557,0.592745271
2026-04-28,Georgia,Class II,0.2202,0.425771645,0.476139359,0.527718536
2026-04-28,Idaho,Class II,0.9999,0.607176464,0.688792893,0.771786755
2026-04-28,Illinois,Class II,0.1589,0.37703552,0.454284105,0.529159408
2026-04-28,Iowa,Class II,0.814,0.474346464,0.530062928,0.585158053
2026-04-28,Kansas,Class II,0.9717,0.513289845,0.58536157,0.657296832
2026-04-28,Kentucky,Class II,0.9806,0.521040186,0.597352561,0.675684177
2026-04-28,Louisiana,Class II,0.9924,0.533382001,0.610207433,0.690234535
2026-04-28,Maine,Class II,0.2148,0.424613907,0.475883583,0.526398585
2026-04-28,Massachusetts,Class II,1e-4,0.304177718,0.362698517,0.42051081
2026-04-28,Michigan,Class II,0.5815,0.455827442,0.506643222,0.557790626
2026-04-28,Minnesota,Class II,0.2171,0.420227465,0.473850859,0.52708001
2026-04-28,Mississippi,Class II,0.992,0.533408927,0.609095294,0.687716208
2026-04-28,Montana,Class II,0.965,0.508750617,0.584848322,0.660441963
2026-04-28,Nebraska,Class II,0.9744,0.510620039,0.568839121,0.625865397
2026-04-28,New Hampshire,Class II,0.1696,0.418669966,0.469944413,0.522318911
2026-04-28,New Jersey,Class II,0.0929,0.366287263,0.439935072,0.515508273
2026-04-28,New Mexico,Class II,0.0762,0.356565568,0.432525941,0.509883927
2026-04-28,North Carolina,Class II,0.3195,0.434213773,0.485495988,0.537143084
2026-04-28,Ohio,Class III,0.7936,0.471764354,0.525699577,0.578873095
2026-04-28,Oklahoma,Class II,0.9973,0.557131889,0.633825718,0.708169082
2026-04-28,Oregon,Class II,0.0157,0.323748213,0.3990839,0.475045067
2026-04-28,Rhode Island,Class II,0.0104,0.316121485,0.390656549,0.467242975
2026-04-28,South Carolina,Class II,0.9877,0.517153546,0.567223295,0.617021399
2026-04-28,South Dakota,Class II,1,0.58534339,0.63905883,0.694091796
2026-04-28,Tennessee,Class II,0.9945,0.538799573,0.615635066,0.695253404
2026-04-28,Texas,Class II,0.7078,0.465580205,0.517580828,0.569996557
2026-04-28,Virginia,Class II,0.1097,0.370000122,0.443815175,0.520192119
2026-04-28,West Virginia,Class II,0.9999,0.595854275,0.675176109,0.756546753
2026-04-28,Wyoming,Class II,1,0.627288597,0.709499209,0.794741213
2026-04-29,Alabama,Class II,0.9939,0.540726949,0.617450772,0.693957435
2026-04-29,Alaska,Class II,0.7177,0.466936759,0.517638667,0.56711631
2026-04-29,Arkansas,Class II,0.994,0.57714252,0.710440077,0.844135025
2026-04-29,Colorado,Class II,0.0517,0.349552729,0.425856447,0.501082057
2026-04-29,Delaware,Class II,0.0158,0.322794096,0.399215844,0.474686372
2026-04-29,Florida,Class III,0.8438,0.478725863,0.532164723,0.58421877
2026-04-29,Georgia,Class II,0.1541,0.416303978,0.468297816,0.519975135
2026-04-29,Idaho,Class II,0.9997,0.599367361,0.671722034,0.745670481
2026-04-29,Illinois,Class II,0.0812,0.357259358,0.434878359,0.510669025
2026-04-29,Iowa,Class II,0.7187,0.462852738,0.519388,0.576400959
2026-04-29,Kansas,Class II,0.9604,0.504887405,0.576789743,0.652263086
2026-04-29,Kentucky,Class II,0.9933,0.538693726,0.618029432,0.695265975
2026-04-29,Louisiana,Class II,0.9819,0.522190765,0.600322292,0.676442474
2026-04-29,Maine,Class II,0.21,0.424052295,0.474827113,0.524989893
2026-04-29,Massachusetts,Class II,0,0.298128585,0.356999236,0.415272301
2026-04-29,Michigan,Class II,0.45,0.44270074,0.495638528,0.547186072
2026-04-29,Minnesota,Class II,0.1363,0.406879342,0.462482268,0.517601196
2026-04-29,Mississippi,Class II,0.9831,0.522659819,0.597100366,0.670717473
2026-04-29,Montana,Class II,0.9382,0.494342554,0.57221131,0.64861035
2026-04-29,Nebraska,Class II,0.9661,0.506048028,0.56436062,0.622966508
2026-04-29,New Hampshire,Class II,0.1225,0.410010925,0.46293654,0.515442183
2026-04-29,New Jersey,Class II,0.0654,0.355388839,0.431324285,0.506641852
2026-04-29,New Mexico,Class II,0.1079,0.367055959,0.443757614,0.520069281
2026-04-29,North Carolina,Class II,0.2208,0.422270818,0.475369355,0.527959906
2026-04-29,Ohio,Class III,0.6685,0.459589004,0.513761951,0.566830748
2026-04-29,Oklahoma,Class II,0.9935,0.542286264,0.622377944,0.70045581
2026-04-29,Oregon,Class II,0.0195,0.328883995,0.403982372,0.479409927
2026-04-29,Rhode Island,Class II,0.0075,0.311712695,0.386797697,0.463307996
2026-04-29,South Carolina,Class II,0.9764,0.510169571,0.559604047,0.608552308
2026-04-29,South Dakota,Class II,0.9999,0.578517938,0.634517911,0.690589388
2026-04-29,Tennessee,Class II,0.9986,0.569479525,0.643640159,0.716386554
2026-04-29,Texas,Class II,0.766,0.470089091,0.522931829,0.574930732
2026-04-29,Virginia,Class II,0.0903,0.362236837,0.437322905,0.513853055
2026-04-29,West Virginia,Class II,0.9999,0.632950422,0.707420822,0.781175263
2026-04-29,Wyoming,Class II,1,0.611294843,0.695953501,0.778972204
2026-04-30,Alabama,Class II,0.9939,0.539952192,0.617631282,0.693529513
2026-04-30,Alaska,Class II,0.7168,0.467400419,0.517390344,0.567391644
2026-04-30,Arkansas,Class II,0.9964,0.577637745,0.708837649,0.844443074
2026-04-30,Colorado,Class II,0.0545,0.34873858,0.425510873,0.502320702
2026-04-30,Delaware,Class II,0.0172,0.324542405,0.398377666,0.475174907
2026-04-30,Florida,Class III,0.834,0.478760143,0.530991562,0.582245604
2026-04-30,Georgia,Class II,0.1454,0.416084249,0.467406621,0.517674125
2026-04-30,Idaho,Class II,0.9998,0.59498850700000006,0.670927311,0.746096711
2026-04-30,Illinois,Class II,0.0825,0.358412756,0.434937866,0.511625067
2026-04-30,Iowa,Class II,0.7045,0.461180051,0.518282469,0.573597758
2026-04-30,Kansas,Class II,0.9536,0.501445987,0.577075907,0.651147223
2026-04-30,Kentucky,Class II,0.9933,0.541312116,0.618403942,0.697468299
2026-04-30,Louisiana,Class II,0.9823,0.521373274,0.598994616,0.675634992
2026-04-30,Maine,Class II,0.1859,0.423214662,0.473094839,0.523065498
2026-04-30,Massachusetts,Class II,0,0.298310894,0.356108409,0.413171485
2026-04-30,Michigan,Class II,0.4319,0.442655388,0.494409849,0.54653953
2026-04-30,Minnesota,Class II,0.1218,0.406108955,0.46115316,0.516266881
2026-04-30,Mississippi,Class II,0.9842,0.522194038,0.595485607,0.670746642
2026-04-30,Montana,Class II,0.9385,0.495011579,0.571209713,0.647281916
2026-04-30,Nebraska,Class II,0.9586,0.503115702,0.562356266,0.621350627
2026-04-30,New Hampshire,Class II,0.1173,0.409933833,0.462196569,0.514349656
2026-04-30,New Jersey,Class II,0.0643,0.355150906,0.429906374,0.506523128
2026-04-30,New Mexico,Class II,0.1075,0.366836046,0.442784021,0.518575157
2026-04-30,North Carolina,Class II,0.2048,0.421985672,0.473989736,0.52556018
2026-04-30,Ohio,Class III,0.6538,0.458701988,0.513048134,0.567912612
2026-04-30,Oklahoma,Class II,0.9913,0.543535287,0.62222435,0.699894571
2026-04-30,Oregon,Class II,0.0207,0.327935024,0.40398637,0.479610582
2026-04-30,Rhode Island,Class II,0.0061,0.310122431,0.385889635,0.46232285
2026-04-30,South Carolina,Class II,0.9726,0.508999568,0.558964062,0.608997566
2026-04-30,South Dakota,Class II,1,0.578093779,0.632481947,0.687252769
2026-04-30,Tennessee,Class II,0.9993,0.568180143,0.643115761,0.716913029
2026-04-30,Texas,Class II,0.7508,0.469525903,0.521515579,0.573704342
2026-04-30,Virginia,Class II,0.0821,0.36085378,0.4359502,0.51168617
2026-04-30,West Virginia,Class II,1,0.630868458,0.70642955,0.780517904
2026-04-30,Wyoming,Class II,0.9997,0.612234071,0.69544503,0.776769326
2026-05-01,Alabama,Class II,0.9909,0.534140798,0.613005352,0.691024587
2026-05-01,Alaska,Class II,0.6456,0.461767946,0.511751608,0.56289937
2026-05-01,Arkansas,Class II,0.9924,0.570339695,0.706655054,0.841995183
2026-05-01,Colorado,Class II,0.0416,0.342274643,0.419980433,0.496570433
2026-05-01,Delaware,Class II,0.013,0.317036587,0.393979343,0.470637841
2026-05-01,Florida,Class III,0.7826,0.472080667,0.525374062,0.578321662
2026-05-01,Georgia,Class II,0.1136,0.41003655,0.461637263,0.514182697
2026-05-01,Idaho,Class II,0.9998,0.591108627,0.667242871,0.741622242
2026-05-01,Illinois,Class II,0.0695,0.350986832,0.430196091,0.507296018
2026-05-01,Iowa,Class II,0.6493,0.456251664,0.513059936,0.57005456
2026-05-01,Kansas,Class II,0.9438,0.497093362,0.572605303,0.646003716
2026-05-01,Kentucky,Class II,0.9902,0.534203823,0.613161251,0.692211227
2026-05-01,Louisiana,Class II,0.9772,0.517609725,0.59524633,0.672760411
2026-05-01,Maine,Class II,0.1585,0.417209207,0.46865548,0.520168973
2026-05-01,Massachusetts,Class II,0,0.292046967,0.350575797,0.40906758
2026-05-01,Michigan,Class II,0.3659,0.436447994,0.489209438,0.542539375
2026-05-01,Minnesota,Class II,0.0947,0.399376109,0.455962239,0.512578348
2026-05-01,Mississippi,Class II,0.9774,0.517189485,0.592235404,0.667928623
2026-05-01,Montana,Class II,0.923,0.489576311,0.566434784,0.643748443
2026-05-01,Nebraska,Class II,0.9481,0.499148782,0.55737971,0.615803985
2026-05-01,New Hampshire,Class II,0.0931,0.403719169,0.457212551,0.510362523
2026-05-01,New Jersey,Class II,0.057,0.347304312,0.425095024,0.503233526
2026-05-01,New Mexico,Class II,0.0923,0.358152137,0.437560069,0.516142375
2026-05-01,North Carolina,Class II,0.1614,0.415000434,0.467906475,0.520565016
2026-05-01,Ohio,Class III,0.5867,0.452153988,0.506900217,0.561562333
2026-05-01,Oklahoma,Class II,0.9902,0.536434516,0.617507097,0.695834489
2026-05-01,Oregon,Class II,0.0168,0.322790684,0.399570394,0.477027598
2026-05-01,Rhode Island,Class II,0.0051,0.304011666,0.381727103,0.458857137
2026-05-01,South Carolina,Class II,0.9619,0.504271765,0.553596993,0.603046722
2026-05-01,South Dakota,Class II,0.9999,0.573016139,0.628453801,0.683488311
2026-05-01,Tennessee,Class II,0.9982,0.564790406,0.639484542,0.714216027
2026-05-01,Texas,Class II,0.7005,0.464025619,0.516538489,0.569602012
2026-05-01,Virginia,Class II,0.0726,0.353406038,0.431923399,0.507338587
2026-05-01,West Virginia,Class II,1,0.627576537,0.703285635,0.779819106
2026-05-01,Wyoming,Class II,0.9997,0.605224263,0.690737625,0.774975815
2026-05-02,Alabama,Class II,0.9887,0.531490237,0.613188445,0.692236313
2026-05-02,Alaska,Class II,0.6281,0.459201459,0.510304504,0.561761239
2026-05-02,Arkansas,Class II,0.9933,0.570183786,0.703681979,0.839571264
2026-05-02,Colorado,Class II,0.041,0.341764682,0.419889815,0.49607788
2026-05-02,Delaware,Class II,0.0112,0.317102117,0.393320799,0.470415456
2026-05-02,Florida,Class III,0.7718,0.471355945,0.523597173,0.575882448
2026-05-02,Georgia,Class II,0.1007,0.407773756,0.459714491,0.511616856
2026-05-02,Idaho,Class II,0.9999,0.589868322,0.66727367,0.743696788
2026-05-02,Illinois,Class II,0.0685,0.348947202,0.428778254,0.507711468
2026-05-02,Iowa,Class II,0.6206,0.454562717,0.510822731,0.566203625
2026-05-02,Kansas,Class II,0.9448,0.497537816,0.573248349,0.648506944
2026-05-02,Kentucky,Class II,0.989,0.534712656,0.613228305,0.692513964
2026-05-02,Louisiana,Class II,0.9744,0.514902046,0.594201477,0.670657606
2026-05-02,Maine,Class II,0.1451,0.416082191,0.466943027,0.516769333
2026-05-02,Massachusetts,Class II,0,0.29155292,0.349343062,0.407854822
2026-05-02,Michigan,Class II,0.3461,0.435548134,0.487472691,0.540390278
2026-05-02,Minnesota,Class II,0.0862,0.39879892,0.454213277,0.50925326
2026-05-02,Mississippi,Class II,0.9752,0.515320817,0.592241614,0.668114556
2026-05-02,Montana,Class II,0.9176,0.487332996,0.56576058,0.643021285
2026-05-02,Nebraska,Class II,0.9389,0.495989397,0.55582237,0.615207933
2026-05-02,New Hampshire,Class II,0.0837,0.402660446,0.455263408,0.509035964
2026-05-02,New Jersey,Class II,0.0497,0.347258686,0.424434135,0.499908767
2026-05-02,New Mexico,Class II,0.0978,0.36137775,0.438293549,0.516505642
2026-05-02,North Carolina,Class II,0.1457,0.414025591,0.466438456,0.518602058
2026-05-02,Ohio,Class III,0.5694,0.450967228,0.505596306,0.559956538
2026-05-02,Oklahoma,Class II,0.9891,0.534783011,0.616704548,0.695541771
2026-05-02,Oregon,Class II,0.015,0.322586459,0.398822846,0.47490529
2026-05-02,Rhode Island,Class II,0.0047,0.304571576,0.381119998,0.458665639
2026-05-02,South Carolina,Class II,0.9586,0.502605197,0.552476713,0.60316527
2026-05-02,South Dakota,Class II,0.9999,0.570639138,0.626425935,0.68191669
2026-05-02,Tennessee,Class II,0.9991,0.565147239,0.638505057,0.713949791
2026-05-02,Texas,Class II,0.6826,0.461383341,0.514912147,0.567358472
2026-05-02,Virginia,Class II,0.0693,0.353925976,0.431326668,0.50819524
2026-05-02,West Virginia,Class II,1,0.62706351,0.702448624,0.77824003
2026-05-02,Wyoming,Class II,0.9997,0.603041332,0.690165543,0.773738836
2026-05-03,Alabama,Class II,0.9923,0.538149757,0.618943177,0.695789538
2026-05-03,Alaska,Class II,0.678,0.463510365,0.513911005,0.563566584
2026-05-03,Arkansas,Class II,0.996,0.574763893,0.718633842,0.846774052
2026-05-03,Colorado,Class II,0.048,0.34689096,0.423845237,0.499154218
2026-05-03,Delaware,Class II,0.0125,0.321321836,0.397576174,0.470905429
2026-05-03,Florida,Class III,0.8204,0.476296724,0.528678122,0.579994869
2026-05-03,Georgia,Class II,0.128,0.41385676,0.464410972,0.515645108
2026-05-03,Idaho,Class II,0.9997,0.595043263,0.66959119,0.74243904
2026-05-03,Illinois,Class II,0.088,0.35527738,0.435195149,0.514387531
2026-05-03,Iowa,Class II,0.684,0.459816847,0.516623151,0.572989584
2026-05-03,Kansas,Class II,0.9549,0.502039036,0.575817811,0.647537811
2026-05-03,Kentucky,Class II,0.9931,0.540305665,0.61855446,0.695450602
2026-05-03,Louisiana,Class II,0.9803,0.521352712,0.599118917,0.67311048
2026-05-03,Maine,Class II,0.1721,0.420649498,0.471035127,0.521749476
2026-05-03,Massachusetts,Class II,0,0.294318422,0.35315902,0.410364809
2026-05-03,Michigan,Class II,0.4054,0.438893135,0.492134466,0.543925192
2026-05-03,Minnesota,Class II,0.1151,0.402858402,0.459089958,0.514787296
2026-05-03,Mississippi,Class II,0.9794,0.519619166,0.594671873,0.668023778
2026-05-03,Montana,Class II,0.9347,0.492442584,0.572046752,0.647979357
2026-05-03,Nebraska,Class II,0.953,0.501250776,0.561606699,0.619810525
2026-05-03,New Hampshire,Class II,0.10780000000000001,0.406328753,0.460131728,0.51276296
2026-05-03,New Jersey,Class II,0.0593,0.35454745,0.429749717,0.503862483
2026-05-03,New Mexico,Class II,0.1061,0.366884745,0.442838751,0.518486669
2026-05-03,North Carolina,Class II,0.175,0.419896777,0.470801708,0.523075334
2026-05-03,Ohio,Class III,0.6273,0.455163526,0.510041906,0.562904038
2026-05-03,Oklahoma,Class II,0.9917,0.539585052,0.622103054,0.699747772
2026-05-03,Oregon,Class II,0.0151,0.329170482,0.40343356,0.477322751
2026-05-03,Rhode Island,Class II,0.0058,0.307454615,0.386141775,0.46202012
2026-05-03,South Carolina,Class II,0.966,0.505385237,0.555980619,0.606209207
2026-05-03,South Dakota,Class II,1,0.573974138,0.630186092,0.684659987
2026-05-03,Tennessee,Class II,0.9993,0.566792334,0.6424052,0.715375764
2026-05-03,Texas,Class II,0.7383,0.468182834,0.52014902,0.572810637
2026-05-03,Virginia,Class II,0.0786,0.35945420300000003,0.435995687,0.509814998
2026-05-03,West Virginia,Class II,0.9999,0.631257893,0.705004637,0.778050258
2026-05-03,Wyoming,Class II,0.9998,0.610856822,0.6930614,0.772993389
2026-05-04,Alabama,Class II,0.9902,0.53416841,0.614546927,0.691705312
2026-05-04,Alaska,Class II,0.6609,0.461458847,0.512610551,0.563245511
2026-05-04,Arkansas,Class II,0.9953,0.574130448,0.707235846,0.841228672
2026-05-04,Colorado,Class II,0.0457,0.344637348,0.421419946,0.498353548
2026-05-04,Delaware,Class II,0.0117,0.318891798,0.395183606,0.471319372
2026-05-04,Florida,Class III,0.8119,0.475818082,0.527737722,0.579310224
2026-05-04,Georgia,Class II,0.1222,0.413406995,0.464246673,0.514908598
2026-05-04,Idaho,Class II,0.9999,0.591592867,0.668713071,0.742767611
2026-05-04,Illinois,Class II,0.0775,0.354970568,0.432278589,0.509529765
2026-05-04,Iowa,Class II,0.6713,0.458531404,0.514781585,0.571006886
2026-05-04,Kansas,Class II,0.9519,0.500897127,0.574619621,0.646978775
2026-05-04,Kentucky,Class II,0.991,0.536706594,0.614732354,0.692204561
2026-05-04,Louisiana,Class II,0.9761,0.516727243,0.596097716,0.672963906
2026-05-04,Maine,Class II,0.1719,0.419423009,0.470849411,0.520844087
2026-05-04,Massachusetts,Class II,1e-4,0.294188838,0.352667294,0.411002244
2026-05-04,Michigan,Class II,0.3935,0.437929058,0.491101299,0.543233292
2026-05-04,Minnesota,Class II,0.1077,0.402470966,0.45815388,0.512909019
2026-05-04,Mississippi,Class II,0.9814,0.520206854,0.594736766,0.669371356
2026-05-04,Montana,Class II,0.9248,0.489897198,0.568401224,0.644408071
2026-05-04,Nebraska,Class II,0.9525,0.500861266,0.559935392,0.617314553
2026-05-04,New Hampshire,Class II,0.0969,0.406804597,0.459090844,0.510801768
2026-05-04,New Jersey,Class II,0.052,0.351526366,0.426739086,0.500904927
2026-05-04,New Mexico,Class II,0.0967,0.363140433,0.440051577,0.515905596
2026-05-04,North Carolina,Class II,0.1645,0.418688171,0.469819904,0.521663344
2026-05-04,Ohio,Class III,0.6095,0.455671817,0.509156632,0.562345738
2026-05-04,Oklahoma,Class II,0.9904,0.537935639,0.619122092,0.697446178
2026-05-04,Oregon,Class II,0.0171,0.324890357,0.40055336,0.476102702
2026-05-04,Rhode Island,Class II,0.0067,0.306722517,0.3823378,0.458541282
2026-05-04,South Carolina,Class II,0.9647,0.504684242,0.555609936,0.606152998
2026-05-04,South Dakota,Class II,0.9999,0.575026179,0.629959321,0.685948046
2026-05-04,Tennessee,Class II,0.9986,0.562828112,0.639736102,0.713682859
2026-05-04,Texas,Class II,0.7162,0.46583408,0.51819186,0.5701794
2026-05-04,Virginia,Class II,0.0698,0.356857719,0.433304179,0.507853472
2026-05-04,West Virginia,Class II,1,0.628654745,0.70401059,0.779658871
2026-05-04,Wyoming,Class II,0.9997,0.607584781,0.692490467,0.773164659
2026-05-05,Alabama,Class II,0.9899,0.534489299,0.613107245,0.691062795
2026-05-05,Alaska,Class II,0.6688,0.462173442,0.513499151,0.564070424
2026-05-05,Arkansas,Class II,0.9949,0.575288008,0.708600447,0.844113328
2026-05-05,Colorado,Class II,0.0463,0.344190613,0.421274724,0.498580015
2026-05-05,Delaware,Class II,0.013,0.318957338,0.395807329,0.471521354
2026-05-05,Florida,Class III,0.7981,0.473429769,0.527055513,0.579877095
2026-05-05,Georgia,Class II,0.1219,0.412836962,0.463620738,0.515427509
2026-05-05,Idaho,Class II,0.9997,0.593473764,0.668587101,0.742448728
2026-05-05,Illinois,Class II,0.0715,0.354090077,0.431112596,0.507607004
2026-05-05,Iowa,Class II,0.6595,0.457620186,0.513989633,0.570458342
2026-05-05,Kansas,Class II,0.9493,0.499535976,0.574019574,0.64940235
2026-05-05,Kentucky,Class II,0.9904,0.536506826,0.614434426,0.691487105
2026-05-05,Louisiana,Class II,0.9766,0.515961782,0.595217148,0.672531277
2026-05-05,Maine,Class II,0.1707,0.419856118,0.470347465,0.52039779
2026-05-05,Massachusetts,Class II,0,0.293836329,0.35239266,0.410814951
2026-05-05,Michigan,Class II,0.3857,0.437315174,0.49036103,0.541774133
2026-05-05,Minnesota,Class II,0.1042,0.402806951,0.457751489,0.51466467
2026-05-05,Mississippi,Class II,0.9807,0.519498898,0.59407826,0.669699461
2026-05-05,Montana,Class II,0.9282,0.49086429,0.567971987,0.644656397
2026-05-05,Nebraska,Class II,0.9488,0.499883098,0.559255811,0.61655924
2026-05-05,New Hampshire,Class II,0.0986,0.406053667,0.459208883,0.512127384
2026-05-05,New Jersey,Class II,0.0566,0.348599505,0.426676061,0.50312184
2026-05-05,New Mexico,Class II,0.1058,0.36327805,0.440547078,0.518023299
2026-05-05,North Carolina,Class II,0.1709,0.41821479,0.470210207,0.521910209
2026-05-05,Ohio,Class III,0.591,0.453562574,0.508120718,0.562699482
2026-05-05,Oklahoma,Class II,0.99,0.53562092,0.619192418,0.699407083
2026-05-05,Oregon,Class II,0.0182,0.322389744,0.40019536,0.477535484
2026-05-05,Rhode Island,Class II,0.0061,0.306070576,0.383418273,0.460149952
2026-05-05,South Carolina,Class II,0.9654,0.505067533,0.555045464,0.604508046
2026-05-05,South Dakota,Class II,0.9998,0.572965413,0.629802822,0.686229648
2026-05-05,Tennessee,Class II,0.9981,0.562958648,0.63954327,0.714867704
2026-05-05,Texas,Class II,0.7155,0.464909875,0.51791773,0.570885163
2026-05-05,Virginia,Class II,0.0753,0.35580228,0.432571384,0.509121754
2026-05-05,West Virginia,Class II,1,0.629018664,0.704286906,0.779846099
2026-05-05,Wyoming,Class II,0.9998,0.604507682,0.691581529,0.774424289
2026-05-06,Alabama,Class II,0.9917,0.536538784,0.614628308,0.692888632
2026-05-06,Alaska,Class II,0.6619,0.463020689,0.512943892,0.563293017
2026-05-06,Arkansas,Class II,0.9952,0.57726685,0.710283703,0.846404663
2026-05-06,Colorado,Class II,0.0453,0.345198622,0.421949001,0.498276571
2026-05-06,Delaware,Class II,0.0127,0.319861199,0.396160043,0.471648371
2026-05-06,Florida,Class III,0.7972,0.473903925,0.526725622,0.579686603
2026-05-06,Georgia,Class II,0.1186,0.413093024,0.463147565,0.514777071
2026-05-06,Idaho,Class II,0.9999,0.594153193,0.669583975,0.743340083
2026-05-06,Illinois,Class II,0.0665,0.352785159,0.431242324,0.506761604
2026-05-06,Iowa,Class II,0.6715,0.458414785,0.514750274,0.571262834
2026-05-06,Kansas,Class II,0.9502,0.500096913,0.574368793,0.648479519
2026-05-06,Kentucky,Class II,0.9906,0.53646386,0.614669384,0.693357565
2026-05-06,Louisiana,Class II,0.9761,0.517484013,0.59641965,0.673059843
2026-05-06,Maine,Class II,0.1653,0.418915723,0.469709113,0.520510659
2026-05-06,Massachusetts,Class II,0,0.294061308,0.351982059,0.409434379
2026-05-06,Michigan,Class II,0.3767,0.438371664,0.490362309,0.542845251
2026-05-06,Minnesota,Class II,0.1013,0.402672637,0.457255483,0.512296855
2026-05-06,Mississippi,Class II,0.9775,0.518048683,0.594409502,0.668066368
2026-05-06,Montana,Class II,0.9233,0.488986494,0.56750331,0.645123786
2026-05-06,Nebraska,Class II,0.9467,0.498896159,0.5581202,0.617114888
2026-05-06,New Hampshire,Class II,0.0937,0.406138466,0.458587875,0.509444081
2026-05-06,New Jersey,Class II,0.0583,0.349954265,0.427365578,0.502640663
2026-05-06,New Mexico,Class II,0.1006,0.364517844,0.440176057,0.51498399
2026-05-06,North Carolina,Class II,0.1669,0.417588206,0.469559051,0.521431079
2026-05-06,Ohio,Class III,0.5953,0.454079469,0.507510147,0.560156645
2026-05-06,Oklahoma,Class II,0.9923,0.538935763,0.619693783,0.699708328
2026-05-06,Oregon,Class II,0.0178,0.324071117,0.400952749,0.478491622
2026-05-06,Rhode Island,Class II,0.0065,0.306043341,0.382756133,0.460599938
2026-05-06,South Carolina,Class II,0.9644,0.504836307,0.555572536,0.605765786
2026-05-06,South Dakota,Class II,0.9999,0.574645407,0.630314532,0.68584145
2026-05-06,Tennessee,Class II,0.9987,0.565051936,0.640354688,0.714605591
2026-05-06,Texas,Class II,0.7159,0.466018088,0.517778008,0.56986858
2026-05-06,Virginia,Class II,0.075,0.357177771,0.433360216,0.51066323
2026-05-06,West Virginia,Class II,1,0.629548644,0.704743147,0.780516076
2026-05-06,Wyoming,Class II,0.9997,0.608374369,0.693401763,0.777772126
2026-05-07,Alabama,Class II,0.9918,0.539430733,0.618508421,0.695110826
2026-05-07,Alaska,Class II,0.7235,0.467700132,0.517858748,0.567363471
2026-05-07,Arkansas,Class II,0.9956,0.57891673,0.711490331,0.847272343
2026-05-07,Colorado,Class II,0.0567,0.349987699,0.425964187,0.502596746
2026-05-07,Delaware,Class II,0.0163,0.324119937,0.399830021,0.475407299
2026-05-07,Florida,Class III,0.8534,0.481285449,0.533081719,0.584808103
2026-05-07,Georgia,Class II,0.1595,0.418349376,0.469167193,0.520014948
2026-05-07,Idaho,Class II,1,0.598348954,0.672407665,0.747518408
2026-05-07,Illinois,Class II,0.0797,0.356230888,0.434850046,0.510565433
2026-05-07,Iowa,Class II,0.7292,0.464496542,0.520537912,0.575956932
2026-05-07,Kansas,Class II,0.9559,0.503001105,0.57770584,0.652434803
2026-05-07,Kentucky,Class II,0.992,0.540582427,0.619018433,0.694399016
2026-05-07,Louisiana,Class II,0.9817,0.523364839,0.600360853,0.678072723
2026-05-07,Maine,Class II,0.2112,0.425180015,0.47553787,0.525850876
2026-05-07,Massachusetts,Class II,0,0.299883023,0.357541673,0.415657247
2026-05-07,Michigan,Class II,0.4617,0.444110865,0.496744756,0.548921539
2026-05-07,Minnesota,Class II,0.137,0.408707698,0.463153107,0.518466718
2026-05-07,Mississippi,Class II,0.9831,0.523013492,0.597127397,0.670393464
2026-05-07,Montana,Class II,0.9348,0.49397708,0.572818236,0.650673907
2026-05-07,Nebraska,Class II,0.9638,0.506000032,0.564617968,0.622222504
2026-05-07,New Hampshire,Class II,0.1359,0.413268779,0.464936277,0.51647901
2026-05-07,New Jersey,Class II,0.0631,0.354625272,0.430819821,0.505285702
2026-05-07,New Mexico,Class II,0.1192,0.366122097,0.445087328,0.521104617
2026-05-07,North Carolina,Class II,0.2172,0.423832348,0.475382092,0.526108853
2026-05-07,Ohio,Class III,0.6714,0.460023706,0.513979666,0.567196106
2026-05-07,Oklahoma,Class II,0.992,0.541513835,0.624093043,0.703362105
2026-05-07,Oregon,Class II,0.0193,0.329001932,0.404863405,0.481188546
2026-05-07,Rhode Island,Class II,0.0079,0.310215135,0.387701043,0.464587254
2026-05-07,South Carolina,Class II,0.9767,0.511183351,0.560587554,0.609311558
2026-05-07,South Dakota,Class II,0.9998,0.58027151,0.635085819,0.690286073
2026-05-07,Tennessee,Class II,0.9991,0.56919638,0.64422769,0.719182552
2026-05-07,Texas,Class II,0.7711,0.47149659,0.52357019,0.575093608
2026-05-07,Virginia,Class II,0.087,0.360434082,0.437235821,0.512802668
2026-05-07,West Virginia,Class II,1,0.631745492,0.708121166,0.782845013
2026-05-07,Wyoming,Class II,1,0.611123697,0.696979173,0.779348123
2026-05-08,Alabama,Class II,0.9926,0.540181078,0.618955793,0.696909658
2026-05-08,Alaska,Class II,0.7379,0.469459982,0.519166891,0.568392774
2026-05-08,Arkansas,Class II,0.9962,0.578340066,0.712105336,0.84654626
2026-05-08,Colorado,Class II,0.0584,0.349707291,0.426757181,0.504255789
2026-05-08,Delaware,Class II,0.0172,0.322385536,0.399671205,0.47672329
2026-05-08,Florida,Class III,0.8551,0.480851393,0.533424543,0.585238132
2026-05-08,Georgia,Class II,0.1652,0.418682168,0.469630071,0.520226548
2026-05-08,Idaho,Class II,0.9998,0.598047427,0.673221583,0.748086707
2026-05-08,Illinois,Class II,0.089,0.360546209,0.436683528,0.514186339
2026-05-08,Iowa,Class II,0.7192,0.463376996,0.519781979,0.57716386
2026-05-08,Kansas,Class II,0.9562,0.502887256,0.578018359,0.652833568
2026-05-08,Kentucky,Class II,0.9918,0.540119139,0.619067433,0.697562853
2026-05-08,Louisiana,Class II,0.9798,0.521883703,0.600212309,0.677538792
2026-05-08,Maine,Class II,0.2146,0.424178363,0.475361113,0.526117464
2026-05-08,Massachusetts,Class II,0,0.299271723,0.358000101,0.416713442
2026-05-08,Michigan,Class II,0.4656,0.444800624,0.496962657,0.548789567
2026-05-08,Minnesota,Class II,0.1419,0.408156877,0.463914594,0.519242731
2026-05-08,Mississippi,Class II,0.9822,0.52259729,0.597936153,0.675236784
2026-05-08,Montana,Class II,0.9378,0.494257491,0.572665841,0.65254045
2026-05-08,Nebraska,Class II,0.966,0.506160628,0.565061224,0.622706017
2026-05-08,New Hampshire,Class II,0.1319,0.4139646,0.465141506,0.51692288
2026-05-08,New Jersey,Class II,0.0737,0.355384769,0.432100718,0.509822788
2026-05-08,New Mexico,Class II,0.1179,0.367478722,0.444574539,0.522726283
2026-05-08,North Carolina,Class II,0.2196,0.423861813,0.475995145,0.526065821
2026-05-08,Ohio,Class III,0.6756,0.460436795,0.514325082,0.568382571
2026-05-08,Oklahoma,Class II,0.9935,0.543300683,0.623622194,0.702283115
2026-05-08,Oregon,Class II,0.0216,0.328791963,0.405404088,0.482654956
2026-05-08,Rhode Island,Class II,0.0098,0.311075283,0.388506789,0.466822963
2026-05-08,South Carolina,Class II,0.9801,0.512410257,0.561498018,0.612152699
2026-05-08,South Dakota,Class II,1,0.578206575,0.634649507,0.690106664
2026-05-08,Tennessee,Class II,0.999,0.569106739,0.644335188,0.718490609
2026-05-08,Texas,Class II,0.7651,0.468886086,0.523107829,0.575613269
2026-05-08,Virginia,Class II,0.0953,0.36199557,0.438642871,0.514782733
2026-05-08,West Virginia,Class II,1,0.633112257,0.708870455,0.784716617
2026-05-08,Wyoming,Class II,1,0.611793665,0.696679322,0.778490401
2026-05-09,Alabama,Class II,0.9938,0.538611222,0.61909536,0.695723419
2026-05-09,Alaska,Class II,0.7319,0.468596642,0.518496993,0.569163963
2026-05-09,Arkansas,Class II,0.9956,0.577821305,0.712563618,0.846364401
2026-05-09,Colorado,Class II,0.0578,0.348809593,0.426091605,0.503354001
2026-05-09,Delaware,Class II,0.013,0.322481174,0.399550681,0.474390422
2026-05-09,Florida,Class III,0.85,0.480317679,0.532978883,0.586027761
2026-05-09,Georgia,Class II,0.1628,0.417127222,0.468902882,0.520785233
2026-05-09,Idaho,Class II,0.9999,0.597713461,0.672316394,0.747949792
2026-05-09,Illinois,Class II,0.0886,0.358883502,0.436087025,0.514571651
2026-05-09,Iowa,Class II,0.7285,0.46420814,0.520324281,0.576327163
2026-05-09,Kansas,Class II,0.9602,0.504840271,0.578146749,0.652708312
2026-05-09,Kentucky,Class II,0.9938,0.541090046,0.618515409,0.698037227
2026-05-09,Louisiana,Class II,0.9805,0.523402659,0.599809795,0.677357672
2026-05-09,Maine,Class II,0.2187,0.424186618,0.475286582,0.526476437
2026-05-09,Massachusetts,Class II,1e-4,0.298889009,0.35725144,0.415588702
2026-05-09,Michigan,Class II,0.4561,0.443688001,0.496499201,0.550169695
2026-05-09,Minnesota,Class II,0.1361,0.406170904,0.462592494,0.518123661
2026-05-09,Mississippi,Class II,0.983,0.522393589,0.596859418,0.671376148
2026-05-09,Montana,Class II,0.941,0.496073864,0.572997291,0.648300741
2026-05-09,Nebraska,Class II,0.9627,0.504876869,0.563794671,0.622833768
2026-05-09,New Hampshire,Class II,0.1346,0.412365571,0.464623961,0.516932273
2026-05-09,New Jersey,Class II,0.0721,0.355572859,0.431560971,0.508514091
2026-05-09,New Mexico,Class II,0.1162,0.367523875,0.444802058,0.521414853
2026-05-09,North Carolina,Class II,0.2179,0.424168939,0.475349858,0.526914637
2026-05-09,Ohio,Class III,0.6618,0.460111865,0.51369137,0.567484137
2026-05-09,Oklahoma,Class II,0.9937,0.5439454,0.623379016,0.701315048
2026-05-09,Oregon,Class II,0.0207,0.326653669,0.404275957,0.481400934
2026-05-09,Rhode Island,Class II,0.0095,0.308336216,0.387292391,0.46553947
2026-05-09,South Carolina,Class II,0.9766,0.511569732,0.560812582,0.611073845
2026-05-09,South Dakota,Class II,0.9999,0.579268097,0.634736783,0.690880481
2026-05-09,Tennessee,Class II,0.9988,0.568346116,0.644426925,0.718095395
2026-05-09,Texas,Class II,0.7696,0.470974512,0.523551921,0.575452724
2026-05-09,Virginia,Class II,0.0866,0.360820217,0.437477241,0.51316286
2026-05-09,West Virginia,Class II,1,0.632433627,0.70822125,0.784603217
2026-05-09,Wyoming,Class II,0.9999,0.610644985,0.696565574,0.778931946
2026-05-10,Alabama,Class II,0.9938,0.538611222,0.61909536,0.695723419
2026-05-10,Alaska,Class II,0.7319,0.468596642,0.518496993,0.569163963
2026-05-10,Arkansas,Class II,0.9956,0.577821305,0.712563618,0.846364401
2026-05-10,Colorado,Class II,0.0578,0.348809593,0.426091605,0.503354001
2026-05-10,Delaware,Class II,0.013,0.322481174,0.399550681,0.474390422
2026-05-10,Florida,Class III,0.85,0.480317679,0.532978883,0.586027761
2026-05-10,Georgia,Class II,0.1628,0.417127222,0.468902882,0.520785233
2026-05-10,Idaho,Class II,0.9999,0.597713461,0.672316394,0.747949792
2026-05-10,Illinois,Class II,0.0886,0.358883502,0.436087025,0.514571651
2026-05-10,Iowa,Class II,0.7285,0.46420814,0.520324281,0.576327163
2026-05-10,Kansas,Class II,0.9602,0.504840271,0.578146749,0.652708312
2026-05-10,Kentucky,Class II,0.9938,0.541090046,0.618515409,0.698037227
2026-05-10,Louisiana,Class II,0.9805,0.523402659,0.599809795,0.677357672
2026-05-10,Maine,Class II,0.2187,0.424186618,0.475286582,0.526476437
2026-05-10,Massachusetts,Class II,1e-4,0.298889009,0.35725144,0.415588702
2026-05-10,Michigan,Class II,0.4561,0.443688001,0.496499201,0.550169695
2026-05-10,Minnesota,Class II,0.1361,0.406170904,0.462592494,0.518123661
2026-05-10,Mississippi,Class II,0.983,0.522393589,0.596859418,0.671376148
2026-05-10,Montana,Class II,0.941,0.496073864,0.572997291,0.648300741
2026-05-10,Nebraska,Class II,0.9627,0.504876869,0.563794671,0.622833768
2026-05-10,New Hampshire,Class II,0.1346,0.412365571,0.464623961,0.516932273
2026-05-10,New Jersey,Class II,0.0721,0.355572859,0.431560971,0.508514091
2026-05-10,New Mexico,Class II,0.1162,0.367523875,0.444802058,0.521414853
2026-05-10,North Carolina,Class II,0.2179,0.424168939,0.475349858,0.526914637
2026-05-10,Ohio,Class III,0.6618,0.460111865,0.51369137,0.567484137
2026-05-10,Oklahoma,Class II,0.9937,0.5439454,0.623379016,0.701315048
2026-05-10,Oregon,Class II,0.0207,0.326653669,0.404275957,0.481400934
2026-05-10,Rhode Island,Class II,0.0095,0.308336216,0.387292391,0.46553947
2026-05-10,South Carolina,Class II,0.9766,0.511569732,0.560812582,0.611073845
2026-05-10,South Dakota,Class II,0.9999,0.579268097,0.634736783,0.690880481
2026-05-10,Tennessee,Class II,0.9988,0.568346116,0.644426925,0.718095395
2026-05-10,Texas,Class II,0.7696,0.470974512,0.523551921,0.575452724
2026-05-10,Virginia,Class II,0.0866,0.360820217,0.437477241,0.51316286
2026-05-10,West Virginia,Class II,1,0.632433627,0.70822125,0.784603217
2026-05-10,Wyoming,Class II,0.9999,0.610644985,0.696565574,0.778931946
2026-05-11,Alabama,Class II,0.9925,0.537891189,0.61640218,0.693720075
2026-05-11,Alaska,Class II,0.6881,0.464867622,0.515170769,0.565777921
2026-05-11,Arkansas,Class II,0.9956,0.577773763,0.709850843,0.84820042
2026-05-11,Colorado,Class II,0.0519,0.346745003,0.423358982,0.500693413
2026-05-11,Delaware,Class II,0.0163,0.321724987,0.397241862,0.473763193
2026-05-11,Florida,Class III,0.8236,0.477193121,0.529560403,0.580962179
2026-05-11,Georgia,Class II,0.1383,0.415052825,0.466433971,0.517638019
2026-05-11,Idaho,Class II,0.9999,0.595860297,0.670405641,0.74456123
2026-05-11,Illinois,Class II,0.0768,0.354462663,0.432949839,0.510719651
2026-05-11,Iowa,Class II,0.6949,0.460371099,0.516963281,0.573408559
2026-05-11,Kansas,Class II,0.9543,0.502645464,0.576062443,0.649850069
2026-05-11,Kentucky,Class II,0.9927,0.539354585,0.6177575,0.694257
2026-05-11,Louisiana,Class II,0.9801,0.521427378,0.598251197,0.674590611
2026-05-11,Maine,Class II,0.1939,0.421977549,0.473036556,0.523525174
2026-05-11,Massachusetts,Class II,0,0.295078175,0.354031622,0.41301234
2026-05-11,Michigan,Class II,0.4221,0.442268465,0.493584219,0.545984002
2026-05-11,Minnesota,Class II,0.1216,0.404356701,0.459874066,0.515594248
2026-05-11,Mississippi,Class II,0.9821,0.520510345,0.595607122,0.669969401
2026-05-11,Montana,Class II,0.9314,0.492376498,0.570664449,0.646535637
2026-05-11,Nebraska,Class II,0.9558,0.502649825,0.561049181,0.620368193
2026-05-11,New Hampshire,Class II,0.1115,0.409749908,0.4615726,0.514017272
2026-05-11,New Jersey,Class II,0.0613,0.352543141,0.429077787,0.504518789
2026-05-11,New Mexico,Class II,0.1044,0.366371107,0.442072962,0.518394083
2026-05-11,North Carolina,Class II,0.1915,0.420822495,0.472226581,0.52403917
2026-05-11,Ohio,Class III,0.6267,0.4558416,0.510672663,0.565585284
2026-05-11,Oklahoma,Class II,0.9927,0.541924339,0.621485291,0.698642894
2026-05-11,Oregon,Class II,0.0189,0.32572408,0.402810457,0.478999263
2026-05-11,Rhode Island,Class II,0.0064,0.307966121,0.385359889,0.460884724
2026-05-11,South Carolina,Class II,0.9729,0.507206372,0.557740221,0.608632019
2026-05-11,South Dakota,Class II,1,0.576132913,0.632262628,0.688069018
2026-05-11,Tennessee,Class II,0.9987,0.567031377,0.641625925,0.716210275
2026-05-11,Texas,Class II,0.7341,0.46756135,0.520124022,0.573056533
2026-05-11,Virginia,Class II,0.081,0.359124607,0.435621639,0.511786148
2026-05-11,West Virginia,Class II,1,0.628580152,0.70549889,0.782515165
2026-05-11,Wyoming,Class II,0.9999,0.609910404,0.694617594,0.776190178
2026-05-12,Alabama,Class II,0.9914,0.537272208,0.616916986,0.694606622
2026-05-12,Alaska,Class II,0.7033,0.46534602,0.516412953,0.566542403
2026-05-12,Arkansas,Class II,0.995,0.575851387,0.708928381,0.845007033
2026-05-12,Colorado,Class II,0.0546,0.347931271,0.424626869,0.502044082
2026-05-12,Delaware,Class II,0.0131,0.321252671,0.397694234,0.473319158
2026-05-12,Florida,Class III,0.8257,0.477656613,0.530041149,0.583757655
2026-05-12,Georgia,Class II,0.1391,0.415485376,0.466708788,0.517961025
2026-05-12,Idaho,Class II,0.9995,0.596607563,0.671036231,0.745775417
2026-05-12,Illinois,Class II,0.0825,0.35656285,0.434147298,0.512255596
2026-05-12,Iowa,Class II,0.6865,0.461659787,0.516994684,0.5724506
2026-05-12,Kansas,Class II,0.9514,0.500711024,0.575333127,0.648230921
2026-05-12,Kentucky,Class II,0.9919,0.538759594,0.617764192,0.695781493
2026-05-12,Louisiana,Class II,0.982,0.520364155,0.598612682,0.673791667
2026-05-12,Maine,Class II,0.1856,0.422105769,0.472856363,0.523710584
2026-05-12,Massachusetts,Class II,0,0.296267159,0.354729573,0.412882909
2026-05-12,Michigan,Class II,0.4283,0.440301015,0.493748831,0.546918328
2026-05-12,Minnesota,Class II,0.1157,0.405629397,0.460346564,0.515337417
2026-05-12,Mississippi,Class II,0.9807,0.51912747,0.595185038,0.669128397
2026-05-12,Montana,Class II,0.9341,0.493138068,0.570770419,0.648373953
2026-05-12,Nebraska,Class II,0.9059,0.488673967,0.5477855,0.607097339
2026-05-12,New Hampshire,Class II,0.1177,0.410624795,0.462187699,0.513477286
2026-05-12,New Jersey,Class II,0.0619,0.353475443,0.429099562,0.50516519
2026-05-12,New Mexico,Class II,0.1126,0.367281933,0.443438823,0.521176602
2026-05-12,North Carolina,Class II,0.1919,0.420273435,0.472675131,0.524944756
2026-05-12,Ohio,Class III,0.6361,0.457688357,0.511296253,0.564460691
2026-05-12,Oklahoma,Class II,0.9932,0.541392096,0.622249723,0.700182932
2026-05-12,Oregon,Class II,0.0187,0.325803218,0.403364887,0.480008231
2026-05-12,Rhode Island,Class II,0.0073,0.308019582,0.385604843,0.462767786
2026-05-12,South Carolina,Class II,0.9726,0.508089758,0.558648724,0.608939556
2026-05-12,South Dakota,Class II,1,0.57676138,0.632385708,0.688802331
2026-05-12,Tennessee,Class II,0.9987,0.568724085,0.643300171,0.718394982
2026-05-12,Texas,Class II,0.7452,0.469879356,0.521146923,0.572774886
2026-05-12,Virginia,Class II,0.0803,0.358171679,0.435877846,0.511857883
2026-05-12,West Virginia,Class II,1,0.63114504,0.706736632,0.782887757
2026-05-12,Wyoming,Class II,0.9998,0.609921235,0.69511833,0.775424506
2026-05-13,Alabama,Class II,0.9913,0.538583226,0.61695798,0.695264948
2026-05-13,Alaska,Class II,0.694,0.465802987,0.515606467,0.566285123
2026-05-13,Arkansas,Class II,0.9947,0.574506011,0.711066564,0.847477005
2026-05-13,Colorado,Class II,0.0515,0.348000333,0.423943178,0.500620881
2026-05-13,Delaware,Class II,0.0126,0.321175328,0.397648499,0.474974283
2026-05-13,Florida,Class III,0.829,0.476495165,0.530319831,0.583279028
2026-05-13,Georgia,Class II,0.1414,0.415451399,0.466604016,0.518198837
2026-05-13,Idaho,Class II,1,0.593550141,0.670491624,0.745691526
2026-05-13,Illinois,Class II,0.0785,0.354675643,0.433144628,0.51114131
2026-05-13,Iowa,Class II,0.6914,0.460901967,0.516684064,0.572671755
2026-05-13,Kansas,Class II,0.9524,0.500916911,0.575320142,0.650518778
2026-05-13,Kentucky,Class II,0.993,0.539725604,0.617735373,0.695830744
2026-05-13,Louisiana,Class II,0.9807,0.520663992,0.59773445,0.674373507
2026-05-13,Maine,Class II,0.1932,0.421576115,0.472860729,0.523470156
2026-05-13,Massachusetts,Class II,1e-4,0.296738249,0.355283338,0.412098103
2026-05-13,Michigan,Class II,0.5575,0.44977725,0.504393024,0.558432409
2026-05-13,Minnesota,Class II,0.1175,0.404546785,0.459887859,0.515549672
2026-05-13,Mississippi,Class II,0.9828,0.520319363,0.595160848,0.669313261
2026-05-13,Montana,Class II,0.9312,0.492252419,0.57015773,0.648270908
2026-05-13,Nebraska,Class II,0.9019,0.486062449,0.546695224,0.606062762
2026-05-13,New Hampshire,Class II,0.1208,0.410317622,0.463007055,0.514653014
2026-05-13,New Jersey,Class II,0.0641,0.352091526,0.428719201,0.506773418
2026-05-13,New Mexico,Class II,0.1065,0.364444385,0.44235003,0.519565569
2026-05-13,North Carolina,Class II,0.1886,0.420239322,0.472284612,0.524068024
2026-05-13,Ohio,Class III,0.6314,0.456258233,0.510702952,0.563287122
2026-05-13,Oklahoma,Class II,0.9911,0.538109115,0.621097081,0.700862176
2026-05-13,Oregon,Class II,0.0177,0.325653011,0.40259775799999997,0.478577008
2026-05-13,Rhode Island,Class II,0.006,0.306439609,0.384970068,0.462653523
2026-05-13,South Carolina,Class II,0.9734,0.508814728,0.558391322,0.607769172
2026-05-13,South Dakota,Class II,1,0.576952964,0.632710377,0.689191876
2026-05-13,Tennessee,Class II,0.999,0.569699028,0.643080524,0.7182322
2026-05-13,Texas,Class II,0.7413,0.46924344,0.520614243,0.572401347
2026-05-13,Virginia,Class II,0.0785,0.358142561,0.435356903,0.511079587
2026-05-13,West Virginia,Class II,1,0.62983103,0.70572171,0.781924492
2026-05-13,Wyoming,Class II,0.9993,0.606721873,0.693958912,0.776515429
2026-05-14,Alabama,Class II,0.9908,0.538704476,0.618056078,0.695693186
2026-05-14,Alaska,Class II,0.7047,0.466553834,0.516668403,0.567203614
2026-05-14,Arkansas,Class II,0.9962,0.577612636,0.710693489,0.843276738
2026-05-14,Colorado,Class II,0.0529,0.349324776,0.425296745,0.501361434
2026-05-14,Delaware,Class II,0.0136,0.322755699,0.39839527,0.474127178
2026-05-14,Florida,Class III,0.842,0.479814763,0.531122082,0.582218384
2026-05-14,Georgia,Class II,0.148,0.415896262,0.467707076,0.518193673
2026-05-14,Idaho,Class II,0.9999,0.597775084,0.671784927,0.747624824
2026-05-14,Illinois,Class II,0.0826,0.355838237,0.434396708,0.51288825
2026-05-14,Iowa,Class II,0.7078,0.462641353,0.518504539,0.574819892
2026-05-14,Kansas,Class II,0.958,0.503475293,0.577109428,0.651212193
2026-05-14,Kentucky,Class II,0.9921,0.540247287,0.61785489,0.695253671
2026-05-14,Louisiana,Class II,0.9825,0.523691729,0.600239011,0.677574289
2026-05-14,Maine,Class II,0.1903,0.42334145,0.473527178,0.5235933
2026-05-14,Massachusetts,Class II,0,0.298062303,0.355316662,0.413293675
2026-05-14,Michigan,Class II,0.5612,0.451787008,0.50506444,0.558545994
2026-05-14,Minnesota,Class II,0.1223,0.40623632,0.461226703,0.515365117
2026-05-14,Mississippi,Class II,0.9813,0.521453091,0.596294525,0.670075807
2026-05-14,Montana,Class II,0.9313,0.492520319,0.570952952,0.647495318
2026-05-14,Nebraska,Class II,0.908,0.488453513,0.548898321,0.609186974
2026-05-14,New Hampshire,Class II,0.1282,0.411465948,0.463342954,0.515678315
2026-05-14,New Jersey,Class II,0.0628,0.352758335,0.429130991,0.505105368
2026-05-14,New Mexico,Class II,0.1105,0.368422096,0.443785276,0.519899089
2026-05-14,North Carolina,Class II,0.1998,0.421212843,0.473453761,0.524356855
2026-05-14,Ohio,Class III,0.6404,0.45737245,0.511587252,0.565758472
2026-05-14,Oklahoma,Class II,0.993,0.544148728,0.622733806,0.70040182
2026-05-14,Oregon,Class II,0.0208,0.327599888,0.403601305,0.481016881
2026-05-14,Rhode Island,Class II,0.0081,0.312410593,0.387181289,0.462678287
2026-05-14,South Carolina,Class II,0.9734,0.509335945,0.559122817,0.609319129
2026-05-14,South Dakota,Class II,1,0.578399666,0.633949419,0.689452913
2026-05-14,Tennessee,Class II,0.9993,0.569497514,0.643717535,0.718260951
2026-05-14,Texas,Class II,0.7608,0.468846862,0.521976867,0.573018428
2026-05-14,Virginia,Class II,0.0882,0.361828847,0.436637331,0.513519976
2026-05-14,West Virginia,Class II,1,0.632812518,0.707607364,0.78362248
2026-05-14,Wyoming,Class II,0.9998,0.612198147,0.69641746,0.777945803
2026-05-15,Alabama,Class II,0.9921,0.540908978,0.619037922,0.697620893
2026-05-15,Alaska,Class II,0.7066,0.466204291,0.517035978,0.56788027
2026-05-15,Arkansas,Class II,0.9954,0.575625779,0.711234737,0.845842914
2026-05-15,Colorado,Class II,0.0555,0.347888203,0.425511432,0.502559302
2026-05-15,Delaware,Class II,0.0162,0.320837935,0.398316715,0.475622088
2026-05-15,Florida,Class III,0.8365,0.479523975,0.531676053,0.584416843
2026-05-15,Georgia,Class II,0.1526,0.416241366,0.468085297,0.52007178
2026-05-15,Idaho,Class II,0.9998,0.595932842,0.671732317,0.746434707
2026-05-15,Illinois,Class II,0.0851,0.356217003,0.435130658,0.512197212
2026-05-15,Iowa,Class II,0.7137,0.462493539,0.518683257,0.575044417
2026-05-15,Kansas,Class II,0.9574,0.503183609,0.576904208,0.649739179
2026-05-15,Kentucky,Class II,0.992,0.539858123,0.61834427300000006,0.69641766
2026-05-15,Louisiana,Class II,0.9835,0.521908192,0.599773105,0.676882664
2026-05-15,Maine,Class II,0.1952,0.423210475,0.47370408,0.523852062
2026-05-15,Massachusetts,Class II,0,0.298924391,0.35602036,0.414202312
2026-05-15,Michigan,Class II,0.5648,0.451771812,0.505565287,0.55955002
2026-05-15,Minnesota,Class II,0.1321,0.406364224,0.462246956,0.516831793
2026-05-15,Mississippi,Class II,0.9828,0.521389011,0.597375991,0.671101222
2026-05-15,Montana,Class II,0.942,0.496506742,0.572375508,0.650880911
2026-05-15,Nebraska,Class II,0.9073,0.488343354,0.547873671,0.606910372
2026-05-15,New Hampshire,Class II,0.1262,0.412055859,0.46432813,0.515879458
2026-05-15,New Jersey,Class II,0.068,0.353047063,0.430084468,0.507848132
2026-05-15,New Mexico,Class II,0.1136,0.369076771,0.443936301,0.519041127
2026-05-15,North Carolina,Class II,0.1689,0.41761535,0.469946903,0.522038101
2026-05-15,Ohio,Class III,0.6533,0.458374984,0.512296928,0.565812893
2026-05-15,Oklahoma,Class II,0.9935,0.543581278,0.623378726,0.703047174
2026-05-15,Oregon,Class II,0.021,0.328182909,0.404319901,0.47986998
2026-05-15,Rhode Island,Class II,0.0083,0.309820195,0.386029317,0.462546398
2026-05-15,South Carolina,Class II,0.9757,0.51000834,0.559313388,0.608495331
2026-05-15,South Dakota,Class II,0.9998,0.578252709,0.63383093,0.689122782
2026-05-15,Tennessee,Class II,0.9989,0.568021614,0.643836228,0.717327801
2026-05-15,Texas,Class II,0.7594,0.469334624,0.522025225,0.574383711
2026-05-15,Virginia,Class II,0.0892,0.36139587,0.437170649,0.514823642
2026-05-15,West Virginia,Class II,1,0.63091426,0.706565523,0.782480897
2026-05-15,Wyoming,Class II,0.9997,0.61228893,0.696327558,0.777336684
2026-05-16,Alabama,Class II,0.9931,0.540359309,0.618400499,0.694904862
2026-05-16,Alaska,Class II,0.7107,0.467567145,0.516595617,0.565660019
2026-05-16,Arkansas,Class II,0.9955,0.578376993,0.709974561,0.842271208
2026-05-16,Colorado,Class II,0.0514,0.348407476,0.424383524,0.500619496
2026-05-16,Delaware,Class II,0.0124,0.321793298,0.398955735,0.47430968
2026-05-16,Florida,Class III,0.8502,0.480970593,0.532166776,0.583192283
2026-05-16,Georgia,Class II,0.1462,0.418088842,0.468211436,0.517769826
2026-05-16,Idaho,Class II,1,0.595256847,0.670937958,0.745595243
2026-05-16,Illinois,Class II,0.08,0.357689756,0.434916771,0.512514605
2026-05-16,Iowa,Class II,0.714,0.463114246,0.51856292,0.572262943
2026-05-16,Kansas,Class II,0.9552,0.5022293,0.576859582,0.651458824
2026-05-16,Kentucky,Class II,0.9943,0.540404735,0.618744265,0.695867082
2026-05-16,Louisiana,Class II,0.9848,0.523635112,0.59968103,0.675421141
2026-05-16,Maine,Class II,0.1915,0.423406405,0.473725095,0.524051137
2026-05-16,Massachusetts,Class II,0,0.299519036,0.356042683,0.412272663
2026-05-16,Michigan,Class II,0.5995,0.456473715,0.507328706,0.556654193
2026-05-16,Minnesota,Class II,0.1254,0.408722216,0.46234938,0.51675843
2026-05-16,Mississippi,Class II,0.9834,0.520672755,0.596647943,0.670474887
2026-05-16,Montana,Class II,0.9403,0.49609114,0.571230911,0.647206752
2026-05-16,Nebraska,Class II,0.9019,0.48669187,0.546940214,0.606677591
2026-05-16,New Hampshire,Class II,0.1184,0.413130231,0.464199469,0.515247027
2026-05-16,New Jersey,Class II,0.0606,0.356686804,0.430504108,0.504673583
2026-05-16,New Mexico,Class II,0.1119,0.366591028,0.443374609,0.519836979
2026-05-16,North Carolina,Class II,0.1542,0.417966082,0.46941313,0.519607431
2026-05-16,Ohio,Class III,0.6517,0.458522619,0.512037286,0.564768565
2026-05-16,Oklahoma,Class II,0.9914,0.541917049,0.622438267,0.700774342
2026-05-16,Oregon,Class II,0.0201,0.327561838,0.404255026,0.481512131
2026-05-16,Rhode Island,Class II,0.0073,0.308416304,0.38589661200000003,0.462080181
2026-05-16,South Carolina,Class II,0.9751,0.509907351,0.559372497,0.609814013
2026-05-16,South Dakota,Class II,0.9999,0.57822592,0.633950873,0.687681249
2026-05-16,Tennessee,Class II,0.9989,0.567954057,0.642791406,0.715460708
2026-05-16,Texas,Class II,0.7609,0.470371026,0.521884608,0.572675697
2026-05-16,Virginia,Class II,0.0815,0.360228943,0.435882207,0.511805626
2026-05-16,West Virginia,Class II,1,0.632226391,0.7066679,0.781404342
2026-05-16,Wyoming,Class II,1,0.612905501,0.6960742,0.777274455
2026-05-17,Alabama,Class II,0.9937,0.538507072,0.616469156,0.693050808
2026-05-17,Alaska,Class II,0.7087,0.466714296,0.517036885,0.567743267
2026-05-17,Arkansas,Class II,0.9946,0.575889501,0.71037827,0.844697583
2026-05-17,Colorado,Class II,0.0527,0.348278295,0.424644857,0.501555305
2026-05-17,Delaware,Class II,0.015,0.323401868,0.39893442,0.474664553
2026-05-17,Florida,Class III,0.8457,0.480353112,0.531999796,0.58273142
2026-05-17,Georgia,Class II,0.1464,0.41707084,0.46773631,0.518535741
2026-05-17,Idaho,Class II,0.9999,0.596664964,0.671431511,0.744459869
2026-05-17,Illinois,Class II,0.079,0.355416135,0.434641526,0.510662971
2026-05-17,Iowa,Class II,0.7112,0.461795158,0.518403828,0.572772288
2026-05-17,Kansas,Class II,0.9542,0.501830904,0.576399819,0.650877121
2026-05-17,Kentucky,Class II,0.9931,0.53988766,0.617535514,0.696171522
2026-05-17,Louisiana,Class II,0.9815,0.521165801,0.598845429,0.674971424
2026-05-17,Maine,Class II,0.1987,0.423869202,0.474283639,0.524500899
2026-05-17,Massachusetts,Class II,0,0.298062799,0.35594217,0.413645715
2026-05-17,Michigan,Class II,0.5962,0.454662971,0.507122927,0.558411873
2026-05-17,Minnesota,Class II,0.1224,0.406336688,0.461601003,0.517196532
2026-05-17,Mississippi,Class II,0.9838,0.523337868,0.596411266,0.669262142
2026-05-17,Montana,Class II,0.9354,0.494077575,0.571406198,0.64965855
2026-05-17,Nebraska,Class II,0.9081,0.487330136,0.548289991,0.606585498
2026-05-17,New Hampshire,Class II,0.126,0.411629242,0.464106346,0.516095458
2026-05-17,New Jersey,Class II,0.0655,0.353026909,0.43002633,0.505897889
2026-05-17,New Mexico,Class II,0.1142,0.366779954,0.443294979,0.519491288
2026-05-17,North Carolina,Class II,0.165,0.418514568,0.469658201,0.520677417
2026-05-17,Ohio,Class III,0.646,0.45718569,0.511402955,0.564456302
2026-05-17,Oklahoma,Class II,0.9923,0.54179945,0.621661642,0.701869887
2026-05-17,Oregon,Class II,0.0181,0.328991165,0.404530471,0.479930789
2026-05-17,Rhode Island,Class II,0.0077,0.308852084,0.386453724,0.462518164
2026-05-17,South Carolina,Class II,0.97,0.507973822,0.558873271,0.608643213
2026-05-17,South Dakota,Class II,1,0.578585227,0.633761607,0.688822832
2026-05-17,Tennessee,Class II,0.9987,0.568685979,0.643159169,0.716621113
2026-05-17,Texas,Class II,0.7539,0.470141661,0.522173697,0.574411737
2026-05-17,Virginia,Class II,0.0882,0.360099535,0.436608863,0.514614927
2026-05-17,West Virginia,Class II,1,0.631097603,0.706857776,0.782248558
2026-05-17,Wyoming,Class II,0.9997,0.609316788,0.694892448,0.775670079
2026-05-18,Alabama,Class II,0.9924,0.538396927,0.616937545,0.694879579
2026-05-18,Alaska,Class II,0.679,0.464347517,0.513913414,0.563490581
2026-05-18,Arkansas,Class II,0.9946,0.576233655,0.70946676,0.845084751
2026-05-18,Colorado,Class II,0.0456,0.346147409,0.422973296,0.497831175
2026-05-18,Delaware,Class II,0.013,0.320862792,0.396852432,0.471646483
2026-05-18,Florida,Class III,0.8304,0.478409902,0.529723635,0.580793764
2026-05-18,Georgia,Class II,0.1312,0.415088417,0.465613256,0.516281353
2026-05-18,Idaho,Class II,0.9997,0.594876439,0.670296108,0.746585113
2026-05-18,Illinois,Class II,0.0736,0.35562446,0.432658938,0.50977722
2026-05-18,Iowa,Class II,0.6798,0.459944882,0.515591762,0.569578365
2026-05-18,Kansas,Class II,0.9532,0.501485946,0.575379481,0.649483598
2026-05-18,Kentucky,Class II,0.9917,0.539862072,0.616801158,0.69181015
2026-05-18,Louisiana,Class II,0.9788,0.519752335,0.59781038,0.67492776
2026-05-18,Maine,Class II,0.1798,0.421684211,0.472176096,0.522661102
2026-05-18,Massachusetts,Class II,1e-4,0.295895316,0.353580584,0.412465755
2026-05-18,Michigan,Class II,0.552,0.453903286,0.504274015,0.555435512
2026-05-18,Minnesota,Class II,0.1072,0.403374218,0.458824024,0.512789015
2026-05-18,Mississippi,Class II,0.9816,0.520703571,0.595526447,0.6684409
2026-05-18,Montana,Class II,0.9315,0.492938498,0.57001639,0.648185383
2026-05-18,Nebraska,Class II,0.9009,0.485641115,0.546508968,0.606220517
2026-05-18,New Hampshire,Class II,0.1065,0.410071564,0.461721733,0.51293164
2026-05-18,New Jersey,Class II,0.0676,0.353007872,0.429529103,0.506332137
2026-05-18,New Mexico,Class II,0.1064,0.365699779,0.442529167,0.51945491
2026-05-18,North Carolina,Class II,0.1947,0.421760183,0.473123374,0.524464204
2026-05-18,Ohio,Class III,0.6105,0.455691386,0.508993373,0.562053431
2026-05-18,Oklahoma,Class II,0.9925,0.539967088,0.620490841,0.697551518
2026-05-18,Oregon,Class II,0.016,0.3262787,0.402010846,0.477728731
2026-05-18,Rhode Island,Class II,0.0071,0.307899861,0.38547909,0.462031818
2026-05-18,South Carolina,Class II,0.9703,0.507299214,0.556877001,0.607333562
2026-05-18,South Dakota,Class II,1,0.57546878,0.63121937400000006,0.686737762
2026-05-18,Tennessee,Class II,0.9989,0.567384916,0.641868518,0.717427359
2026-05-18,Texas,Class II,0.7641,0.469851248,0.522360506,0.572945957
2026-05-18,Virginia,Class II,0.0785,0.360307378,0.435375774,0.510590558
2026-05-18,West Virginia,Class II,0.9999,0.630295847,0.705482697,0.781237257
2026-05-18,Wyoming,Class II,0.9998,0.608172811,0.694118028,0.777787753
2026-05-19,Alabama,Class II,0.9926,0.540443307,0.617342449,0.695603618
2026-05-19,Alaska,Class II,0.7067,0.466831749,0.516458271,0.56643312
2026-05-19,Arkansas,Class II,0.996,0.576607123,0.709961835,0.846702936
2026-05-19,Colorado,Class II,0.0509,0.346572069,0.424233874,0.500461292
2026-05-19,Delaware,Class II,0.0153,0.320400758,0.397771297,0.47403127
2026-05-19,Florida,Class III,0.7191,0.463594961,0.518773,0.572902085
2026-05-19,Georgia,Class II,0.1481,0.417382826,0.467612789,0.518843931
2026-05-19,Idaho,Class II,0.9999,0.596187051,0.670862912,0.745827589
2026-05-19,Illinois,Class II,0.0835,0.356449328,0.434706572,0.511139654
2026-05-19,Iowa,Class II,0.7051,0.461963542,0.517785198,0.572002792
2026-05-19,Kansas,Class II,0.9568,0.503274195,0.57701194200000006,0.651255049
2026-05-19,Kentucky,Class II,0.9918,0.538092197,0.617860621,0.695575417
2026-05-19,Louisiana,Class II,0.9813,0.521226516,0.599080195,0.676231463
2026-05-19,Maine,Class II,0.1997,0.423499897,0.474260991,0.524608943
2026-05-19,Massachusetts,Class II,0,0.297848691,0.355434317,0.41334608
2026-05-19,Michigan,Class II,0.5864,0.454576663,0.506484382,0.557219759
2026-05-19,Minnesota,Class II,0.1232,0.405792346,0.461110669,0.51589265
2026-05-19,Mississippi,Class II,0.9832,0.522952592,0.596939252,0.671882817
2026-05-19,Montana,Class II,0.9325,0.493004745,0.570927135,0.64891517
2026-05-19,Nebraska,Class II,0.9018,0.48735064,0.54698167,0.605533257
2026-05-19,New Hampshire,Class II,0.1266,0.412662543,0.463939208,0.515301264
2026-05-19,New Jersey,Class II,0.0669,0.35354626,0.429877354,0.506350442
2026-05-19,New Mexico,Class II,0.1091,0.365887199,0.443030771,0.520411959
2026-05-19,North Carolina,Class II,0.2168,0.422629798,0.474999038,0.526245132
2026-05-19,Ohio,Class III,0.6436,0.458219471,0.511800808,0.564621001
2026-05-19,Oklahoma,Class II,0.9937,0.543957242,0.622621897,0.70165312
2026-05-19,Oregon,Class II,0.019,0.326889001,0.403025072,0.479728341
2026-05-19,Rhode Island,Class II,0.0082,0.308595999,0.386269681,0.462800661
2026-05-19,South Carolina,Class II,0.9739,0.50930844,0.558961933,0.608866016
2026-05-19,South Dakota,Class II,0.9999,0.577620633,0.633695887,0.689345682
2026-05-19,Tennessee,Class II,0.9988,0.569087055,0.642445102,0.717030725
2026-05-19,Texas,Class II,0.7905,0.473669573,0.525039808,0.575810411
2026-05-19,Virginia,Class II,0.0843,0.360478834,0.436247472,0.512120056
2026-05-19,West Virginia,Class II,1,0.630361645,0.706895069,0.784942891
2026-05-19,Wyoming,Class II,1,0.61187459,0.695036846,0.775273295
2026-05-20,Alabama,Class II,0.9915,0.539322349,0.616881233,0.694444721
2026-05-20,Alaska,Class II,0.697,0.465186891,0.515696867,0.565363787
2026-05-20,Arkansas,Class II,0.9946,0.57504737399999994,0.71654822,0.865882302
2026-05-20,Colorado,Class II,0.0483,0.344407369,0.423218328,0.49910123
2026-05-20,Delaware,Class II,0.0139,0.321671298,0.397203771,0.472679242
2026-05-20,Florida,Class III,0.6925,0.461941772,0.516773679,0.570391727
2026-05-20,Georgia,Class II,0.1287,0.414996144,0.465847809,0.515371903
2026-05-20,Idaho,Class II,0.9998,0.59510379,0.670564702,0.745281204
2026-05-20,Illinois,Class II,0.0797,0.356297589,0.434170313,0.511389174
2026-05-20,Iowa,Class II,0.6891,0.459744616,0.516249792,0.572010956
2026-05-20,Kansas,Class II,0.9524,0.501117636,0.575781491,0.649109042
2026-05-20,Kentucky,Class II,0.9914,0.537963074,0.616747647,0.694563739
2026-05-20,Louisiana,Class II,0.9772,0.519670144,0.598063625,0.676088343
2026-05-20,Maine,Class II,0.1944,0.423422972,0.47331765,0.522390314
2026-05-20,Massachusetts,Class II,0,0.296425717,0.353925157,0.410403968
2026-05-20,Michigan,Class II,0.5623,0.453474589,0.504608191,0.555245927
2026-05-20,Minnesota,Class II,0.1188,0.404873733,0.46003945,0.51493271
2026-05-20,Mississippi,Class II,0.9825,0.523323119,0.596440914,0.670095177
2026-05-20,Montana,Class II,0.929,0.492123993,0.570035532,0.646281618
2026-05-20,Nebraska,Class II,0.9013,0.486568866,0.546644484,0.606434441
2026-05-20,New Hampshire,Class II,0.1129,0.409066148,0.461888882,0.513511588
2026-05-20,New Jersey,Class II,0.0621,0.353670609,0.428972866,0.505716411
2026-05-20,New Mexico,Class II,0.1014,0.363984865,0.441216797,0.517502377
2026-05-20,North Carolina,Class II,0.1998,0.420571213,0.473497066,0.524762812
2026-05-20,Ohio,Class III,0.6239,0.453851852,0.509682722,0.563211522
2026-05-20,Oklahoma,Class II,0.9923,0.539782972,0.622057228,0.699564827
2026-05-20,Oregon,Class II,0.0172,0.325487649,0.402055777,0.478501064
2026-05-20,Rhode Island,Class II,0.007,0.311264371,0.386239146,0.461706333
2026-05-20,South Carolina,Class II,0.974,0.50822049,0.557502756,0.607335277
2026-05-20,South Dakota,Class II,1,0.576693123,0.632378601,0.687175189
2026-05-20,Tennessee,Class II,0.9987,0.567126739,0.642156921,0.716212638
2026-05-20,Texas,Class II,0.628,0.457491797,0.510470819,0.562517943
2026-05-20,Virginia,Class II,0.0808,0.359118323,0.435573668,0.512541668
2026-05-20,West Virginia,Class II,1,0.630184903,0.706089401,0.781180851
2026-05-20,Wyoming,Class II,0.9996,0.607901532,0.693040971,0.775416884
2026-05-21,Alabama,Class II,0.9923,0.536944515,0.616580977,0.693303335
2026-05-21,Alaska,Class II,0.6837,0.465374053,0.514676692,0.564961314
2026-05-21,Arkansas,Class II,0.996,0.578868465,0.707923063,0.840961104
2026-05-21,Colorado,Class II,0.0473,0.347825987,0.4232361,0.498431995
2026-05-21,Delaware,Class II,0.0132,0.320824915,0.397658302,0.472760194
2026-05-21,Florida,Class III,0.6954,0.460404817,0.516661767,0.571731368
2026-05-21,Georgia,Class II,0.1314,0.414940412,0.465567385,0.516098347
2026-05-21,Idaho,Class II,1,0.595714227,0.670255952,0.746475506
2026-05-21,Illinois,Class II,0.0732,0.35555353,0.432815191,0.509009386
2026-05-21,Iowa,Class II,0.6802,0.460716187,0.515808233,0.571634788
2026-05-21,Kansas,Class II,0.9511,0.50059799,0.57541616,0.64896719
2026-05-21,Kentucky,Class II,0.9919,0.53714251,0.617318443,0.694550356
2026-05-21,Louisiana,Class II,0.982,0.521198336,0.598003551,0.6742335
2026-05-21,Maine,Class II,0.1841,0.421933331,0.472602494,0.523083968
2026-05-21,Massachusetts,Class II,0,0.295467963,0.353699724,0.411380496
2026-05-21,Michigan,Class II,0.5599,0.45316143,0.504443174,0.554799242
2026-05-21,Minnesota,Class II,0.1106,0.40372201,0.459334238,0.513540495
2026-05-21,Mississippi,Class II,0.9821,0.521715977,0.594688593,0.667561496
2026-05-21,Montana,Class II,0.9349,0.494224186,0.570607251,0.646720408
2026-05-21,Nebraska,Class II,0.8985,0.485838798,0.546301264,0.605019103
2026-05-21,New Hampshire,Class II,0.1093,0.410413016,0.46172475,0.512584548
2026-05-21,New Jersey,Class II,0.0587,0.353160927,0.428846658,0.503250079
2026-05-21,New Mexico,Class II,0.1005,0.36711218,0.441627974,0.516736099
2026-05-21,North Carolina,Class II,0.1935,0.42175411,0.47285917,0.524640538
2026-05-21,Ohio,Class III,0.6129,0.454841994,0.509292676,0.563553271
2026-05-21,Oklahoma,Class II,0.9925,0.540323918,0.620920625,0.699268211
2026-05-21,Oregon,Class II,0.0162,0.328048518,0.402179766,0.476644066
2026-05-21,Rhode Island,Class II,0.0066,0.310087199,0.384714664,0.460949048
2026-05-21,South Carolina,Class II,0.9668,0.506013842,0.557005867,0.607095114
2026-05-21,South Dakota,Class II,1,0.576197094,0.631340909,0.685637363
2026-05-21,Tennessee,Class II,0.9992,0.568370711,0.642514122,0.717154394
2026-05-21,Texas,Class II,0.6271,0.458489573,0.510333236,0.562468574
2026-05-21,Virginia,Class II,0.0744,0.361014938,0.435019868,0.509230694
2026-05-21,West Virginia,Class II,1,0.630115854,0.705297585,0.780692376
2026-05-21,Wyoming,Class II,0.9996,0.610218256,0.694023983,0.775069792
2026-05-22,Alabama,Class II,0.99,0.535422614,0.613591973,0.692107106
2026-05-22,Alaska,Class II,0.6415,0.460305721,0.510861575,0.560064131
2026-05-22,Arkansas,Class II,0.9953,0.574439319,0.706093193,0.839090661
2026-05-22,Colorado,Class II,0.0442,0.344608145,0.420861176,0.497072962
2026-05-22,Delaware,Class II,0.0108,0.31794173,0.394716637,0.470922795
2026-05-22,Florida,Class III,0.6539,0.457861051,0.512792986,0.566659029
2026-05-22,Georgia,Class II,0.1042,0.411146754,0.461807883,0.512469714
2026-05-22,Idaho,Class II,0.9997,0.593109606,0.667981498,0.74522254
2026-05-22,Illinois,Class II,0.0688,0.353107278,0.431279427,0.507450627
2026-05-22,Iowa,Class II,0.6427,0.456936092,0.512178885,0.566830522
2026-05-22,Kansas,Class II,0.9486,0.499521926,0.573996927,0.646186729
2026-05-22,Kentucky,Class II,0.9903,0.537090718,0.614584736,0.691443487
2026-05-22,Louisiana,Class II,0.977,0.517995488,0.595265318,0.671771773
2026-05-22,Maine,Class II,0.1543,0.417970187,0.468643303,0.520287436
2026-05-22,Massachusetts,Class II,0,0.292752234,0.349868505,0.407022581
2026-05-22,Michigan,Class II,0.5119,0.45135902,0.501133028,0.55202709
2026-05-22,Minnesota,Class II,0.0963,0.400745627,0.455884824,0.510568674
2026-05-22,Mississippi,Class II,0.9801,0.518240814,0.59287388,0.66680452
2026-05-22,Montana,Class II,0.9238,0.489215369,0.567171711,0.643412438
2026-05-22,Nebraska,Class II,0.8721,0.480589859,0.541536056,0.600478762
2026-05-22,New Hampshire,Class II,0.0929,0.407038372,0.45842724,0.509443048
2026-05-22,New Jersey,Class II,0.0551,0.35123164,0.425995814,0.502049501
2026-05-22,New Mexico,Class II,0.0954,0.362176396,0.439885912,0.51590184
2026-05-22,North Carolina,Class II,0.1547,0.417107864,0.468603164,0.519319982
2026-05-22,Ohio,Class III,0.5629,0.451413005,0.505174358,0.55850327
2026-05-22,Oklahoma,Class II,0.9911,0.537388683,0.618363636,0.69619486
2026-05-22,Oregon,Class II,0.0152,0.323392693,0.399744992,0.47523068
2026-05-22,Rhode Island,Class II,0.0055,0.30536048,0.381796838,0.457128428
2026-05-22,South Carolina,Class II,0.9588,0.503445696,0.553011526,0.602413701
2026-05-22,South Dakota,Class II,1,0.573261659,0.628037406,0.683355225
2026-05-22,Tennessee,Class II,0.9993,0.565682166,0.640188036,0.715489213
2026-05-22,Texas,Class II,0.5727,0.453135932,0.505848781,0.558485386
2026-05-22,Virginia,Class II,0.071,0.356785859,0.432246752,0.509029829
2026-05-22,West Virginia,Class II,1,0.627078176,0.703185085,0.778643856
2026-05-22,Wyoming,Class II,0.9995,0.604837858,0.691152648,0.774541844
2026-05-23,Alabama,Class II,0.9919,0.539005046,0.615164589,0.69285715
2026-05-23,Alaska,Class II,0.6571,0.46355543,0.512543582,0.561766717
2026-05-23,Arkansas,Class II,0.9955,0.576363092,0.708984843,0.84474238
2026-05-23,Colorado,Class II,0.0463,0.344957507,0.421840148,0.498012804
2026-05-23,Delaware,Class II,0.0128,0.317602971,0.394972913,0.471113579
2026-05-23,Florida,Class III,0.679,0.460384814,0.514901047,0.568767663
2026-05-23,Georgia,Class II,0.1232,0.412782987,0.464258872,0.514282362
2026-05-23,Idaho,Class II,0.9998,0.594981344,0.668101196,0.742334266
2026-05-23,Illinois,Class II,0.073,0.354185011,0.43097078,0.508408775
2026-05-23,Iowa,Class II,0.6606,0.458614058,0.513897368,0.56893602
2026-05-23,Kansas,Class II,0.9494,0.499766815,0.573525806,0.647178318
2026-05-23,Kentucky,Class II,0.9935,0.536989976,0.614876634,0.692537917
2026-05-23,Louisiana,Class II,0.978,0.517489301,0.596719869,0.675862161
2026-05-23,Maine,Class II,0.1665,0.420735388,0.470808337,0.520765026
2026-05-23,Massachusetts,Class II,0,0.293282481,0.351212018,0.408803311
2026-05-23,Michigan,Class II,0.54,0.451677854,0.503022778,0.552925683
2026-05-23,Minnesota,Class II,0.1011,0.403167814,0.45778051,0.512671532
2026-05-23,Mississippi,Class II,0.98,0.519606848,0.59438774,0.670011119
2026-05-23,Montana,Class II,0.9266,0.490260087,0.568322032,0.645236871
2026-05-23,Nebraska,Class II,0.8887,0.48328352,0.544482896,0.603888031
2026-05-23,New Hampshire,Class II,0.1015,0.408442094,0.460245532,0.512218598
2026-05-23,New Jersey,Class II,0.0596,0.349729936,0.426853114,0.503961279
2026-05-23,New Mexico,Class II,0.0936,0.364681783,0.440071887,0.515428271
2026-05-23,North Carolina,Class II,0.1783,0.419536735,0.471139373,0.522104543
2026-05-23,Ohio,Class III,0.5872,0.45366886,0.50736746,0.561020652
2026-05-23,Oklahoma,Class II,0.9934,0.540917756,0.620095242,0.697712009
2026-05-23,Oregon,Class II,0.0168,0.3256239,0.400864462,0.478460855
2026-05-23,Rhode Island,Class II,0.0053,0.306636395,0.382981731,0.457807386
2026-05-23,South Carolina,Class II,0.9668,0.505692316,0.555857262,0.605028096
2026-05-23,South Dakota,Class II,0.9999,0.574356702,0.630038722,0.685572422
2026-05-23,Tennessee,Class II,0.9985,0.566697832,0.640324894,0.714317141
2026-05-23,Texas,Class II,0.6146,0.456875134,0.508845064,0.560925534
2026-05-23,Virginia,Class II,0.0749,0.357557033,0.433425727,0.508309825
2026-05-23,West Virginia,Class II,1,0.627979288,0.705036067,0.780323427
2026-05-23,Wyoming,Class II,0.9998,0.606112335,0.691908362,0.773278935
2026-05-24,Alabama,Class II,0.992,0.538316738,0.615561651,0.69218447
2026-05-24,Alaska,Class II,0.6877,0.46479723,0.514171764,0.562612084
2026-05-24,Arkansas,Class II,0.9956,0.575891271,0.707524585,0.83939169
2026-05-24,Colorado,Class II,0.0513,0.34746102,0.423876877,0.500483185
2026-05-24,Delaware,Class II,0.0122,0.320101877,0.397053588,0.473903073
2026-05-24,Florida,Class III,0.6917,0.462125596,0.516225616,0.570798573
2026-05-24,Georgia,Class II,0.1212,0.415037237,0.465042002,0.515859468
2026-05-24,Idaho,Class II,0.9998,0.595733012,0.670210562,0.744347871
2026-05-24,Illinois,Class II,0.0729,0.354825339,0.432920571,0.50830203
2026-05-24,Iowa,Class II,0.6827,0.460932349,0.515434973,0.569281446
2026-05-24,Kansas,Class II,0.9553,0.502680375,0.575913895,0.650724937
2026-05-24,Kentucky,Class II,0.9921,0.539743325,0.616368941,0.693128713
2026-05-24,Louisiana,Class II,0.9824,0.521451657,0.59756635,0.673817716
2026-05-24,Maine,Class II,0.1714,0.422639048,0.47175274,0.521304202
2026-05-24,Massachusetts,Class II,0,0.295832577,0.353187092,0.410992671
2026-05-24,Michigan,Class II,0.5599,0.453230276,0.504458999,0.554438223
2026-05-24,Minnesota,Class II,0.1139,0.40401678,0.45910265,0.515223936
2026-05-24,Mississippi,Class II,0.9835,0.522408355,0.595957891,0.669343481
2026-05-24,Montana,Class II,0.9351,0.494509968,0.569797002,0.644943832
2026-05-24,Nebraska,Class II,0.8993,0.487527588,0.545466507,0.604659638
2026-05-24,New Hampshire,Class II,0.1057,0.410687738,0.461216687,0.512498929
2026-05-24,New Jersey,Class II,0.0631,0.352127634,0.428162446,0.505358305
2026-05-24,New Mexico,Class II,0.1013,0.365561774,0.441448428,0.516959547
2026-05-24,North Carolina,Class II,0.1903,0.421566888,0.472955576,0.523670793
2026-05-24,Ohio,Class III,0.6088,0.456089846,0.50859764,0.560298579
2026-05-24,Oklahoma,Class II,0.993,0.54152459,0.62068345,0.697528251
2026-05-24,Oregon,Class II,0.0147,0.323774058,0.401453712,0.477224213
2026-05-24,Rhode Island,Class II,0.0061,0.309251201,0.38466153,0.461197625
2026-05-24,South Carolina,Class II,0.9725,0.508397612,0.556990393,0.605666563
2026-05-24,South Dakota,Class II,1,0.576152184,0.631036025,0.685606982
2026-05-24,Tennessee,Class II,0.9985,0.568172551,0.642216911,0.715485979
2026-05-24,Texas,Class II,0.617,0.45755747,0.509242006,0.560847916
2026-05-24,Virginia,Class II,0.0775,0.356214815,0.43419454,0.510434462
2026-05-24,West Virginia,Class II,1,0.630429248,0.706466612,0.779675102
2026-05-24,Wyoming,Class II,0.9997,0.610989984,0.69446863,0.775247358
2026-05-25,Alabama,Class II,0.9918,0.536601871,0.616063816,0.694288729
2026-05-25,Alaska,Class II,0.6817,0.464544645,0.51471109,0.565641563
2026-05-25,Arkansas,Class II,0.996,0.575379156,0.709175878,0.844892423
2026-05-25,Colorado,Class II,0.0457,0.346710721,0.422846319,0.498271247
2026-05-25,Delaware,Class II,0.0118,0.319541799,0.397106193,0.473770313
2026-05-25,Florida,Class III,0.6961,0.461740478,0.516841523,0.57133409
2026-05-25,Georgia,Class II,0.1372,0.415735784,0.466298397,0.51834245
2026-05-25,Idaho,Class II,0.9999,0.594232599,0.669990977,0.744067289
2026-05-25,Illinois,Class II,0.0779,0.356368192,0.433118706,0.510387283
2026-05-25,Iowa,Class II,0.6875,0.460674066,0.516089996,0.571843812
2026-05-25,Kansas,Class II,0.95,0.500008501,0.575148001,0.649648949
2026-05-25,Kentucky,Class II,0.9926,0.538625969,0.615849244,0.693038639
2026-05-25,Louisiana,Class II,0.9798,0.518944027,0.597433078,0.673837709
2026-05-25,Maine,Class II,0.1838,0.422435163,0.472645191,0.52242029
2026-05-25,Massachusetts,Class II,0,0.296607073,0.353752081,0.410770529
2026-05-25,Michigan,Class II,0.5644,0.454075044,0.504761817,0.555854193
2026-05-25,Minnesota,Class II,0.114,0.404714466,0.459668144,0.516088216
2026-05-25,Mississippi,Class II,0.9806,0.520392354,0.595278834,0.67003958
2026-05-25,Montana,Class II,0.929,0.491296656,0.569299695,0.645248535
2026-05-25,Nebraska,Class II,0.9028,0.48649755,0.546399211,0.605512838
2026-05-25,New Hampshire,Class II,0.1133,0.409745962,0.462282494,0.513448379
2026-05-25,New Jersey,Class II,0.0588,0.352476411,0.428816299,0.503342297
2026-05-25,New Mexico,Class II,0.1015,0.365063172,0.441752125,0.516968038
2026-05-25,North Carolina,Class II,0.1941,0.422031335,0.47322666,0.524008195
2026-05-25,Ohio,Class III,0.6089,0.455194119,0.50897944,0.562379976
2026-05-25,Oklahoma,Class II,0.9929,0.539864452,0.6206002,0.699482396
2026-05-25,Oregon,Class II,0.0189,0.326364654,0.40271867,0.479115679
2026-05-25,Rhode Island,Class II,0.0077,0.309321584,0.385374577,0.463071802
2026-05-25,South Carolina,Class II,0.9706,0.507308682,0.557834286,0.606268195
2026-05-25,South Dakota,Class II,1,0.578989637,0.632015559,0.685625989
2026-05-25,Tennessee,Class II,0.9984,0.567089642,0.641519669,0.716071702
2026-05-25,Texas,Class II,0.628,0.457499789,0.510300708,0.562464593
2026-05-25,Virginia,Class II,0.0757,0.359229439,0.434432449,0.50852823
2026-05-25,West Virginia,Class II,0.9999,0.631431687,0.70666332,0.779995406
2026-05-25,Wyoming,Class II,1,0.609308673,0.694017363,0.776145904
2026-05-26,Alabama,Class II,0.9919,0.538439433,0.61679712,0.694724546
2026-05-26,Alaska,Class II,0.6777,0.464414015,0.514335309,0.563945031
2026-05-26,Arkansas,Class II,0.9961,0.574739982,0.708421211,0.841224645
2026-05-26,Colorado,Class II,0.0517,0.345895045,0.422915168,0.500858171
2026-05-26,Delaware,Class II,0.0134,0.320218394,0.39706004,0.473121097
2026-05-26,Florida,Class III,0.7002,0.463535783,0.517429349,0.572024319
2026-05-26,Georgia,Class II,0.1302,0.4151147,0.465988959,0.516252373
2026-05-26,Idaho,Class II,0.9999,0.594878718,0.66999624,0.7449658
2026-05-26,Illinois,Class II,0.0769,0.354995151,0.432862872,0.509950304
2026-05-26,Iowa,Class II,0.6916,0.461202095,0.51658061,0.571932496
2026-05-26,Kansas,Class II,0.9494,0.499495373,0.574662401,0.648725137
2026-05-26,Kentucky,Class II,0.9928,0.538775562,0.616546572,0.693720416
2026-05-26,Louisiana,Class II,0.9809,0.521109153,0.598119962,0.67433261
2026-05-26,Maine,Class II,0.1815,0.423280426,0.472614783,0.522467812
2026-05-26,Massachusetts,Class II,1e-4,0.294576764,0.353472402,0.411203933
2026-05-26,Michigan,Class II,0.4456,0.415698655,0.493693146,0.571968913
2026-05-26,Minnesota,Class II,0.1077,0.405209619,0.459338251,0.51341872
2026-05-26,Mississippi,Class II,0.9821,0.520568842,0.595404687,0.670438982
2026-05-26,Montana,Class II,0.932,0.49264758,0.570258462,0.646994941
2026-05-26,Nebraska,Class II,0.8962,0.485878524,0.545543497,0.604503424
2026-05-26,New Hampshire,Class II,0.1171,0.410369046,0.462497368,0.513539612
2026-05-26,New Jersey,Class II,0.0592,0.351843497,0.427930908,0.504135198
2026-05-26,New Mexico,Class II,0.1016,0.363832737,0.44098201,0.517748825
2026-05-26,North Carolina,Class II,0.1851,0.421938085,0.472581683,0.523169393
2026-05-26,Ohio,Class III,0.6135,0.455965854,0.509003004,0.561567011
2026-05-26,Oklahoma,Class II,0.9917,0.54114447,0.621468796,0.699105104
2026-05-26,Oregon,Class II,0.0186,0.325787743,0.402113399,0.478474784
2026-05-26,Rhode Island,Class II,0.0071,0.308829826,0.384394181,0.461823094
2026-05-26,South Carolina,Class II,0.9698,0.507593272,0.556890704,0.605711822
2026-05-26,South Dakota,Class II,1,0.576267638,0.631672748,0.685707129
2026-05-26,Tennessee,Class II,0.9987,0.567285663,0.641292367,0.714310298
2026-05-26,Texas,Class II,0.625,0.457632286,0.510228186,0.562706346
2026-05-26,Virginia,Class II,0.0807,0.357639761,0.43520484,0.511150741
2026-05-26,West Virginia,Class II,0.9999,0.631567236,0.70527088,0.77985891
2026-05-26,Wyoming,Class II,0.9998,0.609187282,0.694257633,0.77594666
2026-05-27,Alabama,Class II,0.9927,0.538991433,0.61738236,0.694190825
2026-05-27,Alaska,Class II,0.6862,0.464298536,0.514529451,0.564657735
2026-05-27,Arkansas,Class II,0.9964,0.5743075,0.70914309,0.845976214
2026-05-27,Colorado,Class II,0.0484,0.348426409,0.424367707,0.499288254
2026-05-27,Delaware,Class II,0.0135,0.320480481,0.397642356,0.473423604
2026-05-27,Florida,Class III,0.7098,0.464461693,0.518109414,0.571510584
2026-05-27,Georgia,Class II,0.1407,0.416485197,0.467086339,0.516699971
2026-05-27,Idaho,Class II,1,0.595754024,0.670565791,0.745710295
2026-05-27,Illinois,Class II,0.0767,0.357362075,0.43336056,0.510674642
2026-05-27,Iowa,Class II,0.6888,0.461853849,0.516780339,0.572016075
2026-05-27,Kansas,Class II,0.9519,0.50075327,0.575708365,0.648880647
2026-05-27,Kentucky,Class II,0.9935,0.539528056,0.617170279,0.695968752
2026-05-27,Louisiana,Class II,0.9807,0.522271411,0.59821752,0.674750068
2026-05-27,Maine,Class II,0.1884,0.42286411,0.47302421,0.522469991
2026-05-27,Massachusetts,Class II,0,0.2959964,0.3544068,0.411715655
2026-05-27,Michigan,Class II,0.4568,0.418457801,0.49434723,0.569046465
2026-05-27,Minnesota,Class II,0.1208,0.405749071,0.460415009,0.515873786
2026-05-27,Mississippi,Class II,0.9804,0.519779474,0.595799987,0.670343232
2026-05-27,Montana,Class II,0.9378,0.495241239,0.57066888,0.646586623
2026-05-27,Nebraska,Class II,0.893,0.485040582,0.545494968,0.604348943
2026-05-27,New Hampshire,Class II,0.1188,0.41163972,0.46318861,0.514584385
2026-05-27,New Jersey,Class II,0.0591,0.354478548,0.42928522,0.503832801
2026-05-27,New Mexico,Class II,0.1031,0.36745103,0.442659625,0.517812492
2026-05-27,North Carolina,Class II,0.2005,0.421103431,0.473578276,0.524243029
2026-05-27,Ohio,Class III,0.6207,0.455834411,0.509777784,0.562601316
2026-05-27,Oklahoma,Class II,0.9939,0.542503782,0.622043111,0.698906402
2026-05-27,Oregon,Class II,0.0186,0.326351704,0.402764861,0.478125289
2026-05-27,Rhode Island,Class II,0.0071,0.309280666,0.386150156,0.462932511
2026-05-27,South Carolina,Class II,0.9758,0.508999922,0.55837876,0.607471666
2026-05-27,South Dakota,Class II,0.9998,0.577556176,0.632893632,0.687196601
2026-05-27,Tennessee,Class II,0.9988,0.566123891,0.642266072,0.716226555
2026-05-27,Texas,Class II,0.6364,0.458230412,0.51081251,0.562575906
2026-05-27,Virginia,Class II,0.084,0.358901596,0.435656074,0.513146956
2026-05-27,West Virginia,Class II,1,0.630800361,0.707333669,0.783763812
2026-05-27,Wyoming,Class II,0.9999,0.610975349,0.694823255,0.775542676
2026-05-28,Alabama,Class II,0.9911,0.538547517,0.615429025,0.694053812
2026-05-28,Alaska,Class II,0.6662,0.463947718,0.512753313,0.562004818
2026-05-28,Arkansas,Class II,0.9951,0.573937203,0.708758041,0.845919338
2026-05-28,Colorado,Class II,0.049,0.34662661,0.423030281,0.499310334
2026-05-28,Delaware,Class II,0.012,0.318823951,0.395915892,0.471802066
2026-05-28,Florida,Class III,0.7292,0.467725006,0.519896791,0.572515237
2026-05-28,Georgia,Class II,0.1313,0.41540036,0.465814291,0.515793367
2026-05-28,Idaho,Class II,0.9997,0.595381108,0.669678348,0.744194391
2026-05-28,Illinois,Class II,0.0744,0.354943412,0.432836868,0.509062331
2026-05-28,Iowa,Class II,0.6808,0.460725402,0.515652274,0.570806324
2026-05-28,Kansas,Class II,0.9518,0.500854688,0.574689299,0.648614744
2026-05-28,Kentucky,Class II,0.9928,0.538705486,0.616331045,0.694209386
2026-05-28,Louisiana,Class II,0.9804,0.520061944,0.596939045,0.673127292
2026-05-28,Maine,Class II,0.1677,0.420847175,0.470856075,0.520793178
2026-05-28,Massachusetts,Class II,0,0.296389025,0.353310456,0.408747982
2026-05-28,Michigan,Class II,0.4466,0.416681465,0.493890098,0.569299258
2026-05-28,Minnesota,Class II,0.1094,0.405132262,0.459446506,0.514071382
2026-05-28,Mississippi,Class II,0.9804,0.519466605,0.594901109,0.668835638
2026-05-28,Montana,Class II,0.9311,0.4928157,0.569544671,0.646401301
2026-05-28,Nebraska,Class II,0.8973,0.486587883,0.545237515,0.604479368
2026-05-28,New Hampshire,Class II,0.106,0.410793314,0.461712141,0.512635456
2026-05-28,New Jersey,Class II,0.0603,0.350515987,0.428299715,0.504707874
2026-05-28,New Mexico,Class II,0.105,0.364528498,0.441526743,0.518375693
2026-05-28,North Carolina,Class II,0.1791,0.421274405,0.471892949,0.523120026
2026-05-28,Ohio,Class III,0.6076,0.455217699,0.50828884,0.560015278
2026-05-28,Oklahoma,Class II,0.9931,0.540696274,0.620474095,0.699267225
2026-05-28,Oregon,Class II,0.0155,0.325361228,0.4008655,0.476191884
2026-05-28,Rhode Island,Class II,0.0081,0.309596894,0.38441527,0.461091322
2026-05-28,South Carolina,Class II,0.9706,0.507515585,0.556504688,0.605558642
2026-05-28,South Dakota,Class II,0.9999,0.576025737,0.630954037,0.686017851
2026-05-28,Tennessee,Class II,0.9993,0.566023423,0.641845574,0.715994736
2026-05-28,Texas,Class II,0.6062,0.456833033,0.508766043,0.560528822
2026-05-28,Virginia,Class II,0.0772,0.358066489,0.434384625,0.51073867
2026-05-28,West Virginia,Class II,1,0.628434176,0.7056656,0.781247824
2026-05-28,Wyoming,Class II,0.9998,0.609212908,0.693490663,0.775355237
2026-05-29,Alabama,Class II,0.988,0.5285048,0.608007456,0.685005022
2026-05-29,Alaska,Class II,0.5353,0.452576622,0.502672115,0.552798367
2026-05-29,Arkansas,Class II,0.9925,0.566128583,0.701136961,0.837196497
2026-05-29,Colorado,Class II,0.0326,0.337852247,0.414949269,0.491127656
2026-05-29,Delaware,Class II,0.0081,0.31126143,0.387642498,0.463190427
2026-05-29,Florida,Class III,0.6004,0.45477146,0.508260756,0.56094004
2026-05-29,Georgia,Class II,0.0686,0.402957505,0.454036064,0.504602355
2026-05-29,Idaho,Class II,0.9997,0.588001535,0.662291951,0.736211744
2026-05-29,Illinois,Class II,0.0536,0.348675154,0.425003745,0.501737327
2026-05-29,Iowa,Class II,0.5532,0.448585356,0.504267225,0.559372934
2026-05-29,Kansas,Class II,0.9343,0.493811308,0.567591398,0.640949841
2026-05-29,Kentucky,Class II,0.9877,0.530628946,0.608216966,0.685292001
2026-05-29,Louisiana,Class II,0.9673,0.50971552,0.589156932,0.666699926
2026-05-29,Maine,Class II,0.0977,0.409718408,0.460057688,0.510825722
2026-05-29,Massachusetts,Class II,0,0.28373219,0.341950004,0.39959859
2026-05-29,Michigan,Class II,0.3734,0.406469501,0.484656749,0.561647322
2026-05-29,Minnesota,Class II,0.0552,0.392940677,0.447786795,0.501803715
2026-05-29,Mississippi,Class II,0.9717,0.513344651,0.587719008,0.661959328
2026-05-29,Montana,Class II,0.8999,0.482534878,0.560495482,0.637005179
2026-05-29,Nebraska,Class II,0.8461,0.476909708,0.536570097,0.595428527
2026-05-29,New Hampshire,Class II,0.0546,0.399243836,0.450088067,0.501116045
2026-05-29,New Jersey,Class II,0.0443,0.344298757,0.419984827,0.497559021
2026-05-29,New Mexico,Class II,0.0702,0.358493772,0.433055628,0.508847982
2026-05-29,North Carolina,Class II,0.1087,0.408886918,0.461311883,0.512664138
2026-05-29,Ohio,Class III,0.4612,0.442857717,0.496879507,0.549906716
2026-05-29,Oklahoma,Class II,0.98740000000000006,0.529660111,0.612140489,0.691069265
2026-05-29,Oregon,Class II,0.0107,0.318620783,0.393489987,0.468862479
2026-05-29,Rhode Island,Class II,0.0032,0.299879001,0.375761065,0.45279506
2026-05-29,South Carolina,Class II,0.9321,0.495865994,0.545336577,0.594763054
2026-05-29,South Dakota,Class II,1,0.565469605,0.620723888,0.675887483
2026-05-29,Tennessee,Class II,0.9981,0.559273806,0.634162399,0.70866775
2026-05-29,Texas,Class II,0.4722,0.445365284,0.498022201,0.549578648
2026-05-29,Virginia,Class II,0.053900000000000003,0.349351419,0.425946766,0.501496549
2026-05-29,West Virginia,Class II,1,0.623893023,0.698209446,0.772945202
2026-05-29,Wyoming,Class II,0.9993,0.598932678,0.685273296,0.769783402
2026-05-30,Alabama,Class II,0.9868,0.529754976,0.607830097,0.684935286
2026-05-30,Alaska,Class II,0.5391,0.452268255,0.502707876,0.553636216
2026-05-30,Arkansas,Class II,0.9918,0.564636115,0.699917011,0.832922579
2026-05-30,Colorado,Class II,0.0339,0.337102488,0.414354281,0.491536061
2026-05-30,Delaware,Class II,0.0078,0.31093179,0.387263004,0.46358774
2026-05-30,Florida,Class III,0.5849,0.453252931,0.507047094,0.559906872
2026-05-30,Georgia,Class II,0.064,0.401894218,0.452873208,0.504121339
2026-05-30,Idaho,Class II,0.9996,0.584697208,0.661774912,0.738152429
2026-05-30,Illinois,Class II,0.0508,0.344114259,0.423792935,0.50030961
2026-05-30,Iowa,Class II,0.5398,0.447716859,0.503276817,0.558265781
2026-05-30,Kansas,Class II,0.9312,0.492312875,0.567034104,0.642014548
2026-05-30,Kentucky,Class II,0.9865,0.527484889,0.607658089,0.684623275
2026-05-30,Louisiana,Class II,0.9681,0.510155734,0.588307238,0.665752145
2026-05-30,Maine,Class II,0.0898,0.408007508,0.458887058,0.509179834
2026-05-30,Massachusetts,Class II,0,0.282675877,0.340702455,0.398166037
2026-05-30,Michigan,Class II,0.3696,0.405678398,0.48418743400000003,0.56058217
2026-05-30,Minnesota,Class II,0.0596,0.391363697,0.447289356,0.502722306
2026-05-30,Mississippi,Class II,0.9706,0.511738762,0.586988124,0.660936465
2026-05-30,Montana,Class II,0.9009,0.482486794,0.561586031,0.637760029
2026-05-30,Nebraska,Class II,0.8151,0.472307051,0.53308399,0.593910952
2026-05-30,New Hampshire,Class II,0.0541,0.397254274,0.449333895,0.501471676
2026-05-30,New Jersey,Class II,0.0407,0.343563672,0.418853351,0.495766523
2026-05-30,New Mexico,Class II,0.0708,0.354702237,0.432160172,0.507750163
2026-05-30,North Carolina,Class II,0.10780000000000001,0.408964644,0.461255398,0.512469806
2026-05-30,Ohio,Class III,0.4517,0.442070039,0.495925198,0.549337456
2026-05-30,Oklahoma,Class II,0.9864,0.530830449,0.611880537,0.691000771
2026-05-30,Oregon,Class II,0.0101,0.313976269,0.392153416,0.46833178600000003
2026-05-30,Rhode Island,Class II,0.0037,0.298726781,0.375450329,0.452681258
2026-05-30,South Carolina,Class II,0.9252,0.493651646,0.544426613,0.594207197
2026-05-30,South Dakota,Class II,0.9999,0.565038972,0.620249509,0.674975172
2026-05-30,Tennessee,Class II,0.9979,0.559509973,0.633215244,0.707622992
2026-05-30,Texas,Class II,0.4855,0.446743764,0.498887679,0.550267181
2026-05-30,Virginia,Class II,0.0534,0.347120663,0.424708021,0.501567063
2026-05-30,West Virginia,Class II,1,0.621409549,0.697115768,0.772057375
2026-05-30,Wyoming,Class II,0.9997,0.597609438,0.684860622,0.767748555
2026-05-31,Alabama,Class II,0.9843,0.52732494,0.605714565,0.684231946
2026-05-31,Alaska,Class II,0.5198,0.450017711,0.501038388,0.551035951
2026-05-31,Arkansas,Class II,0.9911,0.559124043,0.695482271,0.832934441
2026-05-31,Colorado,Class II,0.0314,0.334070553,0.411862448,0.488317559
2026-05-31,Delaware,Class II,0.0071,0.30769249,0.384952726,0.461117995
2026-05-31,Florida,Class III,0.5816,0.452169384,0.506032285,0.559249828
2026-05-31,Georgia,Class II,0.0595,0.400513978,0.451746758,0.50232739
2026-05-31,Idaho,Class II,0.9993,0.584497683,0.660620513,0.734648208
2026-05-31,Illinois,Class II,0.0501,0.341800821,0.422166265,0.500037095
2026-05-31,Iowa,Class II,0.532,0.446821214,0.502603652,0.55752805
2026-05-31,Kansas,Class II,0.9289,0.491564415,0.565502357,0.638062789
2026-05-31,Kentucky,Class II,0.9864,0.527482366,0.605955454,0.683736753
2026-05-31,Louisiana,Class II,0.9651,0.508485795,0.586572252,0.663906128
2026-05-31,Maine,Class II,0.0893,0.407441059,0.458362745,0.508532694
2026-05-31,Massachusetts,Class II,0,0.281462071,0.33925541,0.396099952
2026-05-31,Michigan,Class II,0.3553,0.403208903,0.481964628,0.558859052
2026-05-31,Minnesota,Class II,0.0532,0.38852965,0.445783294,0.500895431
2026-05-31,Mississippi,Class II,0.9692,0.510389875,0.586119581,0.660212589
2026-05-31,Montana,Class II,0.896,0.480828068,0.559105997,0.637229201
2026-05-31,Nebraska,Class II,0.815,0.472684225,0.532588895,0.592365334
2026-05-31,New Hampshire,Class II,0.0496,0.395601596,0.447817944,0.499911976
2026-05-31,New Jersey,Class II,0.0382,0.34061953699999997,0.417556774,0.49417997
2026-05-31,New Mexico,Class II,0.0675,0.351566958,0.43093548,0.505870122
2026-05-31,North Carolina,Class II,0.097,0.407061718,0.458606418,0.510255272
2026-05-31,Ohio,Class III,0.431,0.440171249,0.494189891,0.548106234
2026-05-31,Oklahoma,Class II,0.9844,0.526903735,0.60978616,0.689701232
2026-05-31,Oregon,Class II,0.0094,0.314375113,0.390783672,0.46733901
2026-05-31,Rhode Island,Class II,0.0028,0.297951435,0.373589645,0.449886778
2026-05-31,South Carolina,Class II,0.9196,0.492402433,0.54378603,0.593989693
2026-05-31,South Dakota,Class II,0.9996,0.562891418,0.618756839,0.675672755
2026-05-31,Tennessee,Class II,0.9981,0.55769962,0.632914358,0.707520809
2026-05-31,Texas,Class II,0.4677,0.446028087,0.497597043,0.54851819
2026-05-31,Virginia,Class II,0.0495,0.347554855,0.423920228,0.499661437
2026-05-31,West Virginia,Class II,1,0.621510938,0.696077016,0.770201915
2026-05-31,Wyoming,Class II,1,0.595804934,0.682446947,0.764956415
2026-06-01,Alabama,Class II,0.9868,0.529756586,0.610012939,0.686588239
2026-06-01,Alaska,Class II,0.5762,0.455122329,0.505883131,0.555794603
2026-06-01,Arkansas,Class II,0.9926,0.565857157,0.702874735,0.835891889
2026-06-01,Colorado,Class II,0.0325,0.339463061,0.416543745,0.491310144
2026-06-01,Delaware,Class II,0.0079,0.312845171,0.390667981,0.465920214
2026-06-01,Florida,Class III,0.6352,0.456655071,0.511067446,0.563854667
2026-06-01,Georgia,Class II,0.0864,0.405475545,0.456959818,0.508541089
2026-06-01,Idaho,Class II,0.9996,0.588847024,0.664440451,0.738487455
2026-06-01,Illinois,Class II,0.0632,0.347725002,0.427179865,0.505487879
2026-06-01,Iowa,Class II,0.5865,0.453117075,0.507688773,0.562789616
2026-06-01,Kansas,Class II,0.9377,0.495609932,0.569549966,0.643709326
2026-06-01,Kentucky,Class II,0.9903,0.533444413,0.610841134,0.68852033
2026-06-01,Louisiana,Class II,0.9687,0.510932921,0.590990823,0.666884453
2026-06-01,Maine,Class II,0.1129,0.412708092,0.46285441,0.513438435
2026-06-01,Massachusetts,Class II,0,0.286504397,0.345008614,0.402017469
2026-06-01,Michigan,Class II,0.3937,0.40813467,0.486905388,0.563540742
2026-06-01,Minnesota,Class II,0.0686,0.395427006,0.450764574,0.505002789
2026-06-01,Mississippi,Class II,0.9772,0.515039065,0.589835997,0.663769999
2026-06-01,Montana,Class II,0.9072,0.483661034,0.563088494,0.638239353
2026-06-01,Nebraska,Class II,0.8504,0.478004078,0.53771819,0.596716236
2026-06-01,New Hampshire,Class II,0.0711,0.401861229,0.453224218,0.505485523
2026-06-01,New Jersey,Class II,0.0452,0.345916408,0.422308538,0.49821593
2026-06-01,New Mexico,Class II,0.0809,0.358580847,0.435239618,0.510846826
2026-06-01,North Carolina,Class II,0.1324,0.412476924,0.464406744,0.517781361
2026-06-01,Ohio,Class III,0.4947,0.444902135,0.499040071,0.552119748
2026-06-01,Oklahoma,Class II,0.9876,0.533424543,0.614047413,0.692594137
2026-06-01,Oregon,Class II,0.0128,0.318448193,0.39531923,0.472764109
2026-06-01,Rhode Island,Class II,0.0037,0.301203165,0.378158752,0.451799671
2026-06-01,South Carolina,Class II,0.944,0.497895731,0.548651557,0.598496768
2026-06-01,South Dakota,Class II,1,0.568186356,0.62359679,0.678792941
2026-06-01,Tennessee,Class II,0.9977,0.560888422,0.635608992,0.707914338
2026-06-01,Texas,Class II,0.548,0.452329418,0.503915573,0.555683545
2026-06-01,Virginia,Class II,0.0611,0.352118355,0.428719766,0.504665039
2026-06-01,West Virginia,Class II,1,0.624658519,0.700400469,0.775519736
2026-06-01,Wyoming,Class II,0.9991,0.600487432,0.68762422,0.771627684
2026-06-02,Alabama,Class II,0.9896,0.532283239,0.611817336,0.690074129
2026-06-02,Alaska,Class II,0.6157,0.458010848,0.508829746,0.558594145
2026-06-02,Arkansas,Class II,0.9949,0.57093908,0.702406495,0.836974565
2026-06-02,Colorado,Class II,0.0411,0.342088234,0.418941003,0.495775099
2026-06-02,Delaware,Class II,0.0084,0.315317076,0.392298585,0.468329404
2026-06-02,Florida,Class III,0.6631,0.460930873,0.513901023,0.566060207
2026-06-02,Georgia,Class II,0.0898,0.408702027,0.45864514,0.509237237
2026-06-02,Idaho,Class II,0.9998,0.591638746,0.665935979,0.740154769
2026-06-02,Illinois,Class II,0.0631,0.351437269,0.428696011,0.504775213
2026-06-02,Iowa,Class II,0.6053,0.453339807,0.508864968,0.56338486
2026-06-02,Kansas,Class II,0.9429,0.497564765,0.571418597,0.645954128
2026-06-02,Kentucky,Class II,0.989,0.533262223,0.612120005,0.689511405
2026-06-02,Louisiana,Class II,0.973,0.513813208,0.593411682,0.66878565
2026-06-02,Maine,Class II,0.1239,0.413499845,0.464581929,0.514549829
2026-06-02,Massachusetts,Class II,0,0.289668786,0.346812566,0.404177447
2026-06-02,Michigan,Class II,0.4158,0.412796798,0.489829541,0.565338729
2026-06-02,Minnesota,Class II,0.0794,0.397276863,0.452962324,0.508240244
2026-06-02,Mississippi,Class II,0.9772,0.517297772,0.5916156,0.664969722
2026-06-02,Montana,Class II,0.9159,0.486290039,0.564936492,0.641580935
2026-06-02,Nebraska,Class II,0.8559,0.47873111,0.537798718,0.598494243
2026-06-02,New Hampshire,Class II,0.0736,0.403124701,0.455463545,0.506009506
2026-06-02,New Jersey,Class II,0.0484,0.346271802,0.423522785,0.499244752
2026-06-02,New Mexico,Class II,0.0875,0.361044476,0.437177566,0.513751964
2026-06-02,North Carolina,Class II,0.1442,0.415151619,0.467031271,0.518375191
2026-06-02,Ohio,Class III,0.5174,0.448832576,0.501308547,0.553946545
2026-06-02,Oklahoma,Class II,0.9903,0.534731696,0.616208183,0.694635286
2026-06-02,Oregon,Class II,0.0127,0.318762875,0.396784613,0.473149906
2026-06-02,Rhode Island,Class II,0.0059,0.303446171,0.380400852,0.458500676
2026-06-02,South Carolina,Class II,0.9519,0.500500782,0.550777097,0.600190533
2026-06-02,South Dakota,Class II,0.9999,0.569627257,0.625433446,0.681116945
2026-06-02,Tennessee,Class II,0.9988,0.563033395,0.638574235,0.714197279
2026-06-02,Texas,Class II,0.5645,0.452430535,0.504874768,0.55705433
2026-06-02,Virginia,Class II,0.0678,0.35214847,0.430330243,0.507630306
2026-06-02,West Virginia,Class II,1,0.626488668,0.701234969,0.776525978
2026-06-02,Wyoming,Class II,1,0.604023843,0.68993242,0.773359836
2026-06-03,Alabama,Class II,0.99,0.532655987,0.610181579,0.689014401
2026-06-03,Alaska,Class II,0.5922,0.457394934,0.507477206,0.55752617
2026-06-03,Arkansas,Class II,0.9963,0.574211019,0.704332537,0.838924852
2026-06-03,Colorado,Class II,0.035,0.340147925,0.416833187,0.491759051
2026-06-03,Delaware,Class II,0.0093,0.31390837,0.391155006,0.466581613
2026-06-03,Florida,Class III,0.6576,0.45943604,0.512884951,0.566028682
2026-06-03,Georgia,Class II,0.0852,0.40696821,0.458279845,0.508538847
2026-06-03,Idaho,Class II,0.9997,0.588870475,0.665219631,0.739713138
2026-06-03,Illinois,Class II,0.0584,0.348950762,0.426996273,0.503300844
2026-06-03,Iowa,Class II,0.5959,0.453355395,0.508331331,0.563405272
2026-06-03,Kansas,Class II,0.9405,0.496803978,0.56998773,0.642659799
2026-06-03,Kentucky,Class II,0.9877,0.531829604,0.61040747,0.686831478
2026-06-03,Louisiana,Class II,0.9742,0.514853892,0.591437379,0.667308531
2026-06-03,Maine,Class II,0.1191,0.412542031,0.464106787,0.514619321
2026-06-03,Massachusetts,Class II,0,0.289683799,0.346071314,0.402179208
2026-06-03,Michigan,Class II,0.3982,0.41037377,0.487488526,0.562296924
2026-06-03,Minnesota,Class II,0.0759,0.396784382,0.4519649,0.506753782
2026-06-03,Mississippi,Class II,0.9769,0.515329201,0.589920561,0.664649669
2026-06-03,Montana,Class II,0.9143,0.487055882,0.56343365,0.639467578
2026-06-03,Nebraska,Class II,0.8506,0.477062964,0.537485543,0.596130746
2026-06-03,New Hampshire,Class II,0.0714,0.403456441,0.454651008,0.505381594
2026-06-03,New Jersey,Class II,0.0453,0.345984982,0.422484774,0.497825119
2026-06-03,New Mexico,Class II,0.0842,0.358760029,0.435121531,0.511386106
2026-06-03,North Carolina,Class II,0.1308,0.414286287,0.465506991,0.516785751
2026-06-03,Ohio,Class III,0.5078,0.446149219,0.500623998,0.553026897
2026-06-03,Oklahoma,Class II,0.989,0.532964877,0.615137552,0.693024717
2026-06-03,Oregon,Class II,0.0115,0.321359145,0.396793327,0.470192952
2026-06-03,Rhode Island,Class II,0.0042,0.302491776,0.37916395,0.454410918
2026-06-03,South Carolina,Class II,0.9492,0.49988186,0.549890026,0.59947455
2026-06-03,South Dakota,Class II,0.9999,0.568593538,0.624532537,0.679456137
2026-06-03,Tennessee,Class II,0.9982,0.5596671,0.635842646,0.709961108
2026-06-03,Texas,Class II,0.5572,0.452177535,0.504045083,0.555498187
2026-06-03,Virginia,Class II,0.0668,0.355344078,0.430147694,0.506674027
2026-06-03,West Virginia,Class II,1,0.624345381,0.700392299,0.777479489
2026-06-03,Wyoming,Class II,0.9998,0.602631016,0.687500135,0.771061628
2026-06-04,Alabama,Class II,0.9909,0.534467227,0.613962673,0.692000704
2026-06-04,Alaska,Class II,0.6423,0.462522361,0.51130762,0.56174075
2026-06-04,Arkansas,Class II,0.9947,0.571669419,0.706400692,0.842022322
2026-06-04,Colorado,Class II,0.0452,0.34278835,0.420484437,0.496699044
2026-06-04,Delaware,Class II,0.0112,0.318672926,0.39446534,0.469053849
2026-06-04,Florida,Class III,0.6907,0.46288619,0.51594327,0.570164973
2026-06-04,Georgia,Class II,0.1093,0.4107406,0.461795635,0.512617941
2026-06-04,Idaho,Class II,0.9998,0.593209901,0.667684794,0.74227808
2026-06-04,Illinois,Class II,0.0654,0.351395767,0.430248613,0.506756124
2026-06-04,Iowa,Class II,0.6403,0.456808298,0.511856032,0.567764845
2026-06-04,Kansas,Class II,0.9461,0.498203681,0.573225956,0.647034424
2026-06-04,Kentucky,Class II,0.9895,0.535031969,0.614089096,0.691340575
2026-06-04,Louisiana,Class II,0.9763,0.516742247,0.59562871,0.671689499
2026-06-04,Maine,Class II,0.1534,0.417222822,0.468175503,0.519263305
2026-06-04,Massachusetts,Class II,0,0.291681079,0.349225777,0.407338292
2026-06-04,Michigan,Class II,0.4244,0.41466878,0.491349536,0.567582065
2026-06-04,Minnesota,Class II,0.0958,0.399760713,0.455813574,0.511335972
2026-06-04,Mississippi,Class II,0.9807,0.519262809,0.593899523,0.668437116
2026-06-04,Montana,Class II,0.925,0.490284607,0.566992909,0.642228371
2026-06-04,Nebraska,Class II,0.8733,0.480802938,0.541341168,0.600143821
2026-06-04,New Hampshire,Class II,0.088,0.407091248,0.457662167,0.508803558
2026-06-04,New Jersey,Class II,0.0561,0.349467435,0.42507597,0.503241484
2026-06-04,New Mexico,Class II,0.0917,0.361922206,0.438473374,0.514570251
2026-06-04,North Carolina,Class II,0.1631,0.418541058,0.469578787,0.521867934
2026-06-04,Ohio,Class III,0.4223,0.438597637,0.493236904,0.547179716
2026-06-04,Oklahoma,Class II,0.9924,0.537814601,0.618296214,0.697461076
2026-06-04,Oregon,Class II,0.0162,0.323696825,0.399497253,0.476070856
2026-06-04,Rhode Island,Class II,0.0049,0.304896268,0.381254012,0.459230435
2026-06-04,South Carolina,Class II,0.9626,0.504179579,0.553679494,0.602648376
2026-06-04,South Dakota,Class II,0.9999,0.573491724,0.628848357,0.684311489
2026-06-04,Tennessee,Class II,0.9987,0.563670697,0.638809761,0.714080575
2026-06-04,Texas,Class II,0.5826,0.454795904,0.506390071,0.557923168
2026-06-04,Virginia,Class II,0.0699,0.355153559,0.431531368,0.508782202
2026-06-04,West Virginia,Class II,1,0.625854024,0.702748097,0.776988398
2026-06-04,Wyoming,Class II,0.9998,0.605753905,0.690994476,0.773431977
2026-06-05,Alabama,Class II,0.9915,0.53602468,0.613197844,0.692239616
2026-06-05,Alaska,Class II,0.6339,0.46008682,0.510297895,0.560138508
2026-06-05,Arkansas,Class II,0.9959,0.575140958,0.706432319,0.839757278
2026-06-05,Colorado,Class II,0.043,0.344543578,0.419500547,0.495465994
2026-06-05,Delaware,Class II,0.0105,0.317600914,0.393693604,0.46963961
2026-06-05,Florida,Class III,0.6939,0.463618454,0.516380246,0.569448894
2026-06-05,Georgia,Class II,0.1088,0.411139133,0.461561247,0.511388987
2026-06-05,Idaho,Class II,0.9995,0.591733785,0.66658886,0.740206824
2026-06-05,Illinois,Class II,0.0636,0.351718697,0.430144744,0.506026533
2026-06-05,Iowa,Class II,0.6425,0.456499022,0.511617284,0.566895822
2026-06-05,Kansas,Class II,0.9463,0.498168415,0.572165166,0.644949298
2026-06-05,Kentucky,Class II,0.9903,0.534335752,0.613531921,0.692072932
2026-06-05,Louisiana,Class II,0.9784,0.517447453,0.594856059,0.671171968
2026-06-05,Maine,Class II,0.1893,0.422736177,0.473162189,0.524009593
2026-06-05,Massachusetts,Class II,0,0.293367828,0.348862248,0.40615128
2026-06-05,Michigan,Class II,0.4153,0.412738028,0.48953145,0.56501271
2026-06-05,Minnesota,Class II,0.1909,0.414876594,0.47037863,0.526854173
2026-06-05,Mississippi,Class II,0.9783,0.517043161,0.592000832,0.665713657
2026-06-05,Montana,Class II,0.9225,0.488027641,0.565828896,0.64223394600000006
2026-06-05,Nebraska,Class II,0.8761,0.481483705,0.541498813,0.600535927
2026-06-05,New Hampshire,Class II,0.0946,0.407162194,0.458066215,0.51061832
2026-06-05,New Jersey,Class II,0.0498,0.350408224,0.424873693,0.499963088
2026-06-05,New Mexico,Class II,0.0911,0.36156684,0.437622713,0.514973603
2026-06-05,North Carolina,Class II,0.1641,0.418402605,0.469314055,0.520882794
2026-06-05,Ohio,Class III,0.4191,0.437619515,0.49295553,0.547355806
2026-06-05,Oklahoma,Class II,0.9915,0.537791427,0.617912795,0.694513626
2026-06-05,Oregon,Class II,0.0166,0.323723712,0.39931862,0.476125951
2026-06-05,Rhode Island,Class II,0.0061,0.303600285,0.381267265,0.459171594
2026-06-05,South Carolina,Class II,0.961,0.504435131,0.553461848,0.603360891
2026-06-05,South Dakota,Class II,0.9996,0.573471671,0.627916329,0.683216068
2026-06-05,Tennessee,Class II,0.9984,0.563908547,0.639188045,0.713677357
2026-06-05,Texas,Class II,0.5768,0.454144655,0.506135206,0.558430566
2026-06-05,Virginia,Class II,0.069,0.355500531,0.431018723,0.508444896
2026-06-05,West Virginia,Class II,1,0.627334399,0.703223696,0.777823822
2026-06-05,Wyoming,Class II,0.9997,0.606141155,0.690278163,0.77202406
2026-06-06,Alabama,Class II,0.9899,0.535315198,0.61340138,0.690796122
2026-06-06,Alaska,Class II,0.6367,0.46212013,0.510004632,0.558035082
2026-06-06,Arkansas,Class II,0.9943,0.572826778,0.706638465,0.840333991
2026-06-06,Colorado,Class II,0.0414,0.343993239,0.41980736,0.495811994
2026-06-06,Delaware,Class II,0.011,0.317525497,0.39353373,0.468770855
2026-06-06,Florida,Class III,0.6993,0.464226851,0.516330949,0.56808593
2026-06-06,Georgia,Class II,0.1052,0.413027421,0.462434253,0.511679787
2026-06-06,Idaho,Class II,0.9997,0.591985687,0.667883497,0.74180079
2026-06-06,Illinois,Class II,0.0665,0.352275388,0.429651413,0.506414925
2026-06-06,Iowa,Class II,0.6421,0.457644751,0.511821189,0.564814192
2026-06-06,Kansas,Class II,0.9483,0.499114858,0.57245793,0.644075814
2026-06-06,Kentucky,Class II,0.99,0.536031082,0.614994459,0.69315534
2026-06-06,Louisiana,Class II,0.9792,0.519219152,0.595395577,0.67077131
2026-06-06,Maine,Class II,0.1791,0.424175033,0.472794312,0.520497093
2026-06-06,Massachusetts,Class II,0,0.294539801,0.349591335,0.405025427
2026-06-06,Michigan,Class II,0.4118,0.413343264,0.489916459,0.567082768
2026-06-06,Minnesota,Class II,0.1894,0.415279269,0.470787091,0.525176527
2026-06-06,Mississippi,Class II,0.9778,0.517567967,0.593094853,0.666775044
2026-06-06,Montana,Class II,0.9235,0.489453748,0.566594114,0.643190945
2026-06-06,Nebraska,Class II,0.875,0.481829944,0.541330732,0.598997807
2026-06-06,New Hampshire,Class II,0.0863,0.408396676,0.458575999,0.508716278
2026-06-06,New Jersey,Class II,0.0497,0.349434726,0.42492299,0.499891674
2026-06-06,New Mexico,Class II,0.0938,0.363077467,0.438566404,0.514281846
2026-06-06,North Carolina,Class II,0.1421,0.417991619,0.468038439,0.516882146
2026-06-06,Ohio,Class III,0.4198,0.441277199,0.493451669,0.546470602
2026-06-06,Oklahoma,Class II,0.9921,0.538946395,0.618376862,0.697268652
2026-06-06,Oregon,Class II,0.0155,0.323632822,0.399229633,0.475020306
2026-06-06,Rhode Island,Class II,0.0054,0.305937972,0.381988444,0.457114447
2026-06-06,South Carolina,Class II,0.9631,0.504919035,0.553261169,0.601786308
2026-06-06,South Dakota,Class II,1,0.576694539,0.628848834,0.680606108
2026-06-06,Tennessee,Class II,0.9992,0.566617775,0.639782525,0.711911933
2026-06-06,Texas,Class II,0.5751,0.455864584,0.505827175,0.556089848
2026-06-06,Virginia,Class II,0.0699,0.355743737,0.43185332,0.507308543
2026-06-06,West Virginia,Class II,1,0.63034629,0.703726749,0.778386118
2026-06-06,Wyoming,Class II,0.9995,0.606859931,0.690840677,0.772882887
2026-06-07,Alabama,Class II,0.9928,0.536962642,0.613094614,0.687275952
2026-06-07,Alaska,Class II,0.6436,0.46211369,0.511051695,0.561061864
2026-06-07,Arkansas,Class II,0.9961,0.581062793,0.705034948,0.839566959
2026-06-07,Colorado,Class II,0.0372,0.343620003,0.419097529,0.493327358
2026-06-07,Delaware,Class II,0.0104,0.316146346,0.392315481,0.46685472
2026-06-07,Florida,Class III,0.719,0.466588468,0.518091074,0.569977543
2026-06-07,Georgia,Class II,0.1055,0.411505176,0.461651802,0.512095662
2026-06-07,Idaho,Class II,0.9998,0.594306688,0.66892863,0.745041503
2026-06-07,Illinois,Class II,0.0637,0.352334453,0.430559287,0.504690028
2026-06-07,Iowa,Class II,0.6518,0.459270257,0.512670433,0.56637053
2026-06-07,Kansas,Class II,0.9542,0.501567757,0.573290092,0.64371565
2026-06-07,Kentucky,Class II,0.9899,0.53555527,0.613799633,0.689108086
2026-06-07,Louisiana,Class II,0.976,0.516393474,0.594522072,0.669987627
2026-06-07,Maine,Class II,0.1812,0.422287906,0.473091627,0.523809709
2026-06-07,Massachusetts,Class II,0,0.292130541,0.348656777,0.404601668
2026-06-07,Michigan,Class II,0.4235,0.414657532,0.490945793,0.566042116
2026-06-07,Minnesota,Class II,0.193,0.416438191,0.471274485,0.526795088
2026-06-07,Mississippi,Class II,0.9802,0.519128079,0.593399523,0.666968981
2026-06-07,Montana,Class II,0.9279,0.491007653,0.566886376,0.642040453
2026-06-07,Nebraska,Class II,0.8872,0.484881484,0.543208075,0.602120627
2026-06-07,New Hampshire,Class II,0.0918,0.408324459,0.458520671,0.509208121
2026-06-07,New Jersey,Class II,0.0492,0.348234141,0.424204408,0.499549224
2026-06-07,New Mexico,Class II,0.0851,0.361485331,0.437715083,0.514271434
2026-06-07,North Carolina,Class II,0.158,0.418572295,0.469150133,0.519173233
2026-06-07,Ohio,Class III,0.4385,0.439053195,0.494742776,0.547716756
2026-06-07,Oklahoma,Class II,0.9917,0.540887415,0.619037431,0.695844408
2026-06-07,Oregon,Class II,0.0134,0.322738228,0.39788997,0.472680209
2026-06-07,Rhode Island,Class II,0.0056,0.306077179,0.380244428,0.455498025
2026-06-07,South Carolina,Class II,0.9654,0.505516272,0.554356896,0.603771779
2026-06-07,South Dakota,Class II,1,0.575970556,0.629449078,0.683100206
2026-06-07,Tennessee,Class II,0.9985,0.565951228,0.639654269,0.713204012
2026-06-07,Texas,Class II,0.7144,0.466139176,0.517405931,0.568063408
2026-06-07,Virginia,Class II,0.0641,0.356695586,0.430663637,0.505745701
2026-06-07,West Virginia,Class II,1,0.632032627,0.70427971599999994,0.779171168
2026-06-07,Wyoming,Class II,0.9996,0.609911987,0.692504808,0.772480111
2026-06-08,Alabama,Class II,0.9909,0.537257287,0.613940581,0.690896192
2026-06-08,Alaska,Class II,0.6504,0.461975796,0.5114315,0.561050697
2026-06-08,Arkansas,Class II,0.9942,0.577255447,0.709808657,0.843238735
2026-06-08,Colorado,Class II,0.041,0.345184515,0.421187967,0.495627756
2026-06-08,Delaware,Class II,0.0103,0.318418962,0.394765464,0.470566156
2026-06-08,Florida,Class III,0.7078,0.464401458,0.517493323,0.570186106
2026-06-08,Georgia,Class II,0.1099,0.413265769,0.463000362,0.51246616
2026-06-08,Idaho,Class II,1,0.592049755,0.668204895,0.743506016
2026-06-08,Illinois,Class II,0.0663,0.352978933,0.430648121,0.506083917
2026-06-08,Iowa,Class II,0.6463,0.457822237,0.512532007,0.567635267
2026-06-08,Kansas,Class II,0.9496,0.499912286,0.573163527,0.647173167
2026-06-08,Kentucky,Class II,0.9915,0.535915226,0.614429311,0.690869462
2026-06-08,Louisiana,Class II,0.9778,0.517099871,0.595396112,0.672084182
2026-06-08,Maine,Class II,0.1909,0.424328497,0.473872092,0.523520331
2026-06-08,Massachusetts,Class II,0,0.292505129,0.349746547,0.405959877
2026-06-08,Michigan,Class II,0.4297,0.415219418,0.49170463,0.568346503
2026-06-08,Minnesota,Class II,0.1973,0.415933219,0.47126468,0.52569503
2026-06-08,Mississippi,Class II,0.9798,0.519013434,0.593031034,0.666281478
2026-06-08,Montana,Class II,0.922,0.489377234,0.567386303,0.644581823
2026-06-08,Nebraska,Class II,0.8804,0.481518664,0.541691266,0.599966739
2026-06-08,New Hampshire,Class II,0.092,0.408423384,0.459385213,0.509820424
2026-06-08,New Jersey,Class II,0.0525,0.350894585,0.426269281,0.501255638
2026-06-08,New Mexico,Class II,0.0949,0.362910018,0.439719157,0.516171914
2026-06-08,North Carolina,Class II,0.1588,0.418097163,0.469611024,0.52024355
2026-06-08,Ohio,Class III,0.4304,0.439523562,0.494081543,0.54720282
2026-06-08,Oklahoma,Class II,0.9886,0.536570121,0.618040792,0.696219647
2026-06-08,Oregon,Class II,0.0166,0.324443863,0.399875524,0.475182388
2026-06-08,Rhode Island,Class II,0.0048,0.306947988,0.382355791,0.459552116
2026-06-08,South Carolina,Class II,0.9669,0.505389358,0.55461021,0.603068603
2026-06-08,South Dakota,Class II,0.9999,0.5742353,0.628680402,0.683852943
2026-06-08,Tennessee,Class II,0.9985,0.566584533,0.639624509,0.713504065
2026-06-08,Texas,Class II,0.7118,0.465113912,0.517360536,0.568514039
2026-06-08,Virginia,Class II,0.0709,0.356475495,0.432439254,0.507652179
2026-06-08,West Virginia,Class II,0.9999,0.62768949,0.70370279,0.778491177
2026-06-08,Wyoming,Class II,0.9995,0.607158184,0.691657978,0.773731388
2026-06-09,Alabama,Class II,0.9929,0.54310783,0.618260399,0.694005769
2026-06-09,Alaska,Class II,0.6869,0.466151247,0.514428372,0.563823875
2026-06-09,Arkansas,Class II,0.9952,0.576723801,0.711139922,0.846311567
2026-06-09,Colorado,Class II,0.0511,0.348564243,0.424644339,0.500439961
2026-06-09,Delaware,Class II,0.0131,0.3211459,0.397996652,0.473518586
2026-06-09,Florida,Class III,0.7634,0.471028747,0.522393426,0.573244521
2026-06-09,Georgia,Class II,0.1449,0.418160088,0.467459659,0.51875234
2026-06-09,Idaho,Class II,0.9999,0.617075842,0.683538792,0.751098279
2026-06-09,Illinois,Class II,0.0772,0.358000059,0.433973824,0.510023773
2026-06-09,Iowa,Class II,0.7045,0.462294184,0.517285932,0.571118024
2026-06-09,Kansas,Class II,0.9566,0.502503151,0.575836023,0.649504689
2026-06-09,Kentucky,Class II,0.994,0.542284562,0.618326814,0.694431386
2026-06-09,Louisiana,Class II,0.9838,0.523739004,0.599053015,0.674028392
2026-06-09,Maine,Class II,0.3632,0.438916743,0.48892433,0.538514776
2026-06-09,Massachusetts,Class II,0,0.298162392,0.353900599,0.409075356
2026-06-09,Michigan,Class II,0.4608,0.41893558,0.495263656,0.570013878
2026-06-09,Minnesota,Class II,0.233,0.418499836,0.474862511,0.52978758
2026-06-09,Mississippi,Class II,0.9834,0.523016895,0.596932649,0.671485675
2026-06-09,Montana,Class II,0.9373,0.494854509,0.571721714,0.648468991
2026-06-09,Nebraska,Class II,0.9092,0.488729806,0.546827398,0.604956124
2026-06-09,New Hampshire,Class II,0.1202,0.413921576,0.464014119,0.514612945
2026-06-09,New Jersey,Class II,0.062,0.355476624,0.430815519,0.504878354
2026-06-09,New Mexico,Class II,0.1079,0.367201894,0.443416123,0.519213379
2026-06-09,North Carolina,Class II,0.2008,0.423254139,0.47402078,0.524605372
2026-06-09,Ohio,Class III,0.496,0.447350415,0.50015003,0.553022563
2026-06-09,Oklahoma,Class II,0.991,0.54172185,0.621478172,0.700568778
2026-06-09,Oregon,Class II,0.0212,0.328391836,0.404316669,0.480033173
2026-06-09,Rhode Island,Class II,0.0068,0.310066134,0.385992068,0.462072969
2026-06-09,South Carolina,Class II,0.9757,0.50954609,0.558044315,0.607001284
2026-06-09,South Dakota,Class II,0.9999,0.588553562,0.657351158,0.726122719
2026-06-09,Tennessee,Class II,0.9991,0.568906712,0.642443419,0.717309364
2026-06-09,Texas,Class II,0.7798,0.472689664,0.523163009,0.573918371
2026-06-09,Virginia,Class II,0.0817,0.361649783,0.436558923,0.510969275
2026-06-09,West Virginia,Class II,1,0.632952448,0.707444369,0.78245749
2026-06-09,Wyoming,Class II,0.9999,0.614085325,0.695608548,0.777152965
2026-06-10,Alabama,Class II,0.9929,0.54310783,0.618260399,0.694005769
2026-06-10,Alaska,Class II,0.6869,0.466151247,0.514428372,0.563823875
2026-06-10,Arkansas,Class II,0.9952,0.576723801,0.711139922,0.846311567
2026-06-10,Colorado,Class II,0.0511,0.348564243,0.424644339,0.500439961
2026-06-10,Delaware,Class II,0.0131,0.3211459,0.397996652,0.473518586
2026-06-10,Florida,Class III,0.7634,0.471028747,0.522393426,0.573244521
2026-06-10,Georgia,Class II,0.1449,0.418160088,0.467459659,0.51875234
2026-06-10,Idaho,Class II,0.9999,0.617075842,0.683538792,0.751098279
2026-06-10,Illinois,Class II,0.0772,0.358000059,0.433973824,0.510023773
2026-06-10,Iowa,Class II,0.7045,0.462294184,0.517285932,0.571118024
2026-06-10,Kansas,Class II,0.9566,0.502503151,0.575836023,0.649504689
2026-06-10,Kentucky,Class II,0.994,0.542284562,0.618326814,0.694431386
2026-06-10,Louisiana,Class II,0.9838,0.523739004,0.599053015,0.674028392
2026-06-10,Maine,Class II,0.3632,0.438916743,0.48892433,0.538514776
2026-06-10,Massachusetts,Class II,0,0.298162392,0.353900599,0.409075356
2026-06-10,Michigan,Class II,0.4608,0.41893558,0.495263656,0.570013878
2026-06-10,Minnesota,Class II,0.233,0.418499836,0.474862511,0.52978758
2026-06-10,Mississippi,Class II,0.9834,0.523016895,0.596932649,0.671485675
2026-06-10,Montana,Class II,0.9373,0.494854509,0.571721714,0.648468991
2026-06-10,Nebraska,Class II,0.9092,0.488729806,0.546827398,0.604956124
2026-06-10,New Hampshire,Class II,0.1202,0.413921576,0.464014119,0.514612945
2026-06-10,New Jersey,Class II,0.062,0.355476624,0.430815519,0.504878354
2026-06-10,New Mexico,Class II,0.1079,0.367201894,0.443416123,0.519213379
2026-06-10,North Carolina,Class II,0.2008,0.423254139,0.47402078,0.524605372
2026-06-10,Ohio,Class III,0.496,0.447350415,0.50015003,0.553022563
2026-06-10,Oklahoma,Class II,0.991,0.54172185,0.621478172,0.700568778
2026-06-10,Oregon,Class II,0.0212,0.328391836,0.404316669,0.480033173
2026-06-10,Rhode Island,Class II,0.0068,0.310066134,0.385992068,0.462072969
2026-06-10,South Carolina,Class II,0.9757,0.50954609,0.558044315,0.607001284
2026-06-10,South Dakota,Class II,0.9999,0.588553562,0.657351158,0.726122719
2026-06-10,Tennessee,Class II,0.9991,0.568906712,0.642443419,0.717309364
2026-06-10,Texas,Class II,0.7798,0.472689664,0.523163009,0.573918371
2026-06-10,Virginia,Class II,0.0817,0.361649783,0.436558923,0.510969275
2026-06-10,West Virginia,Class II,1,0.632952448,0.707444369,0.78245749
2026-06-10,Wyoming,Class II,0.9999,0.614085325,0.695608548,0.777152965
2026-06-11,Alabama,Class II,0.9929,0.54310783,0.618260399,0.694005769
2026-06-11,Alaska,Class II,0.6869,0.466151247,0.514428372,0.563823875
2026-06-11,Arkansas,Class II,0.9952,0.576723801,0.711139922,0.846311567
2026-06-11,Colorado,Class II,0.0511,0.348564243,0.424644339,0.500439961
2026-06-11,Delaware,Class II,0.0131,0.3211459,0.397996652,0.473518586
2026-06-11,Florida,Class III,0.7634,0.471028747,0.522393426,0.573244521
2026-06-11,Georgia,Class II,0.1449,0.418160088,0.467459659,0.51875234
2026-06-11,Idaho,Class II,0.9999,0.617075842,0.683538792,0.751098279
2026-06-11,Illinois,Class II,0.0772,0.358000059,0.433973824,0.510023773
2026-06-11,Iowa,Class II,0.7045,0.462294184,0.517285932,0.571118024
2026-06-11,Kansas,Class II,0.9566,0.502503151,0.575836023,0.649504689
2026-06-11,Kentucky,Class II,0.994,0.542284562,0.618326814,0.694431386
2026-06-11,Louisiana,Class II,0.9838,0.523739004,0.599053015,0.674028392
2026-06-11,Maine,Class II,0.3632,0.438916743,0.48892433,0.538514776
2026-06-11,Massachusetts,Class II,0,0.298162392,0.353900599,0.409075356
2026-06-11,Michigan,Class II,0.4608,0.41893558,0.495263656,0.570013878
2026-06-11,Minnesota,Class II,0.233,0.418499836,0.474862511,0.52978758
2026-06-11,Mississippi,Class II,0.9834,0.523016895,0.596932649,0.671485675
2026-06-11,Montana,Class II,0.9373,0.494854509,0.571721714,0.648468991
2026-06-11,Nebraska,Class II,0.9092,0.488729806,0.546827398,0.604956124
2026-06-11,New Hampshire,Class II,0.1202,0.413921576,0.464014119,0.514612945
2026-06-11,New Jersey,Class II,0.062,0.355476624,0.430815519,0.504878354
2026-06-11,New Mexico,Class II,0.1079,0.367201894,0.443416123,0.519213379
2026-06-11,North Carolina,Class II,0.2008,0.423254139,0.47402078,0.524605372
2026-06-11,Ohio,Class III,0.496,0.447350415,0.50015003,0.553022563
2026-06-11,Oklahoma,Class II,0.991,0.54172185,0.621478172,0.700568778
2026-06-11,Oregon,Class II,0.0212,0.328391836,0.404316669,0.480033173
2026-06-11,Rhode Island,Class II,0.0068,0.310066134,0.385992068,0.462072969
2026-06-11,South Carolina,Class II,0.9757,0.50954609,0.558044315,0.607001284
2026-06-11,South Dakota,Class II,0.9999,0.588553562,0.657351158,0.726122719
2026-06-11,Tennessee,Class II,0.9991,0.568906712,0.642443419,0.717309364
2026-06-11,Texas,Class II,0.7798,0.472689664,0.523163009,0.573918371
2026-06-11,Virginia,Class II,0.0817,0.361649783,0.436558923,0.510969275
2026-06-11,West Virginia,Class II,1,0.632952448,0.707444369,0.78245749
2026-06-11,Wyoming,Class II,0.9999,0.614085325,0.695608548,0.777152965
2026-06-12,Alabama,Class II,0.9929,0.54310783,0.618260399,0.694005769
2026-06-12,Alaska,Class II,0.6869,0.466151247,0.514428372,0.563823875
2026-06-12,Arkansas,Class II,0.9952,0.576723801,0.711139922,0.846311567
2026-06-12,Colorado,Class II,0.0511,0.348564243,0.424644339,0.500439961
2026-06-12,Delaware,Class II,0.0131,0.3211459,0.397996652,0.473518586
2026-06-12,Florida,Class III,0.7634,0.471028747,0.522393426,0.573244521
2026-06-12,Georgia,Class II,0.1449,0.418160088,0.467459659,0.51875234
2026-06-12,Idaho,Class II,0.9999,0.617075842,0.683538792,0.751098279
2026-06-12,Illinois,Class II,0.0772,0.358000059,0.433973824,0.510023773
2026-06-12,Iowa,Class II,0.7045,0.462294184,0.517285932,0.571118024
2026-06-12,Kansas,Class II,0.9566,0.502503151,0.575836023,0.649504689
2026-06-12,Kentucky,Class II,0.994,0.542284562,0.618326814,0.694431386
2026-06-12,Louisiana,Class II,0.9838,0.523739004,0.599053015,0.674028392
2026-06-12,Maine,Class II,0.3632,0.438916743,0.48892433,0.538514776
2026-06-12,Massachusetts,Class II,0,0.298162392,0.353900599,0.409075356
2026-06-12,Michigan,Class II,0.4608,0.41893558,0.495263656,0.570013878
2026-06-12,Minnesota,Class II,0.233,0.418499836,0.474862511,0.52978758
2026-06-12,Mississippi,Class II,0.9834,0.523016895,0.596932649,0.671485675
2026-06-12,Montana,Class II,0.9373,0.494854509,0.571721714,0.648468991
2026-06-12,Nebraska,Class II,0.9092,0.488729806,0.546827398,0.604956124
2026-06-12,New Hampshire,Class II,0.1202,0.413921576,0.464014119,0.514612945
2026-06-12,New Jersey,Class II,0.062,0.355476624,0.430815519,0.504878354
2026-06-12,New Mexico,Class II,0.1079,0.367201894,0.443416123,0.519213379
2026-06-12,North Carolina,Class II,0.2008,0.423254139,0.47402078,0.524605372
2026-06-12,Ohio,Class III,0.496,0.447350415,0.50015003,0.553022563
2026-06-12,Oklahoma,Class II,0.991,0.54172185,0.621478172,0.700568778
2026-06-12,Oregon,Class II,0.0212,0.328391836,0.404316669,0.480033173
2026-06-12,Rhode Island,Class II,0.0068,0.310066134,0.385992068,0.462072969
2026-06-12,South Carolina,Class II,0.9757,0.50954609,0.558044315,0.607001284
2026-06-12,South Dakota,Class II,0.9999,0.588553562,0.657351158,0.726122719
2026-06-12,Tennessee,Class II,0.9991,0.568906712,0.642443419,0.717309364
2026-06-12,Texas,Class II,0.7798,0.472689664,0.523163009,0.573918371
2026-06-12,Virginia,Class II,0.0817,0.361649783,0.436558923,0.510969275
2026-06-12,West Virginia,Class II,1,0.632952448,0.707444369,0.78245749
2026-06-12,Wyoming,Class II,0.9999,0.614085325,0.695608548,0.777152965
2026-06-13,Alabama,Class II,0.9929,0.54310783,0.618260399,0.694005769
2026-06-13,Alaska,Class II,0.6869,0.466151247,0.514428372,0.563823875
2026-06-13,Arkansas,Class II,0.9952,0.576723801,0.711139922,0.846311567
2026-06-13,Colorado,Class II,0.0511,0.348564243,0.424644339,0.500439961
2026-06-13,Delaware,Class II,0.0131,0.3211459,0.397996652,0.473518586
2026-06-13,Florida,Class III,0.7634,0.471028747,0.522393426,0.573244521
2026-06-13,Georgia,Class II,0.1449,0.418160088,0.467459659,0.51875234
2026-06-13,Idaho,Class II,0.9999,0.617075842,0.683538792,0.751098279
2026-06-13,Illinois,Class II,0.0772,0.358000059,0.433973824,0.510023773
2026-06-13,Iowa,Class II,0.7045,0.462294184,0.517285932,0.571118024
2026-06-13,Kansas,Class II,0.9566,0.502503151,0.575836023,0.649504689
2026-06-13,Kentucky,Class II,0.994,0.542284562,0.618326814,0.694431386
2026-06-13,Louisiana,Class II,0.9838,0.523739004,0.599053015,0.674028392
2026-06-13,Maine,Class II,0.3632,0.438916743,0.48892433,0.538514776
2026-06-13,Massachusetts,Class II,0,0.298162392,0.353900599,0.409075356
2026-06-13,Michigan,Class II,0.4608,0.41893558,0.495263656,0.570013878
2026-06-13,Minnesota,Class II,0.233,0.418499836,0.474862511,0.52978758
2026-06-13,Mississippi,Class II,0.9834,0.523016895,0.596932649,0.671485675
2026-06-13,Montana,Class II,0.9373,0.494854509,0.571721714,0.648468991
2026-06-13,Nebraska,Class II,0.9092,0.488729806,0.546827398,0.604956124
2026-06-13,New Hampshire,Class II,0.1202,0.413921576,0.464014119,0.514612945
2026-06-13,New Jersey,Class II,0.062,0.355476624,0.430815519,0.504878354
2026-06-13,New Mexico,Class II,0.1079,0.367201894,0.443416123,0.519213379
2026-06-13,North Carolina,Class II,0.2008,0.423254139,0.47402078,0.524605372
2026-06-13,Ohio,Class III,0.496,0.447350415,0.50015003,0.553022563
2026-06-13,Oklahoma,Class II,0.991,0.54172185,0.621478172,0.700568778
2026-06-13,Oregon,Class II,0.0212,0.328391836,0.404316669,0.480033173
2026-06-13,Rhode Island,Class II,0.0068,0.310066134,0.385992068,0.462072969
2026-06-13,South Carolina,Class II,0.9757,0.50954609,0.558044315,0.607001284
2026-06-13,South Dakota,Class II,0.9999,0.588553562,0.657351158,0.726122719
2026-06-13,Tennessee,Class II,0.9991,0.568906712,0.642443419,0.717309364
2026-06-13,Texas,Class II,0.7798,0.472689664,0.523163009,0.573918371
2026-06-13,Virginia,Class II,0.0817,0.361649783,0.436558923,0.510969275
2026-06-13,West Virginia,Class II,1,0.632952448,0.707444369,0.78245749
2026-06-13,Wyoming,Class II,0.9999,0.614085325,0.695608548,0.777152965
2026-06-14,Alabama,Class II,0.9929,0.54310783,0.618260399,0.694005769
2026-06-14,Alaska,Class II,0.6869,0.466151247,0.514428372,0.563823875
2026-06-14,Arkansas,Class II,0.9952,0.576723801,0.711139922,0.846311567
2026-06-14,Colorado,Class II,0.0511,0.348564243,0.424644339,0.500439961
2026-06-14,Delaware,Class II,0.0131,0.3211459,0.397996652,0.473518586
2026-06-14,Florida,Class III,0.7634,0.471028747,0.522393426,0.573244521
2026-06-14,Georgia,Class II,0.1449,0.418160088,0.467459659,0.51875234
2026-06-14,Idaho,Class II,0.9999,0.617075842,0.683538792,0.751098279
2026-06-14,Illinois,Class II,0.0772,0.358000059,0.433973824,0.510023773
2026-06-14,Iowa,Class II,0.7045,0.462294184,0.517285932,0.571118024
2026-06-14,Kansas,Class II,0.9566,0.502503151,0.575836023,0.649504689
2026-06-14,Kentucky,Class II,0.994,0.542284562,0.618326814,0.694431386
2026-06-14,Louisiana,Class II,0.9838,0.523739004,0.599053015,0.674028392
2026-06-14,Maine,Class II,0.3632,0.438916743,0.48892433,0.538514776
2026-06-14,Massachusetts,Class II,0,0.298162392,0.353900599,0.409075356
2026-06-14,Michigan,Class II,0.4608,0.41893558,0.495263656,0.570013878
2026-06-14,Minnesota,Class II,0.233,0.418499836,0.474862511,0.52978758
2026-06-14,Mississippi,Class II,0.9834,0.523016895,0.596932649,0.671485675
2026-06-14,Montana,Class II,0.9373,0.494854509,0.571721714,0.648468991
2026-06-14,Nebraska,Class II,0.9092,0.488729806,0.546827398,0.604956124
2026-06-14,New Hampshire,Class II,0.1202,0.413921576,0.464014119,0.514612945
2026-06-14,New Jersey,Class II,0.062,0.355476624,0.430815519,0.504878354
2026-06-14,New Mexico,Class II,0.1079,0.367201894,0.443416123,0.519213379
2026-06-14,North Carolina,Class II,0.2008,0.423254139,0.47402078,0.524605372
2026-06-14,Ohio,Class III,0.496,0.447350415,0.50015003,0.553022563
2026-06-14,Oklahoma,Class II,0.991,0.54172185,0.621478172,0.700568778
2026-06-14,Oregon,Class II,0.0212,0.328391836,0.404316669,0.480033173
2026-06-14,Rhode Island,Class II,0.0068,0.310066134,0.385992068,0.462072969
2026-06-14,South Carolina,Class II,0.9757,0.50954609,0.558044315,0.607001284
2026-06-14,South Dakota,Class II,0.9999,0.588553562,0.657351158,0.726122719
2026-06-14,Tennessee,Class II,0.9991,0.568906712,0.642443419,0.717309364
2026-06-14,Texas,Class II,0.7798,0.472689664,0.523163009,0.573918371
2026-06-14,Virginia,Class II,0.0817,0.361649783,0.436558923,0.510969275
2026-06-14,West Virginia,Class II,1,0.632952448,0.707444369,0.78245749
2026-06-14,Wyoming,Class II,0.9999,0.614085325,0.695608548,0.777152965
2026-06-15,Alabama,Class II,0.9932,0.541176235,0.618250669,0.694940253
2026-06-15,Alaska,Class II,0.7162,0.46793671,0.51719906,0.567084123
2026-06-15,Arkansas,Class II,0.9953,0.580840885,0.712816358,0.850237525
2026-06-15,Colorado,Class II,0.0494,0.348885806,0.425321269,0.499706875
2026-06-15,Delaware,Class II,0.015,0.322958076,0.398707295,0.47341571
2026-06-15,Florida,Class III,0.761,0.47018524,0.522903931,0.574883672
2026-06-15,Georgia,Class II,0.1528,0.417543314,0.468263066,0.51898588
2026-06-15,Idaho,Class II,1,0.618182714,0.684917795,0.752765708
2026-06-15,Illinois,Class II,0.0819,0.35730971,0.435029581,0.51153755
2026-06-15,Iowa,Class II,0.7092,0.464249705,0.518236854,0.572839679
2026-06-15,Kansas,Class II,0.9553,0.501705572,0.576943699,0.649901457
2026-06-15,Kentucky,Class II,0.992,0.540200227,0.617331046,0.694907081
2026-06-15,Louisiana,Class II,0.9833,0.521671861,0.599024073,0.675719236
2026-06-15,Maine,Class II,0.3651,0.438751407,0.489754505,0.540156819
2026-06-15,Massachusetts,Class II,0,0.298123267,0.354636247,0.409536327
2026-06-15,Michigan,Class II,0.4531,0.41804567,0.494489424,0.571227823
2026-06-15,Minnesota,Class II,0.2333,0.420328486,0.475463662,0.529722488
2026-06-15,Mississippi,Class II,0.9854,0.523907994,0.597136635,0.671040979
2026-06-15,Montana,Class II,0.9404,0.495011632,0.572211487,0.650669181
2026-06-15,Nebraska,Class II,0.9086,0.489409871,0.547805857,0.605637787
2026-06-15,New Hampshire,Class II,0.1273,0.41289993,0.464318083,0.515459022
2026-06-15,New Jersey,Class II,0.0669,0.355292221,0.430555966,0.506641573
2026-06-15,New Mexico,Class II,0.1081,0.367890359,0.443274481,0.518769261
2026-06-15,North Carolina,Class II,0.208,0.424908884,0.475038392,0.525302855
2026-06-15,Ohio,Class III,0.514,0.44801126,0.501138902,0.554079893
2026-06-15,Oklahoma,Class II,0.9931,0.541998089,0.622619971,0.700905322
2026-06-15,Oregon,Class II,0.0195,0.328474737,0.404185593,0.47885223
2026-06-15,Rhode Island,Class II,0.0062,0.310740694,0.386263048,0.461638951
2026-06-15,South Carolina,Class II,0.9777,0.510607202,0.559927361,0.608181656
2026-06-15,South Dakota,Class II,0.9998,0.589075518,0.657209123,0.725829285
2026-06-15,Tennessee,Class II,0.9984,0.570521188,0.643336039,0.716896526
2026-06-15,Texas,Class II,0.7708,0.472872668,0.523661722,0.57473801
2026-06-15,Virginia,Class II,0.0829,0.36238567,0.437112778,0.511622109
2026-06-15,West Virginia,Class II,1,0.632939687,0.707849777,0.784145319
2026-06-15,Wyoming,Class II,0.9999,0.61079722,0.695933386,0.777942844
2026-06-16,Alabama,Class II,0.9939,0.540608914,0.617801124,0.693281909
2026-06-16,Alaska,Class II,0.7152,0.46912993,0.516645461,0.566334815
2026-06-16,Arkansas,Class II,0.9953,0.578223502,0.710868324,0.846483405
2026-06-16,Colorado,Class II,0.0522,0.349441304,0.425290987,0.500780582
2026-06-16,Delaware,Class II,0.0145,0.323281614,0.39878792,0.474718719
2026-06-16,Florida,Class III,0.7741,0.471478032,0.523211694,0.574402639
2026-06-16,Georgia,Class II,0.1491,0.419442618,0.469058496,0.518644296
2026-06-16,Idaho,Class II,1,0.618249512,0.684420635,0.750460814
2026-06-16,Illinois,Class II,0.0807,0.358652603,0.434985868,0.509951513
2026-06-16,Iowa,Class II,0.708,0.46391296,0.51794142,0.572196643
2026-06-16,Kansas,Class II,0.9567,0.502838614,0.577335018,0.650140632
2026-06-16,Kentucky,Class II,0.9927,0.54240048,0.619022198,0.697049871
2026-06-16,Louisiana,Class II,0.9829,0.523076588,0.599759954,0.676832516
2026-06-16,Maine,Class II,0.3675,0.439424321,0.489711214,0.539584779
2026-06-16,Massachusetts,Class II,0,0.301946143,0.353232369,0.403764752
2026-06-16,Michigan,Class II,0.4638,0.419575944,0.495487064,0.57062247
2026-06-16,Minnesota,Class II,0.2265,0.423071206,0.476220006,0.53001417
2026-06-16,Mississippi,Class II,0.9845,0.522899028,0.59671762,0.6714331
2026-06-16,Montana,Class II,0.94,0.495828398,0.572082796,0.648666746
2026-06-16,Nebraska,Class II,0.9082,0.487731666,0.547269498,0.604747447
2026-06-16,New Hampshire,Class II,0.1304,0.415400876,0.4656076,0.515259162
2026-06-16,New Jersey,Class II,0.0672,0.355162323,0.430933057,0.506902078
2026-06-16,New Mexico,Class II,0.1097,0.369076706,0.444073331,0.519871469
2026-06-16,North Carolina,Class II,0.2102,0.425349443,0.475360318,0.52529347
2026-06-16,Ohio,Class III,0.5214,0.449463434,0.501643879,0.553016777
2026-06-16,Oklahoma,Class II,0.9937,0.543174164,0.622982362,0.701486194
2026-06-16,Oregon,Class II,0.0185,0.328755517,0.404434249,0.479718482
2026-06-16,Rhode Island,Class II,0.0064,0.311930261,0.386948382,0.460922904
2026-06-16,South Carolina,Class II,0.9809,0.511084899,0.559734069,0.607729445
2026-06-16,South Dakota,Class II,0.9999,0.589881176,0.658409334,0.727639115
2026-06-16,Tennessee,Class II,0.9991,0.570398014,0.643274957,0.71679242
2026-06-16,Texas,Class II,0.7843,0.473051443,0.523714029,0.573641067
2026-06-16,Virginia,Class II,0.0829,0.361507751,0.436862055,0.512808692
2026-06-16,West Virginia,Class II,1,0.632102434,0.706561004,0.781541301
2026-06-16,Wyoming,Class II,0.9999,0.612836953,0.696705727,0.777864242
2026-06-17,Alabama,Class II,0.9942,0.541906742,0.618818431,0.694564615
2026-06-17,Alaska,Class II,0.7075,0.468092319,0.516265477,0.564327024
2026-06-17,Arkansas,Class II,0.9951,0.577844756,0.710230025,0.846405694
2026-06-17,Colorado,Class II,0.054,0.351043667,0.426257864,0.501864632
2026-06-17,Delaware,Class II,0.0148,0.325356489,0.399552281,0.474256348
2026-06-17,Florida,Class III,0.7465,0.469531229,0.520890457,0.572351939
2026-06-17,Georgia,Class II,0.1574,0.42001256,0.469470686,0.518701876
2026-06-17,Idaho,Class II,1,0.617422275,0.684772538,0.751540022
2026-06-17,Illinois,Class II,0.0844,0.359790802,0.436305311,0.513767898
2026-06-17,Iowa,Class II,0.7194,0.465835823,0.519570346,0.57344688
2026-06-17,Kansas,Class II,0.959,0.504704094,0.577652451,0.65218814
2026-06-17,Kentucky,Class II,0.9937,0.542353637,0.618912009,0.696014733
2026-06-17,Louisiana,Class II,0.9844,0.522722493,0.600811243,0.678026689
2026-06-17,Maine,Class II,0.3787,0.441453069,0.490511631,0.5400133
2026-06-17,Massachusetts,Class II,0,0.303227033,0.353884421,0.404986485
2026-06-17,Michigan,Class II,0.4677,0.419627697,0.496213539,0.571703678
2026-06-17,Minnesota,Class II,0.2435,0.422356501,0.477132971,0.531842445
2026-06-17,Mississippi,Class II,0.9868,0.52445829,0.597797575,0.671119934
2026-06-17,Montana,Class II,0.9369,0.494326347,0.571974695,0.647006305
2026-06-17,Nebraska,Class II,0.9145,0.490250025,0.548520564,0.607672918
2026-06-17,New Hampshire,Class II,0.1299,0.415153859,0.465785828,0.516343975
2026-06-17,New Jersey,Class II,0.0671,0.356931304,0.431638212,0.506134768
2026-06-17,New Mexico,Class II,0.1118,0.368999766,0.444329975,0.520193885
2026-06-17,North Carolina,Class II,0.2103,0.423623295,0.475146358,0.525614008
2026-06-17,Ohio,Class III,0.5219,0.448699852,0.501669193,0.554472089
2026-06-17,Oklahoma,Class II,0.9927,0.544120246,0.623999439,0.701503877
2026-06-17,Oregon,Class II,0.0189,0.327770891,0.404698721,0.48023233
2026-06-17,Rhode Island,Class II,0.0082,0.313360836,0.387643252,0.463325349
2026-06-17,South Carolina,Class II,0.9783,0.511631478,0.560458711,0.609330276
2026-06-17,South Dakota,Class II,0.9999,0.591404337,0.659156945,0.728127692
2026-06-17,Tennessee,Class II,0.9992,0.569488396,0.644091349,0.718452953
2026-06-17,Texas,Class II,0.7779,0.473830494,0.523624602,0.574058386
2026-06-17,Virginia,Class II,0.091,0.362112219,0.438205277,0.514618965
2026-06-17,West Virginia,Class II,1,0.631021754,0.708091781,0.784030793
2026-06-17,Wyoming,Class II,0.9999,0.612148991,0.695884799,0.775889686
2026-06-18,Alabama,Class II,0.9941,0.541535528,0.618455934,0.694178953
2026-06-18,Alaska,Class II,0.7291,0.469531485,0.517952658,0.566562335
2026-06-18,Arkansas,Class II,0.9957,0.576740337,0.710934326,0.845843212
2026-06-18,Colorado,Class II,0.0528,0.350526651,0.425425733,0.50129187
2026-06-18,Delaware,Class II,0.013,0.325109499,0.398480821,0.473418868
2026-06-18,Florida,Class III,0.753,0.470056493,0.521144994,0.57235491
2026-06-18,Georgia,Class II,0.1577,0.420574319,0.469711788,0.519677989
2026-06-18,Idaho,Class II,1,0.618775635,0.68528751,0.753645729
2026-06-18,Illinois,Class II,0.0798,0.357734633,0.434975865,0.511134502
2026-06-18,Iowa,Class II,0.7136,0.46430557,0.518309735,0.571850858
2026-06-18,Kansas,Class II,0.9592,0.504075589,0.577410758,0.651173589
2026-06-18,Kentucky,Class II,0.9932,0.540925814,0.618166009,0.69504124
2026-06-18,Louisiana,Class II,0.9818,0.521090618,0.600148595,0.676122481
2026-06-18,Maine,Class II,0.3743,0.441214094,0.490461678,0.540199511
2026-06-18,Massachusetts,Class II,0,0.302456211,0.354263503,0.405418878
2026-06-18,Michigan,Class II,0.4598,0.418665547,0.49590339,0.572981102
2026-06-18,Minnesota,Class II,0.2401,0.421610526,0.476503486,0.530492089
2026-06-18,Mississippi,Class II,0.9845,0.523866926,0.597942757,0.671617959
2026-06-18,Montana,Class II,0.9403,0.496153615,0.571332744,0.646216178
2026-06-18,Nebraska,Class II,0.9172,0.491001758,0.549364332,0.607145034
2026-06-18,New Hampshire,Class II,0.1305,0.415515084,0.46567824,0.515719307
2026-06-18,New Jersey,Class II,0.0632,0.357112049,0.431174701,0.505347447
2026-06-18,New Mexico,Class II,0.1129,0.368810417,0.444271356,0.520261037
2026-06-18,North Carolina,Class II,0.2186,0.425455543,0.476191829,0.52653483
2026-06-18,Ohio,Class III,0.5647,0.452928669,0.504946186,0.556099486
2026-06-18,Oklahoma,Class II,0.9955,0.545278233,0.62357257,0.702287305
2026-06-18,Oregon,Class II,0.019,0.329395082,0.404547252,0.478489336
2026-06-18,Rhode Island,Class II,0.0073,0.311625473,0.387311963,0.463089026
2026-06-18,South Carolina,Class II,0.9782,0.511382612,0.560425886,0.609785888
2026-06-18,South Dakota,Class II,1,0.589671254,0.658719631,0.726626945
2026-06-18,Tennessee,Class II,0.999,0.570869511,0.644075482,0.718505928
2026-06-18,Texas,Class II,0.7887,0.47312158,0.524595627,0.575867585
2026-06-18,Virginia,Class II,0.0881,0.362226436,0.437294023,0.512958808
2026-06-18,West Virginia,Class II,1,0.632827103,0.708083869,0.781664049
2026-06-18,Wyoming,Class II,0.9998,0.612347256,0.696483868,0.776968192
2026-06-19,Alabama,Class II,0.9923,0.541751745,0.618245362,0.695658157
2026-06-19,Alaska,Class II,0.7308,0.469047958,0.518129921,0.567297346
2026-06-19,Arkansas,Class II,0.9955,0.579862276,0.709873626,0.846461284
2026-06-19,Colorado,Class II,0.0556,0.351555976,0.426278934,0.502793214
2026-06-19,Delaware,Class II,0.0148,0.324905936,0.399924584,0.476067674
2026-06-19,Florida,Class III,0.764,0.470779055,0.522225202,0.573201304
2026-06-19,Georgia,Class II,0.1611,0.420301048,0.470213673,0.520215204
2026-06-19,Idaho,Class II,1,0.617664751,0.685414963,0.75193258
2026-06-19,Illinois,Class II,0.0819,0.358987821,0.435675732,0.511276086
2026-06-19,Iowa,Class II,0.7304,0.466113583,0.519779418,0.57340863500000006
2026-06-19,Kansas,Class II,0.9586,0.50440197,0.577872277,0.651175502
2026-06-19,Kentucky,Class II,0.9934,0.54163094,0.619032266,0.69568444
2026-06-19,Louisiana,Class II,0.9854,0.523197968,0.600148286,0.675861366
2026-06-19,Maine,Class II,0.3908,0.441421957,0.491293511,0.540664766
2026-06-19,Massachusetts,Class II,0,0.30358048,0.354711682,0.406419836
2026-06-19,Michigan,Class II,0.4786,0.420293814,0.497232966,0.571402583
2026-06-19,Minnesota,Class II,0.2423,0.423070162,0.477295175,0.531161266
2026-06-19,Mississippi,Class II,0.983,0.524499379,0.597919214,0.672749468
2026-06-19,Montana,Class II,0.9453,0.49768127,0.572511739,0.64859309
2026-06-19,Nebraska,Class II,0.9112,0.489924231,0.548556725,0.607004311
2026-06-19,New Hampshire,Class II,0.1349,0.41622413,0.466317757,0.51709152
2026-06-19,New Jersey,Class II,0.0644,0.355830699,0.431323105,0.506095858
2026-06-19,New Mexico,Class II,0.1106,0.368703044,0.44437268,0.52029904
2026-06-19,North Carolina,Class II,0.2201,0.427172518,0.476690874,0.526873346
2026-06-19,Ohio,Class III,0.5745,0.454499597,0.505636783,0.556530913
2026-06-19,Oklahoma,Class II,0.9933,0.544568547,0.62436506,0.702563924
2026-06-19,Oregon,Class II,0.0189,0.331418802,0.405054571,0.48126418
2026-06-19,Rhode Island,Class II,0.008,0.312150654,0.387761625,0.463900848
2026-06-19,South Carolina,Class II,0.9821,0.512825749,0.561204226,0.610033649
2026-06-19,South Dakota,Class II,1,0.591364116,0.659703392,0.72840774
2026-06-19,Tennessee,Class II,0.9993,0.570367406,0.644062293,0.717543056
2026-06-19,Texas,Class II,0.7984,0.474468498,0.525101884,0.576237061
2026-06-19,Virginia,Class II,0.0873,0.359366878,0.437561839,0.513861509
2026-06-19,West Virginia,Class II,1,0.630760013,0.708182946,0.783933356
2026-06-19,Wyoming,Class II,0.9997,0.611569307,0.696194786,0.777752029
2026-06-20,Alabama,Class II,0.9944,0.542433828,0.618812602,0.694384153
2026-06-20,Alaska,Class II,0.7187,0.46828623,0.517382278,0.566628272
2026-06-20,Arkansas,Class II,0.9953,0.575556729,0.710408982,0.849584535
2026-06-20,Colorado,Class II,0.0497,0.351751451,0.426149241,0.499949772
2026-06-20,Delaware,Class II,0.0129,0.323043004,0.399023568,0.473147506
2026-06-20,Florida,Class III,0.7539,0.470225888,0.521513686,0.572488948
2026-06-20,Georgia,Class II,0.167,0.420149373,0.470237412,0.521575333
2026-06-20,Idaho,Class II,1,0.617398172,0.685091036,0.751575054
2026-06-20,Illinois,Class II,0.0801,0.360140863,0.4355988,0.511131966
2026-06-20,Iowa,Class II,0.7287,0.465082363,0.519944703,0.574290786
2026-06-20,Kansas,Class II,0.9595,0.50444427,0.577139259,0.649609307
2026-06-20,Kentucky,Class II,0.9942,0.541336677,0.619159559,0.695851918
2026-06-20,Louisiana,Class II,0.9825,0.523576009,0.600322735,0.67723037
2026-06-20,Maine,Class II,0.3834,0.440546646,0.490605411,0.540242623
2026-06-20,Massachusetts,Class II,0,0.303391258,0.354028116,0.404872316
2026-06-20,Michigan,Class II,0.4669,0.421681988,0.496555406,0.571905589
2026-06-20,Minnesota,Class II,0.2371,0.42084251,0.476433886,0.531067297
2026-06-20,Mississippi,Class II,0.9867,0.523719173,0.597059975,0.671575661
2026-06-20,Montana,Class II,0.9436,0.497473829,0.572576742,0.647482838
2026-06-20,Nebraska,Class II,0.9095,0.489501609,0.548224121,0.604920098
2026-06-20,New Hampshire,Class II,0.1341,0.415633369,0.466013593,0.51643739
2026-06-20,New Jersey,Class II,0.0654,0.355573489,0.431452369,0.506965557
2026-06-20,New Mexico,Class II,0.1125,0.368373769,0.444481368,0.51982479
2026-06-20,North Carolina,Class II,0.2227,0.42590313,0.476839526,0.526832314
2026-06-20,Ohio,Class III,0.5783,0.454554488,0.506035985,0.556372216
2026-06-20,Oklahoma,Class II,0.9931,0.546256967,0.623534473,0.700712618
2026-06-20,Oregon,Class II,0.0185,0.328455902,0.404889899,0.480818258
2026-06-20,Rhode Island,Class II,0.0059,0.312326804,0.3882449,0.462586395
2026-06-20,South Carolina,Class II,0.9787,0.511212529,0.561156409,0.610311185
2026-06-20,South Dakota,Class II,0.9999,0.590005578,0.658262063,0.727198391
2026-06-20,Tennessee,Class II,0.9991,0.571232447,0.64441224,0.717530182
2026-06-20,Texas,Class II,0.7922,0.47375467,0.524847552,0.5745357
2026-06-20,Virginia,Class II,0.0838,0.361291474,0.43749575,0.512285606
2026-06-20,West Virginia,Class II,1,0.632157348,0.707409463,0.781928923
2026-06-20,Wyoming,Class II,1,0.613181162,0.696671964,0.777456538
2026-06-21,Alabama,Class II,0.995,0.54279198,0.619058797,0.695511465
2026-06-21,Alaska,Class II,0.7065,0.467366958,0.516349528,0.564771854
2026-06-21,Arkansas,Class II,0.9957,0.576863508,0.711250662,0.846175445
2026-06-21,Colorado,Class II,0.0527,0.349624111,0.425799626,0.501378149
2026-06-21,Delaware,Class II,0.0133,0.322700388,0.399139251,0.474994016
2026-06-21,Florida,Class III,0.7533,0.469553491,0.521538028,0.573310339
2026-06-21,Georgia,Class II,0.158,0.419558655,0.46960531,0.519423448
2026-06-21,Idaho,Class II,1,0.617934203,0.685210881,0.75464704
2026-06-21,Illinois,Class II,0.0813,0.35780248,0.435501202,0.51178532
2026-06-21,Iowa,Class II,0.7254,0.466001613,0.519527452,0.573606875
2026-06-21,Kansas,Class II,0.9601,0.50493551,0.578151966,0.651370339
2026-06-21,Kentucky,Class II,0.9931,0.541095447,0.619349082,0.696813275
2026-06-21,Louisiana,Class II,0.9853,0.524444423,0.600202462,0.675299959
2026-06-21,Maine,Class II,0.3713,0.441805116,0.490326808,0.538902104
2026-06-21,Massachusetts,Class II,0,0.302745177,0.354472453,0.405762147
2026-06-21,Michigan,Class II,0.4671,0.419764595,0.496211312,0.571871358
2026-06-21,Minnesota,Class II,0.2383,0.422020844,0.476392603,0.529167435
2026-06-21,Mississippi,Class II,0.9841,0.523307003,0.596413718,0.671542647
2026-06-21,Montana,Class II,0.9355,0.494360535,0.572114032,0.649637137
2026-06-21,Nebraska,Class II,0.9149,0.490320453,0.548047743,0.605121768
2026-06-21,New Hampshire,Class II,0.1352,0.415669984,0.466136133,0.517322857
2026-06-21,New Jersey,Class II,0.065,0.35631844,0.431270474,0.506585616
2026-06-21,New Mexico,Class II,0.1128,0.370383417,0.444919132,0.520173385
2026-06-21,North Carolina,Class II,0.2157,0.425353831,0.476115815,0.526707406
2026-06-21,Ohio,Class III,0.5688,0.453715562,0.505291772,0.556565213
2026-06-21,Oklahoma,Class II,0.9942,0.543834227,0.622499788,0.698896922
2026-06-21,Oregon,Class II,0.0212,0.329803585,0.405268473,0.481838787
2026-06-21,Rhode Island,Class II,0.009,0.311920956,0.387665903,0.464409336
2026-06-21,South Carolina,Class II,0.9795,0.511935329,0.560226771,0.608880886
2026-06-21,South Dakota,Class II,0.9999,0.589718904,0.658132692,0.727819082
2026-06-21,Tennessee,Class II,0.9992,0.57247731,0.644172087,0.718014504
2026-06-21,Texas,Class II,0.785,0.473923502,0.524424354,0.57511416
2026-06-21,Virginia,Class II,0.0858,0.361167102,0.437045625,0.51300209
2026-06-21,West Virginia,Class II,1,0.632222458,0.706795941,0.783022913
2026-06-21,Wyoming,Class II,1,0.613336836,0.69701476,0.778746123
2026-06-22,Alabama,Class II,0.994,0.54065489,0.618422755,0.695881185
2026-06-22,Alaska,Class II,0.7088,0.467518623,0.516510385,0.565422752
2026-06-22,Arkansas,Class II,0.9941,0.573991053,0.710894467,0.845969993
2026-06-22,Colorado,Class II,0.0529,0.349480176,0.425483238,0.501335914
2026-06-22,Delaware,Class II,0.0126,0.323189634,0.398553635,0.472326462
2026-06-22,Florida,Class III,0.7516,0.46927579,0.52066792,0.571119623
2026-06-22,Georgia,Class II,0.1583,0.418653942,0.468864318,0.519617636
2026-06-22,Idaho,Class II,1,0.617085065,0.683967906,0.750833707
2026-06-22,Illinois,Class II,0.0806,0.359749286,0.435752075,0.511167121
2026-06-22,Iowa,Class II,0.7104,0.464094561,0.518288593,0.572210858
2026-06-22,Kansas,Class II,0.9556,0.502689021,0.57692001,0.651971998
2026-06-22,Kentucky,Class II,0.9944,0.541612049,0.619490439,0.696037664
2026-06-22,Louisiana,Class II,0.9856,0.52416501,0.60059912,0.678644326
2026-06-22,Maine,Class II,0.3669,0.439286304,0.489538167,0.538270781
2026-06-22,Massachusetts,Class II,0,0.302644783,0.353438367,0.404399383
2026-06-22,Michigan,Class II,0.4648,0.419080853,0.495598915,0.570690313
2026-06-22,Minnesota,Class II,0.2278,0.421224631,0.475467264,0.529093771
2026-06-22,Mississippi,Class II,0.9846,0.523102478,0.597288023,0.671628056
2026-06-22,Montana,Class II,0.9385,0.495711342,0.571584202,0.648022605
2026-06-22,Nebraska,Class II,0.9123,0.488877877,0.547361774,0.604176
2026-06-22,New Hampshire,Class II,0.129,0.414759351,0.465203653,0.515479072
2026-06-22,New Jersey,Class II,0.0652,0.357220688,0.431533078,0.505929027
2026-06-22,New Mexico,Class II,0.1069,0.370052387,0.443711236,0.519477417
2026-06-22,North Carolina,Class II,0.2093,0.424090783,0.47513007,0.524904193
2026-06-22,Ohio,Class III,0.5595,0.453523866,0.504656286,0.555771398
2026-06-22,Oklahoma,Class II,0.9943,0.543533891,0.623020192,0.700453381
2026-06-22,Oregon,Class II,0.0163,0.329656052,0.403797644,0.480057806
2026-06-22,Rhode Island,Class II,0.0069,0.311222008,0.38755532,0.460956209
2026-06-22,South Carolina,Class II,0.9772,0.511094034,0.559845025,0.609094933
2026-06-22,South Dakota,Class II,0.9999,0.588939886,0.657549658,0.724832718
2026-06-22,Tennessee,Class II,0.9992,0.569632276,0.644004441,0.717951034
2026-06-22,Texas,Class II,0.7814,0.473526049,0.523779488,0.574780339
2026-06-22,Virginia,Class II,0.0827,0.362698767,0.436897087,0.512412745
2026-06-22,West Virginia,Class II,1,0.632207407,0.707656379,0.781853152
2026-06-22,Wyoming,Class II,0.9999,0.610870265,0.695410311,0.775600652
2026-06-23,Alabama,Class II,0.9943,0.543517843,0.618269538,0.694229165
2026-06-23,Alaska,Class II,0.7178,0.469645474,0.516848346,0.565360564
2026-06-23,Arkansas,Class II,0.9955,0.583079491,0.714199864,0.852170206
2026-06-23,Colorado,Class II,0.0528,0.350602446,0.425856539,0.501406557
2026-06-23,Delaware,Class II,0.0139,0.324684324,0.39882664,0.474493186
2026-06-23,Florida,Class III,0.7496,0.470685859,0.520592309,0.570363369
2026-06-23,Georgia,Class II,0.1507,0.419625991,0.469186285,0.518010329
2026-06-23,Idaho,Class II,1,0.615714336,0.684620816,0.751132897
2026-06-23,Illinois,Class II,0.0742,0.359026561,0.434547222,0.509070136
2026-06-23,Iowa,Class II,0.7144,0.464722535,0.518236676,0.571469677
2026-06-23,Kansas,Class II,0.957,0.50393525,0.576723611,0.649610711
2026-06-23,Kentucky,Class II,0.9941,0.542367358,0.619137959,0.695733933
2026-06-23,Louisiana,Class II,0.9834,0.526632581,0.600014075,0.675683348
2026-06-23,Maine,Class II,0.3626,0.441313981,0.489762737,0.538659253
2026-06-23,Massachusetts,Class II,0,0.303784877,0.353605224,0.403367946
2026-06-23,Michigan,Class II,0.4586,0.418897152,0.494822531,0.568486523
2026-06-23,Minnesota,Class II,0.2287,0.422433441,0.476115223,0.530081826
2026-06-23,Mississippi,Class II,0.9867,0.523900149,0.59781173,0.673217732
2026-06-23,Montana,Class II,0.9388,0.496070781,0.571103519,0.647739528
2026-06-23,Nebraska,Class II,0.9153,0.490357213,0.548201566,0.606131197
2026-06-23,New Hampshire,Class II,0.1239,0.415546684,0.46558246,0.5155226
2026-06-23,New Jersey,Class II,0.0606,0.357074056,0.430821995,0.504778115
2026-06-23,New Mexico,Class II,0.1124,0.369635959,0.44419491,0.520169386
2026-06-23,North Carolina,Class II,0.2051,0.424210996,0.4749254,0.524013957
2026-06-23,Ohio,Class III,0.5639,0.453062058,0.504646769,0.555375799
2026-06-23,Oklahoma,Class II,0.9953,0.546836719,0.623714068,0.699192451
2026-06-23,Oregon,Class II,0.0194,0.329753188,0.404413606,0.480379326
2026-06-23,Rhode Island,Class II,0.007,0.310067448,0.386213951,0.460758124
2026-06-23,South Carolina,Class II,0.9792,0.511293388,0.560342232,0.608618437
2026-06-23,South Dakota,Class II,1,0.589845046,0.658567645,0.727202589
2026-06-23,Tennessee,Class II,0.9999,0.569307693,0.644457974,0.718268275
2026-06-23,Texas,Class II,0.7644,0.47187715,0.522074273,0.571931459
2026-06-23,Virginia,Class II,0.0827,0.362387539,0.437137686,0.51175981
2026-06-23,West Virginia,Class II,1,0.63240699,0.707663513,0.781882649
2026-06-23,Wyoming,Class II,0.9998,0.612024712,0.695551079,0.775124173
2026-06-24,Alabama,Class II,0.9943,0.542199968,0.618350187,0.694208348
2026-06-24,Alaska,Class II,0.7108,0.466614742,0.516382924,0.564648118
2026-06-24,Arkansas,Class II,0.9948,0.581652536,0.712190571,0.84368477099999994
2026-06-24,Colorado,Class II,0.0532,0.351062939,0.425710887,0.501843723
2026-06-24,Delaware,Class II,0.0158,0.324225297,0.399762081,0.474818259
2026-06-24,Florida,Class III,0.7556,0.470560535,0.521239873,0.571656761
2026-06-24,Georgia,Class II,0.1565,0.419249063,0.46931422,0.519569737
2026-06-24,Idaho,Class II,1,0.616498313,0.684556188,0.751463375
2026-06-24,Illinois,Class II,0.0783,0.359910086,0.43563121,0.51099862
2026-06-24,Iowa,Class II,0.7165,0.46429128,0.518471664,0.571611959
2026-06-24,Kansas,Class II,0.9561,0.502574528,0.577311317,0.650290853
2026-06-24,Kentucky,Class II,0.9935,0.541496671,0.619318837,0.695532099
2026-06-24,Louisiana,Class II,0.9848,0.524207339,0.59988263,0.674758065
2026-06-24,Maine,Class II,0.368,0.440850017,0.489697822,0.538491793
2026-06-24,Massachusetts,Class II,0,0.303678512,0.354157629,0.403750122
2026-06-24,Michigan,Class II,0.4585,0.419507192,0.495396503,0.570744402
2026-06-24,Minnesota,Class II,0.2359,0.422712948,0.476244877,0.530587243
2026-06-24,Mississippi,Class II,0.9843,0.524760924,0.596873578,0.669210816
2026-06-24,Montana,Class II,0.938,0.495314255,0.571849176,0.647803773
2026-06-24,Nebraska,Class II,0.9185,0.491305416,0.548588036,0.605550808
2026-06-24,New Hampshire,Class II,0.1286,0.415678503,0.465926637,0.515940355
2026-06-24,New Jersey,Class II,0.0658,0.355444052,0.430949558,0.506404188
2026-06-24,New Mexico,Class II,0.116,0.368351555,0.44442445,0.520503147
2026-06-24,North Carolina,Class II,0.1491,0.417152323,0.467969749,0.518385067
2026-06-24,Ohio,Class III,0.5699,0.453919627,0.505419743,0.556394866
2026-06-24,Oklahoma,Class II,0.993,0.544007248,0.622640493,0.699060896
2026-06-24,Oregon,Class II,0.0183,0.328503252,0.404309552,0.479235192
2026-06-24,Rhode Island,Class II,0.0067,0.313357125,0.38766377,0.463186373
2026-06-24,South Carolina,Class II,0.9791,0.511444928,0.560092684,0.609032255
2026-06-24,South Dakota,Class II,1,0.590116187,0.658737771,0.727804564
2026-06-24,Tennessee,Class II,0.9995,0.57069819,0.644409922,0.718390018
2026-06-24,Texas,Class II,0.7722,0.473202712,0.522859561,0.573255484
2026-06-24,Virginia,Class II,0.0836,0.36291403,0.437232732,0.511638215
2026-06-24,West Virginia,Class II,1,0.631532501,0.707516286,0.781732584
2026-06-24,Wyoming,Class II,0.9999,0.614247031,0.695803001,0.778010987
2026-06-25,Alabama,Class II,0.9931,0.540319463,0.618284029,0.693437345
2026-06-25,Alaska,Class II,0.7026,0.467080089,0.515783548,0.563726833
2026-06-25,Arkansas,Class II,0.9961,0.580271693,0.713567002,0.849558022
2026-06-25,Colorado,Class II,0.0523,0.350188805,0.425444079,0.501173389
2026-06-25,Delaware,Class II,0.015,0.324912728,0.399835777,0.474601529
2026-06-25,Florida,Class III,0.7501,0.470496766,0.520893262,0.571801946
2026-06-25,Georgia,Class II,0.1469,0.419469897,0.468756808,0.517747593
2026-06-25,Idaho,Class II,1,0.615702545,0.684783223,0.75285614
2026-06-25,Illinois,Class II,0.0831,0.360861684,0.436116467,0.511259978
2026-06-25,Iowa,Class II,0.7148,0.46559789,0.518436863,0.5717606
2026-06-25,Kansas,Class II,0.9572,0.502857532,0.577415667,0.651208261
2026-06-25,Kentucky,Class II,0.9942,0.543109598,0.619765253,0.696265062
2026-06-25,Louisiana,Class II,0.9823,0.523107212,0.599960723,0.676918511
2026-06-25,Maine,Class II,0.3582,0.440227282,0.489267055,0.538970766
2026-06-25,Massachusetts,Class II,0,0.303221605,0.35384165,0.404118905
2026-06-25,Michigan,Class II,0.4606,0.420269748,0.49527817,0.570271456
2026-06-25,Minnesota,Class II,0.232,0.422318622,0.476413447,0.529256532
2026-06-25,Mississippi,Class II,0.9851,0.524318139,0.597674141,0.671404284
2026-06-25,Montana,Class II,0.9436,0.49747420999999997,0.572552399,0.647988004
2026-06-25,Nebraska,Class II,0.9095,0.488824433,0.548017517,0.605563747
2026-06-25,New Hampshire,Class II,0.1203,0.414623678,0.465025771,0.513856969
2026-06-25,New Jersey,Class II,0.0632,0.35598701,0.431073923,0.505388586
2026-06-25,New Mexico,Class II,0.1112,0.368515696,0.444233369,0.51946281
2026-06-25,North Carolina,Class II,0.1468,0.418236664,0.46835018,0.518613621
2026-06-25,Ohio,Class III,0.5596,0.452707188,0.504392632,0.555349611
2026-06-25,Oklahoma,Class II,0.9943,0.542218435,0.623007101,0.699267819
2026-06-25,Oregon,Class II,0.0181,0.326864216,0.404070928,0.480540893
2026-06-25,Rhode Island,Class II,0.0065,0.312097104,0.386901804,0.461387106
2026-06-25,South Carolina,Class II,0.9784,0.510859872,0.559414754,0.607997557
2026-06-25,South Dakota,Class II,0.9999,0.5901517,0.658788384,0.727230952
2026-06-25,Tennessee,Class II,0.9986,0.56956234,0.643663738,0.716926756
2026-06-25,Texas,Class II,0.7723,0.472507583,0.522076431,0.571904463
2026-06-25,Virginia,Class II,0.0818,0.360553592,0.437085581,0.511529552
2026-06-25,West Virginia,Class II,1,0.630961791,0.707308635,0.782150563
2026-06-25,Wyoming,Class II,0.9999,0.612729818,0.696314924,0.777204691
2026-06-26,Alabama,Class II,0.9937,0.54294006399999994,0.619604812,0.697351255
2026-06-26,Alaska,Class II,0.7282,0.469391809,0.517936214,0.566251128
2026-06-26,Arkansas,Class II,0.9965,0.576949816,0.712378935,0.848604403
2026-06-26,Colorado,Class II,0.0537,0.351989511,0.426391214,0.501376987
2026-06-26,Delaware,Class II,0.0176,0.325540726,0.401442203,0.477451624
2026-06-26,Florida,Class III,0.7776,0.471963584,0.523689917,0.574578638
2026-06-26,Georgia,Class II,0.1706,0.420595486,0.471209756,0.520240598
2026-06-26,Idaho,Class II,1,0.618503148,0.686253002,0.754126118
2026-06-26,Illinois,Class II,0.0852,0.359457634,0.437175733,0.512051653
2026-06-26,Iowa,Class II,0.7402,0.46740087,0.520588948,0.573432511
2026-06-26,Kansas,Class II,0.9609,0.505394053,0.577725715,0.651392587
2026-06-26,Kentucky,Class II,0.9938,0.543814805,0.620357262,0.695927675
2026-06-26,Louisiana,Class II,0.9846,0.52501572,0.601121484,0.676933323
2026-06-26,Maine,Class II,0.3859,0.44126085,0.491266794,0.540287355
2026-06-26,Massachusetts,Class II,0,0.304838253,0.355929935,0.406117839
2026-06-26,Michigan,Class II,0.4747,0.420925049,0.496932403,0.573222877
2026-06-26,Minnesota,Class II,0.2488,0.42469265,0.478123628,0.532213782
2026-06-26,Mississippi,Class II,0.9844,0.523598364,0.597624645,0.670763144
2026-06-26,Montana,Class II,0.9446,0.497953497,0.573438096,0.649020998
2026-06-26,Nebraska,Class II,0.9266,0.493727304,0.550442343,0.607461049
2026-06-26,New Hampshire,Class II,0.1406,0.417431937,0.4675599,0.516667356
2026-06-26,New Jersey,Class II,0.0701,0.355929478,0.432136432,0.508273001
2026-06-26,New Mexico,Class II,0.1173,0.369284249,0.44493453,0.521023452
2026-06-26,North Carolina,Class II,0.1732,0.419804302,0.47103525,0.521099796
2026-06-26,Ohio,Class III,0.5529,0.451900217,0.503657369,0.553882698
2026-06-26,Oklahoma,Class II,0.994,0.544961263,0.624792763,0.701567377
2026-06-26,Oregon,Class II,0.0221,0.329441972,0.405722784,0.480968376
2026-06-26,Rhode Island,Class II,0.0089,0.314049053,0.38874618,0.464874878
2026-06-26,South Carolina,Class II,0.9795,0.513400903,0.561786335,0.610798235
2026-06-26,South Dakota,Class II,0.9998,0.59093942,0.659588274,0.727759514
2026-06-26,Tennessee,Class II,0.9991,0.571786071,0.64522062,0.719794225
2026-06-26,Texas,Class II,0.7913,0.473877477,0.524470912,0.573807399
2026-06-26,Virginia,Class II,0.0917,0.362202981,0.438506022,0.515503478
2026-06-26,West Virginia,Class II,1,0.633558298,0.708358243,0.781678004
2026-06-26,Wyoming,Class II,0.9998,0.6142057,0.697891064,0.777811379
2026-06-27,Alabama,Class II,0.9943,0.546230106,0.621849118,0.698300589
2026-06-27,Alaska,Class II,0.7405,0.470609622,0.519259869,0.568181735
2026-06-27,Arkansas,Class II,0.9964,0.581455077,0.712948825,0.84883348300000006
2026-06-27,Colorado,Class II,0.0613,0.353479318,0.428625847,0.505470194
2026-06-27,Delaware,Class II,0.0147,0.327044544,0.401563444,0.475298308
2026-06-27,Florida,Class III,0.7819,0.472545517,0.523813981,0.575333934
2026-06-27,Georgia,Class II,0.1767,0.420886337,0.471654504,0.522108398
2026-06-27,Idaho,Class II,1,0.61969581,0.686680491,0.752001198
2026-06-27,Illinois,Class II,0.0872,0.359395433,0.437398726,0.512988275
2026-06-27,Iowa,Class II,0.742,0.467999662,0.521269003,0.574285815
2026-06-27,Kansas,Class II,0.9607,0.505593904,0.578716409,0.651177589
2026-06-27,Kentucky,Class II,0.9951,0.543624855,0.62170045,0.697979616
2026-06-27,Louisiana,Class II,0.9843,0.525338833,0.60149164,0.677281132
2026-06-27,Maine,Class II,0.3959,0.442282786,0.491840277,0.541261421
2026-06-27,Massachusetts,Class II,0,0.305174875,0.356721204,0.407047433
2026-06-27,Michigan,Class II,0.493,0.423161468,0.498699879,0.575011685
2026-06-27,Minnesota,Class II,0.249,0.424349106,0.47818585,0.532193345
2026-06-27,Mississippi,Class II,0.9845,0.525358704,0.598436966,0.671153744
2026-06-27,Montana,Class II,0.947,0.498323094,0.574198835,0.649819526
2026-06-27,Nebraska,Class II,0.9219,0.491314258,0.550385054,0.608646637
2026-06-27,New Hampshire,Class II,0.1479,0.416969491,0.468067104,0.518307165
2026-06-27,New Jersey,Class II,0.0707,0.359838618,0.433685515,0.508650218
2026-06-27,New Mexico,Class II,0.1203,0.37274574,0.446611503,0.522798243
2026-06-27,North Carolina,Class II,0.1717,0.420404535,0.470881309,0.52081404
2026-06-27,Ohio,Class III,0.5551,0.451478817,0.504111561,0.555342766
2026-06-27,Oklahoma,Class II,0.9946,0.548362453,0.625885501,0.703340701
2026-06-27,Oregon,Class II,0.0219,0.331743442,0.407023133,0.48228851700000003
2026-06-27,Rhode Island,Class II,0.0088,0.314477272,0.3894649,0.464968626
2026-06-27,South Carolina,Class II,0.9828,0.514819006,0.562502973,0.611203728
2026-06-27,South Dakota,Class II,1,0.592244515,0.661015636,0.728798459
2026-06-27,Tennessee,Class II,0.9997,0.571721411,0.645068844,0.718318051
2026-06-27,Texas,Class II,0.7941,0.474183859,0.524748208,0.574603199
2026-06-27,Virginia,Class II,0.0951,0.363599701,0.43956174,0.515968573
2026-06-27,West Virginia,Class II,1,0.634052247,0.709306065,0.783268643
2026-06-27,Wyoming,Class II,1,0.615459473,0.698206754,0.778679238
2026-06-28,Alabama,Class II,0.9933,0.541630673,0.619566994,0.697601482
2026-06-28,Alaska,Class II,0.724,0.468067083,0.517329702,0.565809483
2026-06-28,Arkansas,Class II,0.9951,0.579067544,0.711433363,0.843727145
2026-06-28,Colorado,Class II,0.0599,0.352819247,0.42702582100000003,0.503971719
2026-06-28,Delaware,Class II,0.0164,0.325255871,0.400534002,0.475590805
2026-06-28,Florida,Class III,0.7757,0.470519546,0.522633749,0.572416824
2026-06-28,Georgia,Class II,0.1699,0.421632576,0.471198602,0.52037864
2026-06-28,Idaho,Class II,1,0.619964699,0.685332171,0.750842935
2026-06-28,Illinois,Class II,0.0841,0.36010277,0.436102933,0.512210388
2026-06-28,Iowa,Class II,0.7361,0.466637913,0.52022529,0.573710189
2026-06-28,Kansas,Class II,0.9557,0.503160559,0.578250457,0.653259941
2026-06-28,Kentucky,Class II,0.9941,0.543133484,0.619535938,0.696286862
2026-06-28,Louisiana,Class II,0.9847,0.524312197,0.600794066,0.677737158
2026-06-28,Maine,Class II,0.3814,0.441823039,0.490653709,0.539873149
2026-06-28,Massachusetts,Class II,0,0.304298243,0.355498632,0.405989788
2026-06-28,Michigan,Class II,0.471,0.419534137,0.496434073,0.573514183
2026-06-28,Minnesota,Class II,0.239,0.42248018,0.476855671,0.530353075
2026-06-28,Mississippi,Class II,0.9862,0.525095412,0.598082317,0.671522984
2026-06-28,Montana,Class II,0.9405,0.495334459,0.572746714,0.64847936
2026-06-28,Nebraska,Class II,0.9185,0.491499972,0.549891244,0.607954271
2026-06-28,New Hampshire,Class II,0.1407,0.416388926,0.467487701,0.517013559
2026-06-28,New Jersey,Class II,0.0653,0.355032805,0.431088618,0.506009251
2026-06-28,New Mexico,Class II,0.1156,0.367381982,0.444961025,0.521062607
2026-06-28,North Carolina,Class II,0.1645,0.419596621,0.470054112,0.520124505
2026-06-28,Ohio,Class III,0.5341,0.450914322,0.502584287,0.554224452
2026-06-28,Oklahoma,Class II,0.9936,0.546133923,0.62445008,0.700348514
2026-06-28,Oregon,Class II,0.0197,0.330061653,0.405143403,0.481226773
2026-06-28,Rhode Island,Class II,0.0075,0.312742062,0.38772067,0.463534106
2026-06-28,South Carolina,Class II,0.9801,0.512821084,0.561166298,0.609997418
2026-06-28,South Dakota,Class II,1,0.590166804,0.659200565,0.727267166
2026-06-28,Tennessee,Class II,0.999,0.570802157,0.64482702,0.717241035
2026-06-28,Texas,Class II,0.7833,0.474420629,0.523893286,0.573008918
2026-06-28,Virginia,Class II,0.0868,0.362822263,0.438088616,0.513358402
2026-06-28,West Virginia,Class II,1,0.633236563,0.708248092,0.78300037199999994
2026-06-28,Wyoming,Class II,0.9996,0.61732468,0.69771959,0.779666171
2026-06-29,Alabama,Class II,0.9942,0.543388233,0.61980259,0.69623339
2026-06-29,Alaska,Class II,0.7294,0.469372204,0.518030857,0.566181913
2026-06-29,Arkansas,Class II,0.9956,0.577523754,0.711024879,0.848242367
2026-06-29,Colorado,Class II,0.0559,0.351059504,0.426697307,0.502477177
2026-06-29,Delaware,Class II,0.0141,0.326488287,0.40005696,0.474512691
2026-06-29,Florida,Class III,0.7645,0.472080899,0.522228173,0.572171559
2026-06-29,Georgia,Class II,0.1654,0.420584832,0.470663444,0.519619211
2026-06-29,Idaho,Class II,1,0.619526966,0.686123696,0.753557171
2026-06-29,Illinois,Class II,0.0838,0.357738071,0.435731212,0.511696091
2026-06-29,Iowa,Class II,0.7341,0.46570012,0.520062064,0.572816561
2026-06-29,Kansas,Class II,0.9572,0.503033388,0.577669007,0.651441178
2026-06-29,Kentucky,Class II,0.9933,0.541986905,0.620686947,0.696310918
2026-06-29,Louisiana,Class II,0.9842,0.5232699,0.600751601,0.676976142
2026-06-29,Maine,Class II,0.3851,0.442437025,0.491309782,0.539461427
2026-06-29,Massachusetts,Class II,0,0.305249799,0.355575222,0.406479232
2026-06-29,Michigan,Class II,0.4665,0.420567949,0.496063833,0.572044555
2026-06-29,Minnesota,Class II,0.2407,0.423124136,0.476795992,0.530140885
2026-06-29,Mississippi,Class II,0.9853,0.524542028,0.59804694,0.6722275
2026-06-29,Montana,Class II,0.9478,0.499138615,0.574037185,0.650318442
2026-06-29,Nebraska,Class II,0.9181,0.490968051,0.549231398,0.608056537
2026-06-29,New Hampshire,Class II,0.1418,0.417156326,0.467337786,0.51710463
2026-06-29,New Jersey,Class II,0.0691,0.358040252,0.432417561,0.508552676
2026-06-29,New Mexico,Class II,0.1221,0.370502126,0.44610631,0.522219545
2026-06-29,North Carolina,Class II,0.16,0.420047593,0.470121972,0.519359562
2026-06-29,Ohio,Class III,0.5396,0.451557296,0.502928405,0.554237011
2026-06-29,Oklahoma,Class II,0.9937,0.545690974,0.624572579,0.700833321
2026-06-29,Oregon,Class II,0.0192,0.329534164,0.405939572,0.480732258
2026-06-29,Rhode Island,Class II,0.0098,0.313006098,0.388856664,0.463870803
2026-06-29,South Carolina,Class II,0.9806,0.513429155,0.56151609,0.609895809
2026-06-29,South Dakota,Class II,0.9998,0.590746654,0.658705217,0.72571606
2026-06-29,Tennessee,Class II,0.999,0.570739697,0.644680654,0.719146625
2026-06-29,Texas,Class II,0.7811,0.475028438,0.523897796,0.573991803
2026-06-29,Virginia,Class II,0.0922,0.362256142,0.438922275,0.513858065
2026-06-29,West Virginia,Class II,1,0.634128319,0.708297157,0.784933816
2026-06-29,Wyoming,Class II,0.9997,0.61322005,0.697440387,0.778142876
2026-06-30,Alabama,Class II,0.9917,0.53825171,0.615088125,0.692075277
2026-06-30,Alaska,Class II,0.6671,0.464481398,0.512716144,0.561284293
2026-06-30,Arkansas,Class II,0.9956,0.575811877,0.708527924,0.843778902
2026-06-30,Colorado,Class II,0.0469,0.346142893,0.422190642,0.498538775
2026-06-30,Delaware,Class II,0.011,0.321465588,0.396523677,0.472073312
2026-06-30,Florida,Class III,0.703,0.465018077,0.516679631,0.568234298
2026-06-30,Georgia,Class II,0.1193,0.416341061,0.464820159,0.514108082
2026-06-30,Idaho,Class II,1,0.613660935,0.680705973,0.746940141
2026-06-30,Illinois,Class II,0.0696,0.356412579,0.432695176,0.507456301
2026-06-30,Iowa,Class II,0.6759,0.46055182,0.514270518,0.56804556
2026-06-30,Kansas,Class II,0.953,0.501184201,0.574908442,0.649680139
2026-06-30,Kentucky,Class II,0.9932,0.539007,0.615652803,0.692083531
2026-06-30,Louisiana,Class II,0.9806,0.519611877,0.596780474,0.672494499
2026-06-30,Maine,Class II,0.3189,0.436442534,0.485578608,0.533612349
2026-06-30,Massachusetts,Class II,0,0.298539189,0.349345646,0.399553841
2026-06-30,Michigan,Class II,0.4406,0.418078488,0.493110629,0.568636387
2026-06-30,Minnesota,Class II,0.1795,0.416709629,0.470800466,0.52468298
2026-06-30,Mississippi,Class II,0.9825,0.521538445,0.594342775,0.668397828
2026-06-30,Montana,Class II,0.9348,0.493619578,0.569779975,0.644889359
2026-06-30,Nebraska,Class II,0.8929,0.485883587,0.544735071,0.603197092
2026-06-30,New Hampshire,Class II,0.1,0.410691947,0.461134809,0.511341611
2026-06-30,New Jersey,Class II,0.0522,0.354935453,0.427830698,0.500889286
2026-06-30,New Mexico,Class II,0.0955,0.366403835,0.440425227,0.514782239
2026-06-30,North Carolina,Class II,0.1286,0.41369456,0.464667539,0.515098547
2026-06-30,Ohio,Class III,0.4667,0.44429821,0.496993025,0.548553999
2026-06-30,Oklahoma,Class II,0.9933,0.541306178,0.62036288,0.696840222
2026-06-30,Oregon,Class II,0.0139,0.326629126,0.401256734,0.476519817
2026-06-30,Rhode Island,Class II,0.0046,0.308512231,0.384353255,0.459129938
2026-06-30,South Carolina,Class II,0.9701,0.507576208,0.555802683,0.605236456
2026-06-30,South Dakota,Class II,1,0.586687542,0.655575349,0.723740249
2026-06-30,Tennessee,Class II,0.9994,0.568462698,0.641849125,0.714599953
2026-06-30,Texas,Class II,0.7159,0.468153144,0.51723363,0.566233795
2026-06-30,Virginia,Class II,0.0699,0.359677419,0.433916945,0.507648043
2026-06-30,West Virginia,Class II,1,0.630400075,0.705634701,0.780731333
2026-06-30,Wyoming,Class II,0.9999,0.608624273,0.69286611,0.774581734
2026-07-01,Alabama,Class II,0.9927,0.538962995,0.616095448,0.692224723
2026-07-01,Alaska,Class II,0.8931,0.486077597,0.540686321,0.594899648
2026-07-01,Arkansas,Class II,0.9944,0.57083379,0.708360728,0.845564255
2026-07-01,Colorado,Class II,0.0425,0.34732841800000003,0.422247554,0.496162273
2026-07-01,Delaware,Class II,0.0114,0.322429175,0.396333512,0.470852288
2026-07-01,Florida,Class III,0.7256,0.468065687,0.518238548,0.567835334
2026-07-01,Georgia,Class II,0.1261,0.417032238,0.466002862,0.513908636
2026-07-01,Idaho,Class II,1,0.616228065,0.682569421,0.750148216
2026-07-01,Illinois,Class II,0.0707,0.355077674,0.432694802,0.507484298
2026-07-01,Iowa,Class II,0.6868,0.461497743,0.515125838,0.56755123
2026-07-01,Kansas,Class II,0.9545,0.502076063,0.574164789,0.648587696
2026-07-01,Kentucky,Class II,0.9931,0.540478856,0.616061524,0.691283238
2026-07-01,Louisiana,Class II,0.9821,0.521295101,0.597390551,0.673396668
2026-07-01,Maine,Class II,0.359,0.439783236,0.488600822,0.536187092
2026-07-01,Massachusetts,Class II,1e-4,0.313692046,0.37051201,0.426494613
2026-07-01,Michigan,Class II,0.4425,0.415072451,0.492973046,0.567629719
2026-07-01,Minnesota,Class II,0.1916,0.418968211,0.472568014,0.524798934
2026-07-01,Mississippi,Class II,0.9826,0.522145258,0.593884873,0.665618475
2026-07-01,Montana,Class II,0.9316,0.491536445,0.569436554,0.645540596
2026-07-01,Nebraska,Class II,0.8941,0.485739105,0.54475707,0.603273017
2026-07-01,New Hampshire,Class II,0.1671,0.420401481,0.470737148,0.520751201
2026-07-01,New Jersey,Class II,0.0571,0.353353173,0.428244756,0.502374555
2026-07-01,New Mexico,Class II,0.0996,0.365697705,0.440896849,0.516661916
2026-07-01,North Carolina,Class II,0.2328,0.42440145,0.476938168,0.528582436
2026-07-01,Ohio,Class III,0.5814,0.454724985,0.50572367,0.555849685
2026-07-01,Oklahoma,Class II,0.9922,0.54294115,0.620818216,0.697862324
2026-07-01,Oregon,Class II,0.0158,0.326366849,0.40183891,0.476123885
2026-07-01,Rhode Island,Class II,0.006,0.307644417,0.384161855,0.459098284
2026-07-01,South Carolina,Class II,0.9611,0.503588231,0.552757424,0.600971832
2026-07-01,South Dakota,Class II,0.9998,0.586648334,0.655979996,0.724564934
2026-07-01,Tennessee,Class II,0.9989,0.567072948,0.641231751,0.714786256
2026-07-01,Texas,Class II,0.7256,0.46828845,0.517497346,0.566268018
2026-07-01,Virginia,Class II,0.0695,0.358766292,0.434342765,0.507721562
2026-07-01,West Virginia,Class II,1,0.628889675,0.704430379,0.779288498
2026-07-01,Wyoming,Class II,0.9999,0.611179756,0.694179407,0.774926874
2026-07-02,Alabama,Class II,0.9942,0.539168076,0.615951075,0.693261109
2026-07-02,Alaska,Class II,0.8832,0.484852197,0.539440868,0.593746371
2026-07-02,Arkansas,Class II,0.9957,0.576998595,0.709284882,0.843706096
2026-07-02,Colorado,Class II,0.0463,0.346822959,0.423285904,0.497955503
2026-07-02,Delaware,Class II,0.0116,0.321514595,0.396013029,0.471934295
2026-07-02,Florida,Class III,0.7052,0.465604557,0.516634719,0.568014169
2026-07-02,Georgia,Class II,0.0643,0.399551187,0.452046807,0.503664919
2026-07-02,Idaho,Class II,1,0.614675348,0.682116584,0.749243227
2026-07-02,Illinois,Class II,0.0744,0.357152364,0.433045814,0.509610042
2026-07-02,Iowa,Class II,0.6655,0.461626417,0.514143965,0.567452688
2026-07-02,Kansas,Class II,0.9472,0.498174566,0.574384249,0.64639898
2026-07-02,Kentucky,Class II,0.9924,0.53851433,0.615956146,0.691890408
2026-07-02,Louisiana,Class II,0.9807,0.51943592,0.597241913,0.673421138
2026-07-02,Maine,Class II,0.3258,0.437909897,0.486798989,0.536366432
2026-07-02,Massachusetts,Class II,2e-4,0.311773316,0.368594869,0.425485066
2026-07-02,Michigan,Class II,0.4419,0.417400007,0.492882764,0.568606365
2026-07-02,Minnesota,Class II,0.1876,0.417310315,0.471283216,0.525549069
2026-07-02,Mississippi,Class II,0.9825,0.52069047,0.594886083,0.669788099
2026-07-02,Montana,Class II,0.9312,0.492346661,0.56950074,0.647025864
2026-07-02,Nebraska,Class II,0.892,0.486173409,0.544343709,0.602318963
2026-07-02,New Hampshire,Class II,0.1443,0.418060314,0.46829964,0.517984694
2026-07-02,New Jersey,Class II,0.0565,0.351460532,0.428345524,0.502822607
2026-07-02,New Mexico,Class II,0.1005,0.364713512,0.440778168,0.517259763
2026-07-02,North Carolina,Class II,0.2217,0.422638261,0.475619827,0.52821758
2026-07-02,Ohio,Class III,0.5579,0.453305062,0.504395744,0.555024294
2026-07-02,Oklahoma,Class II,0.9921,0.5401338,0.619821849,0.699151034
2026-07-02,Oregon,Class II,0.0151,0.326504186,0.401444351,0.476282641
2026-07-02,Rhode Island,Class II,0.0076,0.307832446,0.38439589,0.459419169
2026-07-02,South Carolina,Class II,0.9588,0.502358871,0.55109125,0.600828124
2026-07-02,South Dakota,Class II,0.9998,0.587661727,0.656321716,0.7243363
2026-07-02,Tennessee,Class II,0.9995,0.566945367,0.641993381,0.716133513
2026-07-02,Texas,Class II,0.6922,0.465648274,0.515228266,0.565422742
2026-07-02,Virginia,Class II,0.0747,0.360321304,0.434632952,0.510979124
2026-07-02,West Virginia,Class II,1,0.629930899,0.705184766,0.780920821
2026-07-02,Wyoming,Class II,0.9999,0.609617552,0.692943051,0.772739062
2026-07-03,Alabama,Class II,0.9878,0.530796335,0.611951234,0.691346373
2026-07-03,Alaska,Class II,0.8963,0.486578694,0.54144424,0.59684769
2026-07-03,Arkansas,Class II,0.99,0.571806226,0.708505132,0.838033979
2026-07-03,Colorado,Class II,0.0491,0.344587118,0.421371529,0.499638551
2026-07-03,Delaware,Class II,0.0137,0.319201819,0.395871388,0.471601448
2026-07-03,Florida,Class III,0.7043,0.463926342,0.516742724,0.568329038
2026-07-03,Georgia,Class II,0.0671,0.40101965,0.452385007,0.504511185
2026-07-03,Idaho,Class II,1,0.615597404,0.681898745,0.749329437
2026-07-03,Illinois,Class II,0.0707,0.354673753,0.431364595,0.507749833
2026-07-03,Iowa,Class II,0.662,0.459467165,0.513780224,0.567574882
2026-07-03,Kansas,Class II,0.9534,0.501344576,0.574680323,0.648113046
2026-07-03,Kentucky,Class II,0.9878,0.529705012,0.611918359,0.691413705
2026-07-03,Louisiana,Class II,0.9726,0.512801703,0.594429564,0.674470232
2026-07-03,Maine,Class II,0.3546,0.439390103,0.488785974,0.537204776
2026-07-03,Massachusetts,Class II,1e-4,0.311567138,0.369578791,0.426513274
2026-07-03,Michigan,Class II,0.4317,0.413886028,0.491380478,0.56748512
2026-07-03,Minnesota,Class II,0.2039,0.417370949,0.47206274,0.527216849
2026-07-03,Mississippi,Class II,0.9841,0.51992736,0.593959322,0.666496423
2026-07-03,Montana,Class II,0.9111,0.485418721,0.565673667,0.643319578
2026-07-03,Nebraska,Class II,0.9054,0.486148035,0.545745251,0.603669642
2026-07-03,New Hampshire,Class II,0.1689,0.417986356,0.46973094,0.520557344
2026-07-03,New Jersey,Class II,0.0594,0.352431032,0.426827687,0.50370294
2026-07-03,New Mexico,Class II,0.0989,0.363808344,0.439596908,0.516185962
2026-07-03,North Carolina,Class II,0.2282,0.423939583,0.47591318,0.528193987
2026-07-03,Ohio,Class III,0.5649,0.453502717,0.504917567,0.555452373
2026-07-03,Oklahoma,Class II,0.9883,0.531462361,0.616510145,0.697339811
2026-07-03,Oregon,Class II,0.0159,0.324623198,0.400081354,0.476286086
2026-07-03,Rhode Island,Class II,0.0065,0.308993158,0.383518993,0.459959416
2026-07-03,South Carolina,Class II,0.9643,0.505044352,0.553242333,0.602074864
2026-07-03,South Dakota,Class II,0.9997,0.587473428,0.655229333,0.724667794
2026-07-03,Tennessee,Class II,0.9988,0.567697926,0.640929734,0.714561009
2026-07-03,Texas,Class II,0.6932,0.465514823,0.515260727,0.564787245
2026-07-03,Virginia,Class II,0.07,0.355823098,0.432147142,0.50842534
2026-07-03,West Virginia,Class II,1,0.627786416,0.703538019,0.778937002
2026-07-03,Wyoming,Class II,0.9995,0.594534509,0.687584339,0.772237388
2026-07-04,Alabama,Class II,0.9931,0.542117622,0.617986135,0.692129976
2026-07-04,Alaska,Class II,0.9063,0.488938327,0.543379138,0.597822995
2026-07-04,Arkansas,Class II,0.9971,0.584473125,0.711223305,0.840258528
2026-07-04,Colorado,Class II,0.046,0.351479688,0.425523832,0.49858108
2026-07-04,Delaware,Class II,0.0131,0.325502209,0.399000643,0.472256108
2026-07-04,Florida,Class III,0.7604,0.471565533,0.521372232,0.571306069
2026-07-04,Georgia,Class II,0.0868,0.404607181,0.456678276,0.508897265
2026-07-04,Idaho,Class II,1,0.618072132,0.684782183,0.751431737
2026-07-04,Illinois,Class II,0.0753,0.360301622,0.435400711,0.509353975
2026-07-04,Iowa,Class II,0.7134,0.465681981,0.51847924,0.570619726
2026-07-04,Kansas,Class II,0.9568,0.503262829,0.577269832,0.649977289
2026-07-04,Kentucky,Class II,0.995,0.542486725,0.618432801,0.692599692
2026-07-04,Louisiana,Class II,0.9834,0.522920695,0.599213149,0.674259382
2026-07-04,Maine,Class II,0.3724,0.440358372,0.490445945,0.538983315
2026-07-04,Massachusetts,Class II,0,0.313711082,0.371015246,0.427401517
2026-07-04,Michigan,Class II,0.4677,0.422055646,0.49622101,0.570727503
2026-07-04,Minnesota,Class II,0.2192,0.42097189,0.474715088,0.527683676
2026-07-04,Mississippi,Class II,0.9857,0.523899809,0.597769677,0.670683355
2026-07-04,Montana,Class II,0.9438,0.497584246,0.572834723,0.646307932
2026-07-04,Nebraska,Class II,0.9076,0.488722569,0.546425979,0.605003122
2026-07-04,New Hampshire,Class II,0.1764,0.42058177,0.471371794,0.521589274
2026-07-04,New Jersey,Class II,0.0649,0.356603988,0.43118294,0.505316574
2026-07-04,New Mexico,Class II,0.1061,0.370335266,0.444704758,0.521195405
2026-07-04,North Carolina,Class II,0.2672,0.428388298,0.480298492,0.531715099
2026-07-04,Ohio,Class III,0.606,0.456552582,0.508312529,0.55938875
2026-07-04,Oklahoma,Class II,0.9934,0.543840344,0.622757447,0.698406794
2026-07-04,Oregon,Class II,0.0162,0.32960334,0.40434205,0.478461289
2026-07-04,Rhode Island,Class II,0.007,0.311824118,0.38706465,0.461282185
2026-07-04,South Carolina,Class II,0.9682,0.505901868,0.554946302,0.604468208
2026-07-04,South Dakota,Class II,0.9998,0.591969111,0.658859974,0.726607891
2026-07-04,Tennessee,Class II,0.9992,0.569923651,0.644158559,0.717081603
2026-07-04,Texas,Class II,0.7527,0.470651968,0.520102789,0.569893525
2026-07-04,Virginia,Class II,0.0821,0.361613447,0.437474176,0.511927408
2026-07-04,West Virginia,Class II,0.9999,0.63418763,0.707897491,0.780810857
2026-07-04,Wyoming,Class II,0.9998,0.613704005,0.696397201,0.775631886
2026-07-05,Alabama,Class II,0.9936,0.541929466,0.616537346,0.69206314
2026-07-05,Alaska,Class II,0.8945,0.488350435,0.541623442,0.596136752
2026-07-05,Arkansas,Class II,0.9957,0.57734937,0.709202021,0.845072292
2026-07-05,Colorado,Class II,0.0484,0.349303435,0.42444647,0.499407712
2026-07-05,Delaware,Class II,0.0134,0.323412699,0.397781036,0.471628769
2026-07-05,Florida,Class III,0.7312,0.468809351,0.518631418,0.568022427
2026-07-05,Georgia,Class II,0.0737,0.402887905,0.454351719,0.505964882
2026-07-05,Idaho,Class II,1,0.615954984,0.682866648,0.748781132
2026-07-05,Illinois,Class II,0.0743,0.357024266,0.433179108,0.509365125
2026-07-05,Iowa,Class II,0.6895,0.462307342,0.515454299,0.568141912
2026-07-05,Kansas,Class II,0.9518,0.500728143,0.575230712,0.648818852
2026-07-05,Kentucky,Class II,0.9932,0.539473155,0.617088086,0.694360107
2026-07-05,Louisiana,Class II,0.9824,0.522261325,0.598365109,0.674077728
2026-07-05,Maine,Class II,0.3501,0.439797141,0.488512411,0.537266074
2026-07-05,Massachusetts,Class II,0,0.313511552,0.37054987,0.427248788
2026-07-05,Michigan,Class II,0.4496,0.418915776,0.494243908,0.57009258
2026-07-05,Minnesota,Class II,0.2028,0.419642346,0.473065788,0.525485432
2026-07-05,Mississippi,Class II,0.9835,0.52313023299999994,0.595927118,0.669565892
2026-07-05,Montana,Class II,0.9372,0.495105053,0.570045116,0.645610798
2026-07-05,Nebraska,Class II,0.8931,0.485614131,0.543705436,0.603227537
2026-07-05,New Hampshire,Class II,0.1589,0.420928444,0.470174518,0.519811133
2026-07-05,New Jersey,Class II,0.0576,0.355506791,0.429185637,0.503368822
2026-07-05,New Mexico,Class II,0.1035,0.367232055,0.442618566,0.51688519
2026-07-05,North Carolina,Class II,0.2345,0.425960299,0.477721193,0.52984685
2026-07-05,Ohio,Class III,0.5749,0.455616428,0.505994536,0.555829301
2026-07-05,Oklahoma,Class II,0.9927,0.541108891,0.621195955,0.698658699
2026-07-05,Oregon,Class II,0.0165,0.327105798,0.403056128,0.478025065
2026-07-05,Rhode Island,Class II,0.0082,0.30981459,0.385412582,0.461769139
2026-07-05,South Carolina,Class II,0.9655,0.504673779,0.553322687,0.601265871
2026-07-05,South Dakota,Class II,0.9999,0.588168192,0.656498938,0.724089562
2026-07-05,Tennessee,Class II,0.9989,0.568343533,0.642447534,0.71569967
2026-07-05,Texas,Class II,0.7158,0.468399018,0.517098098,0.56622403
2026-07-05,Virginia,Class II,0.0762,0.361205691,0.435765371,0.51057235
2026-07-05,West Virginia,Class II,1,0.631821434,0.706052133,0.781018887
2026-07-05,Wyoming,Class II,0.9996,0.608965644,0.694260797,0.776173399
2026-07-06,Alabama,Class II,0.9938,0.5390403639999999,0.616719939115,0.6926620059999999
2026-07-06,Alaska,Class II,0.8947,0.4862991239805583,0.541208903905651,0.5941027321820425
2026-07-06,Arkansas,Class II,0.9954,0.5779218890000001,0.710420735538,0.8449670355000001
2026-07-06,Colorado,Class II,0.0453,0.346891208,0.423110878821,0.498493053
2026-07-06,Delaware,Class II,0.0101,0.32043097449999997,0.39668038599,0.470891423
2026-07-06,Florida,Class III,0.7206,0.4662377956612763,0.5182065144306103,0.570247876001063
2026-07-06,Georgia,Class II,0.0748,0.4018963421243432,0.4541897076874987,0.506626101586206
2026-07-06,Idaho,Class II,1,0.615007239402527,0.6831368106006341,0.7499130926510156
2026-07-06,Illinois,Class II,0.0696,0.35599596,0.432681373868,0.5078361614999999
2026-07-06,Iowa,Class II,0.679,0.45981108285286554,0.5151076577551778,0.5695087724545086
2026-07-06,Kansas,Class II,0.9565,0.5027454605,0.576078149282,0.649893018
2026-07-06,Kentucky,Class II,0.994,0.5414082980000001,0.617033749927,0.6942946959999999
2026-07-06,Louisiana,Class II,0.9809,0.5214988795,0.59805854521,0.6721037209999999
2026-07-06,Maine,Class II,0.3441,0.43805600217451346,0.4877472977951542,0.5362756341482371
2026-07-06,Massachusetts,Class II,1e-4,0.31063298627401004,0.36883698866145226,0.4254657640428613
2026-07-06,Michigan,Class II,0.4445,0.41639073,0.493393309572,0.5685809865
2026-07-06,Minnesota,Class II,0.1932,0.41786315500341825,0.4719995969967286,0.5257134050699263
2026-07-06,Mississippi,Class II,0.983,0.5216578270000001,0.595768465508,0.668909733
2026-07-06,Montana,Class II,0.9351,0.4931008185,0.569956909237,0.6450870339999999
2026-07-06,Nebraska,Class II,0.8923,0.484849527227299,0.5441673345886301,0.6029216053958671
2026-07-06,New Hampshire,Class II,0.1576,0.4167574503228541,0.4685193793856415,0.5195666882594114
2026-07-06,New Jersey,Class II,0.0604,0.35256510350000003,0.429100173723,0.504288197
2026-07-06,New Mexico,Class II,0.1019,0.366405491,0.441678228671,0.5165916165000001
2026-07-06,North Carolina,Class II,0.232,0.4244457429899904,0.4771627771137625,0.5297033464676092
2026-07-06,Ohio,Class III,0.572,0.4530340050382888,0.5053679807245987,0.5569997402586824
2026-07-06,Oklahoma,Class II,0.9922,0.5415211565,0.620297120135,0.6966363875
2026-07-06,Oregon,Class II,0.0164,0.32731668999999997,0.401892883541,0.478845893
2026-07-06,Rhode Island,Class II,0.007,0.3096236825,0.385036056532,0.4588019339999999
2026-07-06,South Carolina,Class II,0.9606,0.5036364579286683,0.5528442512971175,0.6015945711421782
2026-07-06,South Dakota,Class II,1,0.5881003688244866,0.6561093239694729,0.7230975528882807
2026-07-06,Tennessee,Class II,0.9984,0.5675230269999999,0.642130518528,0.7154590699999999
2026-07-06,Texas,Class II,0.7081,0.4671148646597241,0.516847276975309,0.5666340286224404
2026-07-06,Virginia,Class II,0.08,0.35886913649999996,0.435394389347,0.5112960120000001
2026-07-06,West Virginia,Class II,1,0.632043254,0.707028532031,0.783609866
2026-07-06,Wyoming,Class II,0.9998,0.6111570599999999,0.694300464355,0.7751071315000001
2026-07-07,Alabama,Class II,0.9934,0.5401280095000001,0.617103707678,0.6945818334999999
2026-07-07,Alaska,Class II,0.8893,0.4868838206542042,0.5407763083344511,0.5957024394720455
2026-07-07,Arkansas,Class II,0.995,0.575395141,0.709437086808,0.846226198
2026-07-07,Colorado,Class II,0.0461,0.3488883355,0.423125612626,0.4984121030000001
2026-07-07,Delaware,Class II,0.0121,0.3210594705,0.396453077937,0.4716097739999999
2026-07-07,Florida,Class III,0.7176,0.467623855070857,0.5174617011345125,0.5675155347719758
2026-07-07,Georgia,Class II,0.0689,0.4021637126021843,0.4536276727494625,0.5044668836368061
2026-07-07,Idaho,Class II,1,0.6148022916601875,0.681635032847519,0.7482372665557729
2026-07-07,Illinois,Class II,0.0744,0.3550343079999999,0.432566244997,0.5093585065
2026-07-07,Iowa,Class II,0.6787,0.46200147764759897,0.5149692673686581,0.567742087641103
2026-07-07,Kansas,Class II,0.9548,0.5023942655,0.57569689555,0.6489544644999999
2026-07-07,Kentucky,Class II,0.9924,0.5419157635,0.616692782772,0.6925903459999999
2026-07-07,Louisiana,Class II,0.9843,0.5219299655,0.598134325667,0.6754537999999999
2026-07-07,Maine,Class II,0.3933,0.44343872303728815,0.49244131221234216,0.5425831077794884
2026-07-07,Massachusetts,Class II,0,0.31254461673683126,0.3692597396735514,0.4262065310308782
2026-07-07,Michigan,Class II,0.4319,0.4176038055,0.492709459701,0.5680178035000001
2026-07-07,Minnesota,Class II,0.1825,0.4191513089085939,0.4712991700992996,0.5242141883198141
2026-07-07,Mississippi,Class II,0.9846,0.522613144,0.595663055563,0.669256016
2026-07-07,Montana,Class II,0.9367,0.49455736200000006,0.569526875182,0.6435933889999998
2026-07-07,Nebraska,Class II,0.8979,0.4868110947094554,0.5448735305569397,0.6030160025971637
2026-07-07,New Hampshire,Class II,0.1512,0.4194542205610009,0.46862058603708634,0.518889376523614
2026-07-07,New Jersey,Class II,0.0617,0.35328927649999997,0.427989068375,0.503992569
2026-07-07,New Mexico,Class II,0.0988,0.3669670095,0.441416027072,0.5166099214999998
2026-07-07,North Carolina,Class II,0.2259,0.4257185573395368,0.4765964206029883,0.5281374206306715
2026-07-07,Ohio,Class III,0.5625,0.4539217097746888,0.5048877528186726,0.5552836173579008
2026-07-07,Oklahoma,Class II,0.9926,0.5429796039999999,0.621196453922,0.6980928745
2026-07-07,Oregon,Class II,0.0162,0.32657874400000003,0.402350966847,0.477012429
2026-07-07,Rhode Island,Class II,0.0063,0.3090105815,0.38444019064,0.4603690925
2026-07-07,South Carolina,Class II,0.9594,0.5028970529745885,0.5520195321229151,0.6009963132235027
2026-07-07,South Dakota,Class II,0.9998,0.5890231480139574,0.6559871598798792,0.7240366620221679
2026-07-07,Tennessee,Class II,0.9995,0.570098616,0.641904578703,0.7139456724999999
2026-07-07,Texas,Class II,0.7121,0.46877635919472954,0.5170477349911485,0.5651924153791682
2026-07-07,Virginia,Class II,0.0757,0.3596608425,0.434421470108,0.5101667015
2026-07-07,West Virginia,Class II,1,0.631064267,0.705878500899,0.7796101879999999
2026-07-07,Wyoming,Class II,0.9999,0.6120310194999999,0.693691231512,0.7743329569999999
2026-07-08,Alabama,Class II,0.9927,0.5392918765,0.614763358766,0.6913333779999999
2026-07-08,Alaska,Class II,0.8957,0.4877254667208279,0.5405009738249124,0.5935813079273828
2026-07-08,Arkansas,Class II,0.9953,0.5767453164999999,0.709723480391,0.8415782620000001
2026-07-08,Colorado,Class II,0.0453,0.347240887,0.423129202855,0.4974411925
2026-07-08,Delaware,Class II,0.0111,0.3221854015,0.396586320189,0.4715561495
2026-07-08,Florida,Class III,0.717,0.4664259086802447,0.5171819214668212,0.5668380788077678
2026-07-08,Georgia,Class II,0.0707,0.4012078183300816,0.4539556603362519,0.5052434500101247
2026-07-08,Idaho,Class II,1,0.6137538560148955,0.6808487187519412,0.7473208073904796
2026-07-08,Illinois,Class II,0.07,0.35545623699999995,0.43175959585,0.5074675305
2026-07-08,Iowa,Class II,0.6791,0.4608559567296489,0.5143702507580961,0.566790036665813
2026-07-08,Kansas,Class II,0.9501,0.50013697,0.573814710025,0.6469563684999999
2026-07-08,Kentucky,Class II,0.9911,0.538339677,0.615186118736,0.6911433874999999
2026-07-08,Louisiana,Class II,0.9817,0.5201463025,0.596136241506,0.6723231395
2026-07-08,Maine,Class II,0.4041,0.4431743342530499,0.4926354814849588,0.5418264231731444
2026-07-08,Massachusetts,Class II,2e-4,0.3130157521507307,0.3699882373928976,0.4267454835129434
2026-07-08,Michigan,Class II,0.4297,0.4160935750000001,0.491791677527,0.5663580309999998
2026-07-08,Minnesota,Class II,0.1855,0.4176885788565526,0.4712353429420119,0.5256275373078453
2026-07-08,Mississippi,Class II,0.9814,0.520409981,0.592897187715,0.6664064364999999
2026-07-08,Montana,Class II,0.9304,0.492686395,0.568415093077,0.6431339469999999
2026-07-08,Nebraska,Class II,0.8927,0.485525319695687,0.5437447583658923,0.602265011298102
2026-07-08,New Hampshire,Class II,0.1552,0.4187757208061126,0.46867629474507655,0.518224423223451
2026-07-08,New Jersey,Class II,0.0572,0.3547955095,0.428562090592,0.502783239
2026-07-08,New Mexico,Class II,0.0963,0.3669782715,0.440963268471,0.515957094
2026-07-08,North Carolina,Class II,0.2146,0.4247425502021615,0.47566874458283026,0.5268045255829068
2026-07-08,Ohio,Class III,0.5675,0.4546907898513197,0.5048278500598399,0.5554627051911987
2026-07-08,Oklahoma,Class II,0.9926,0.5400836579999999,0.619252773862,0.695523491
2026-07-08,Oregon,Class II,0.014,0.32789656700000003,0.40159309141,0.4753788005
2026-07-08,Rhode Island,Class II,0.0053,0.31067840100000005,0.384746279288,0.4597220809999999
2026-07-08,South Carolina,Class II,0.9591,0.5032002271503191,0.5518224607277432,0.600182772751968
2026-07-08,South Dakota,Class II,0.9999,0.5870190776492463,0.6547823314918482,0.7222580055992065
2026-07-08,Tennessee,Class II,0.9992,0.567365796,0.640429651891,0.7127040445
2026-07-08,Texas,Class II,0.7122,0.46729346382261344,0.5166032766436105,0.566203789613692
2026-07-08,Virginia,Class II,0.0711,0.3607396525,0.434482147315,0.508340669
2026-07-08,West Virginia,Class II,0.9999,0.6263805929999999,0.70316591929,0.777752841
2026-07-08,Wyoming,Class II,0.9997,0.605670027,0.691304857323,0.7738352355000001
2026-07-09,Alabama,Class II,0.994,0.5418379185,0.617977188196,0.6930069269999998
2026-07-09,Alaska,Class II,0.9041,0.48792501993268367,0.5425740718246943,0.5967504272141547
2026-07-09,Arkansas,Class II,0.9958,0.5775830225,0.710718307365,0.8468318579999999
2026-07-09,Colorado,Class II,0.0516,0.34982491400000004,0.424910084504,0.500880683
2026-07-09,Delaware,Class II,0.0119,0.3236711665,0.39871411134,0.47394264699999994
2026-07-09,Florida,Class III,0.752,0.47075257908289586,0.5209232370369882,0.5712080065280336
2026-07-09,Georgia,Class II,0.21560000000000001,0.4200333380711887,0.474316714777793,0.5293319275661539
2026-07-09,Idaho,Class II,1,0.6166604185494026,0.6837563269263596,0.7503759828235799
2026-07-09,Illinois,Class II,0.0714,0.35845951,0.433914964197,0.5076327429999999
2026-07-09,Iowa,Class II,0.7099,0.4644025677312711,0.5173625467758618,0.5706220553106112
2026-07-09,Kansas,Class II,0.9551,0.502635949,0.576193182826,0.6486392395
2026-07-09,Kentucky,Class II,0.9948,0.5406124715,0.618325963155,0.694879332
2026-07-09,Louisiana,Class II,0.9842,0.5238879385,0.600179061162,0.674997242
2026-07-09,Maine,Class II,0.4604,0.4214107095,0.495197021286,0.568246416
2026-07-09,Massachusetts,Class II,1e-4,0.3153279431411124,0.371673818709513,0.4287351767257234
2026-07-09,Michigan,Class II,0.4624,0.4200602235,0.49575470554,0.571640492
2026-07-09,Minnesota,Class II,0.2073,0.42173553994147,0.4739716202752908,0.5265115801750309
2026-07-09,Mississippi,Class II,0.9837,0.5219654615,0.596304771759,0.6696034305000002
2026-07-09,Montana,Class II,0.9406,0.495500133,0.571662562246,0.64681342
2026-07-09,Nebraska,Class II,0.9102,0.4890952515618038,0.5472549935470469,0.6055521124699313
2026-07-09,New Hampshire,Class II,0.1716,0.4215086663318088,0.471557194144639,0.5225011106219755
2026-07-09,New Jersey,Class II,0.0634,0.35498414149999996,0.430585021521,0.5056775485
2026-07-09,New Mexico,Class II,0.1011,0.367174158,0.442672632179,0.5164572059999999
2026-07-09,North Carolina,Class II,0.2516,0.42750111131971075,0.47911810344535094,0.5289783063653171
2026-07-09,Ohio,Class III,0.5991,0.45685170050730967,0.5074499535092911,0.5572276879357083
2026-07-09,Oklahoma,Class II,0.9921,0.542477819,0.622982047333,0.7006992494999998
2026-07-09,Oregon,Class II,0.0188,0.3293497235,0.404167550581,0.4782230629999999
2026-07-09,Rhode Island,Class II,0.0057,0.3117089725,0.386796752685,0.461260097
2026-07-09,South Carolina,Class II,0.9704,0.506999501414713,0.5551197692993737,0.60430777996374
2026-07-09,South Dakota,Class II,1,0.5893036562413783,0.6578540214394084,0.7264191776333477
2026-07-09,Tennessee,Class II,0.9992,0.570342065,0.643236440902,0.7159202805
2026-07-09,Texas,Class II,0.747,0.4707003150074856,0.519478497183817,0.56850949398068
2026-07-09,Virginia,Class II,0.0831,0.3615528615,0.436707621701,0.511356425
2026-07-09,West Virginia,Class II,1,0.6327526700000001,0.707315578489,0.7812122989999999
2026-07-09,Wyoming,Class II,0.9999,0.6137211495,0.696304924669,0.7770802799999997
2026-07-10,Alabama,Class II,0.9932,0.5421052574999999,0.617710504575,0.6945350035
2026-07-10,Alaska,Class II,0.9049,0.4893271467206755,0.5429146666797482,0.5969076394205967
2026-07-10,Arkansas,Class II,0.9967,0.5820936959999999,0.710201826239,0.8439211574999999
2026-07-10,Colorado,Class II,0.0527,0.349766733,0.424885308406,0.5013536154999999
2026-07-10,Delaware,Class II,0.0134,0.32392688049999996,0.398273112744,0.4733666124999999
2026-07-10,Florida,Class III,0.7475,0.4696001176291553,0.520539714269949,0.5710129075422335
2026-07-10,Georgia,Class II,0.2245,0.4208112585094936,0.4750917474343484,0.5301381093956034
2026-07-10,Idaho,Class II,1,0.6169670134774543,0.6837020004374695,0.7502513199947197
2026-07-10,Illinois,Class II,0.0773,0.3582923455,0.434770556109,0.511010815
2026-07-10,Iowa,Class II,0.7115,0.4641510529343623,0.5179809119851719,0.5707287613488022
2026-07-10,Kansas,Class II,0.9563,0.5034372225,0.576407812809,0.6481434785
2026-07-10,Kentucky,Class II,0.9939,0.542079143,0.617666055624,0.6954395720000001
2026-07-10,Louisiana,Class II,0.9847,0.5244136475,0.60004066355,0.6756215794999998
2026-07-10,Maine,Class II,0.4605,0.419743458,0.49542788087,0.570469641
2026-07-10,Massachusetts,Class II,0,0.31633057672188414,0.3720545499446804,0.4286031112304286
2026-07-10,Michigan,Class II,0.459,0.4210760545,0.495203139524,0.5692929559999999
2026-07-10,Minnesota,Class II,0.214,0.42136554182821095,0.4741937296374279,0.5274018101856212
2026-07-10,Mississippi,Class II,0.9831,0.522955942,0.59581317922200006,0.6701616414999999
2026-07-10,Montana,Class II,0.9376,0.494912715,0.570951262968,0.6468552965
2026-07-10,Nebraska,Class II,0.9014,0.4873982686272136,0.5457396572103966,0.603020621424732
2026-07-10,New Hampshire,Class II,0.1707,0.4204284205266052,0.47102181103440416,0.5212179080070262
2026-07-10,New Jersey,Class II,0.0623,0.35627108700000004,0.430030764821,0.504697691
2026-07-10,New Mexico,Class II,0.1062,0.3694204725,0.44353936709,0.5189662644999999
2026-07-10,North Carolina,Class II,0.2538,0.42711404524984214,0.4792262118682339,0.5308170892535481
2026-07-10,Ohio,Class III,0.5978,0.4565676275661235,0.5077017488594147,0.5586808361064365
2026-07-10,Oklahoma,Class II,0.995,0.5440092525,0.622664618514,0.6989179965
2026-07-10,Oregon,Class II,0.0187,0.328724012,0.403981217836,0.4789410509999999
2026-07-10,Rhode Island,Class II,0.0076,0.310311001,0.386689803906,0.4624180635
2026-07-10,South Carolina,Class II,0.965,0.5046491819975697,0.5540467897491965,0.602603730255919
2026-07-10,South Dakota,Class II,0.9999,0.5899004882998855,0.657462546554698,0.7258830118972239
2026-07-10,Tennessee,Class II,0.9993,0.569964392,0.642659420084,0.717808151
2026-07-10,Texas,Class II,0.7469,0.470001139024125,0.5201550091773767,0.5704974747446755
2026-07-10,Virginia,Class II,0.0767,0.361524242,0.435949510572,0.5097113699999999
2026-07-10,West Virginia,Class II,1,0.6311592429999999,0.70582903554,0.78065288
2026-07-10,Wyoming,Class II,1,0.611698852,0.695555894285,0.7746670764999999
2026-07-11,Alabama,Class II,0.993,0.5403128455,0.617781931195,0.6933626705
2026-07-11,Alaska,Class II,0.9043,0.4889024876778108,0.5431279142837622,0.59627755512388
2026-07-11,Arkansas,Class II,0.9968,0.5802259435000001,0.712221643096,0.8469747754999999
2026-07-11,Colorado,Class II,0.0488,0.3514516425,0.425347840202,0.49960183
2026-07-11,Delaware,Class II,0.0151,0.3216152665,0.398290336518,0.473274298
2026-07-11,Florida,Class III,0.7567,0.4713459909787968,0.5208840280393644,0.5710269181205943
2026-07-11,Georgia,Class II,0.2189,0.4208610660174481,0.4745129196147856,0.5282581610165662
2026-07-11,Idaho,Class II,1,0.6176339301313378,0.6839247972204763,0.7515009898527045
2026-07-11,Illinois,Class II,0.0746,0.3566116885,0.433876903569,0.508913992
2026-07-11,Iowa,Class II,0.7079,0.4644390163491579,0.5174966547358931,0.570609945385498
2026-07-11,Kansas,Class II,0.9579,0.5032866665,0.576192501475,0.6496464554999999
2026-07-11,Kentucky,Class II,0.9937,0.5421112650000001,0.61849277484,0.6943539515
2026-07-11,Louisiana,Class II,0.9836,0.523556802,0.599394379455,0.672633466
2026-07-11,Maine,Class II,0.4566,0.4206185975,0.495062819211,0.568999873
2026-07-11,Massachusetts,Class II,2e-4,0.3149081436627163,0.37218293586175993,0.4282619265694658
2026-07-11,Michigan,Class II,0.4624,0.4193530225,0.495343398044,0.5697350959999999
2026-07-11,Minnesota,Class II,0.2078,0.4219074774478202,0.47456846095303856,0.5281310970283473
2026-07-11,Mississippi,Class II,0.9842,0.5222742375,0.59701459969,0.670401105
2026-07-11,Montana,Class II,0.9359,0.4943929445,0.570703058531,0.645787882
2026-07-11,Nebraska,Class II,0.9117,0.48948056661638734,0.5476044421891308,0.6038841183282276
2026-07-11,New Hampshire,Class II,0.1647,0.4209768627002142,0.47080310126770714,0.5205940282474888
2026-07-11,New Jersey,Class II,0.0611,0.356273289,0.430365856412,0.504619025
2026-07-11,New Mexico,Class II,0.1065,0.368620011,0.44340760591,0.5174976299999999
2026-07-11,North Carolina,Class II,0.2444,0.4282408197565826,0.4790236351513932,0.5297730745989971
2026-07-11,Ohio,Class III,0.6005,0.45783139215727414,0.5080080730801911,0.558478105106773
2026-07-11,Oklahoma,Class II,0.9945,0.5428648014999999,0.623087213102,0.7001851835
2026-07-11,Oregon,Class II,0.0177,0.32870747549999996,0.40414516654,0.480187224
2026-07-11,Rhode Island,Class II,0.0062,0.31125629450000003,0.386318584358,0.4614962385
2026-07-11,South Carolina,Class II,0.969,0.5064980515787637,0.5553822460163722,0.6040574064919035
2026-07-11,South Dakota,Class II,1,0.5896989450594902,0.657132360654742,0.7250915532042453
2026-07-11,Tennessee,Class II,0.9989,0.5697629755,0.642634657635,0.717397944
2026-07-11,Texas,Class II,0.7472,0.4715233853730573,0.5199034671622885,0.5699562887514802
2026-07-11,Virginia,Class II,0.0838,0.3616072345,0.436524813872,0.511593638
2026-07-11,West Virginia,Class II,1,0.63148137,0.706334339956,0.7817014325
2026-07-11,Wyoming,Class II,0.9999,0.610586729,0.695253184666,0.7755446010000001
2026-07-12,Alabama,Class II,0.9941,0.5393418735,0.61700648065100006,0.6934162065
2026-07-12,Alaska,Class II,0.8988,0.4879755803650901,0.541979191487534,0.5956363600816678
2026-07-12,Arkansas,Class II,0.9958,0.577207026,0.709950442683,0.84913765
2026-07-12,Colorado,Class II,0.0472,0.34908581099999997,0.424424873216,0.49889829099999994
2026-07-12,Delaware,Class II,0.0126,0.32472595349999994,0.398630224973,0.4730144005
2026-07-12,Florida,Class III,0.7387,0.4689772037728828,0.5199054918178256,0.5705122811604904
2026-07-12,Georgia,Class II,0.2111,0.4204146978948251,0.47377085090448456,0.5274438241804003
2026-07-12,Idaho,Class II,1,0.6154035800323397,0.682770403889914,0.7492695155122685
2026-07-12,Illinois,Class II,0.0736,0.35592130150000006,0.433626957784,0.509090474
2026-07-12,Iowa,Class II,0.699,0.4639918142429372,0.5165168049983171,0.5698444443139314
2026-07-12,Kansas,Class II,0.9536,0.501627777,0.576210522443,0.6481897475
2026-07-12,Kentucky,Class II,0.9932,0.5396416519999999,0.617331511356,0.6937761905
2026-07-12,Louisiana,Class II,0.9829,0.522583318,0.597832183211,0.673049166
2026-07-12,Maine,Class II,0.4574,0.420151003,0.495014587495,0.570537729
2026-07-12,Massachusetts,Class II,2e-4,0.3145097900941033,0.37104495069828,0.4265665653875282
2026-07-12,Michigan,Class II,0.4572,0.418448863,0.494583403793,0.5703335785
2026-07-12,Minnesota,Class II,0.2033,0.4182723875583546,0.4729709182778393,0.5262969713950074
2026-07-12,Mississippi,Class II,0.9857,0.5236228374999999,0.596866900508,0.669734618
2026-07-12,Montana,Class II,0.9353,0.494309078,0.570300672204,0.6466932464999999
2026-07-12,Nebraska,Class II,0.9027,0.4869012877539272,0.545429208874866,0.6043593663954261
2026-07-12,New Hampshire,Class II,0.161,0.42004365052873993,0.47002976781383743,0.5201167721683537
2026-07-12,New Jersey,Class II,0.0609,0.354600189,0.429798925097,0.504558249
2026-07-12,New Mexico,Class II,0.1029,0.3674801585,0.442416212765,0.516681444
2026-07-12,North Carolina,Class II,0.2375,0.4254340429773756,0.47767211775129453,0.5298380877293584
2026-07-12,Ohio,Class III,0.5827,0.45533677117985394,0.5065128825475657,0.5571404869828336
2026-07-12,Oklahoma,Class II,0.9938,0.5436534755,0.621608601506,0.6980656989999998
2026-07-12,Oregon,Class II,0.0195,0.3275954035,0.40372711060100003,0.4792770585
2026-07-12,Rhode Island,Class II,0.0078,0.3108137725,0.386345771289,0.4627104545
2026-07-12,South Carolina,Class II,0.9614,0.5037973413290565,0.553851953585127,0.6034752180354165
2026-07-12,South Dakota,Class II,0.9999,0.5895542716149621,0.6568532484955312,0.725031810784753
2026-07-12,Tennessee,Class II,0.9984,0.569309692,0.642375069859,0.7158047625
2026-07-12,Texas,Class II,0.7329,0.46857771021853545,0.5185412411135444,0.567584550809738
2026-07-12,Virginia,Class II,0.0791,0.3610454785,0.436213361417,0.5109415104999999
2026-07-12,West Virginia,Class II,1,0.632302227,0.706494446589,0.7808930725
2026-07-12,Wyoming,Class II,1,0.61362413,0.695593384278,0.7756633225
2026-07-13,Alabama,Class II,0.9925,0.5395878195,0.617375960564,0.6931591275
2026-07-13,Alaska,Class II,0.9082,0.4887350079163345,0.5426302689762146,0.5946338045614772
2026-07-13,Arkansas,Class II,0.9947,0.5769261499999999,0.711357936348,0.8455816494999999
2026-07-13,Colorado,Class II,0.0449,0.347646766,0.424293061597,0.498274608
2026-07-13,Delaware,Class II,0.0126,0.32331556800000005,0.398457900534,0.472412211
2026-07-13,Florida,Class III,0.7506,0.47010231048288526,0.5204049892246316,0.5700262593205322
2026-07-13,Georgia,Class II,0.2201,0.4213703621114486,0.4747224333656926,0.5281932533306342
2026-07-13,Idaho,Class II,1,0.6163843118203588,0.6836686251167375,0.7499942203822239
2026-07-13,Illinois,Class II,0.0746,0.3574425829999999,0.43387826853,0.509667091
2026-07-13,Iowa,Class II,0.7031,0.4647460927602476,0.5174521658411982,0.5700461153350528
2026-07-13,Kansas,Class II,0.9556,0.5021974945000001,0.576198227169,0.6481238825
2026-07-13,Kentucky,Class II,0.9937,0.5416562945,0.617978397325,0.6945255869999998
2026-07-13,Louisiana,Class II,0.9831,0.5226808239999999,0.59837324281,0.673514776
2026-07-13,Maine,Class II,0.4415,0.418604722,0.493550892845,0.5667151834999999
2026-07-13,Massachusetts,Class II,2e-4,0.31706189151562214,0.3721585871123456,0.4278934480132563
2026-07-13,Michigan,Class II,0.4623,0.418933183,0.494875038851,0.5700685839999999
2026-07-13,Minnesota,Class II,0.2138,0.42076144302201735,0.4739491487077206,0.5269362936822128
2026-07-13,Mississippi,Class II,0.9817,0.5217694795000001,0.59618780535,0.6701450034999998
2026-07-13,Montana,Class II,0.937,0.4944683755,0.570536769527,0.6467791405000001
2026-07-13,Nebraska,Class II,0.9042,0.4884810366323158,0.5470371966255121,0.6052744603608541
2026-07-13,New Hampshire,Class II,0.17,0.4215217026158773,0.471222807682451,0.5204473143732751
2026-07-13,New Jersey,Class II,0.0632,0.352682395,0.430006506422,0.5051746844999999
2026-07-13,New Mexico,Class II,0.1088,0.368052882,0.443121049294,0.5179508035
2026-07-13,North Carolina,Class II,0.2392,0.4263769373340031,0.4781065636571173,0.5294879694470185
2026-07-13,Ohio,Class III,0.6028,0.4573939407527486,0.5078569796156602,0.5579621897982907
2026-07-13,Oklahoma,Class II,0.993,0.542399001,0.621790034353,0.698602229
2026-07-13,Oregon,Class II,0.0162,0.326079355,0.402647805948,0.477976929
2026-07-13,Rhode Island,Class II,0.0064,0.308943528,0.386478888854,0.4622151689999999
2026-07-13,South Carolina,Class II,0.9671,0.5059078195967345,0.5544431771546167,0.6029651410620606
2026-07-13,South Dakota,Class II,0.9999,0.5882784032968337,0.6575134091287488,0.7253882395108319
2026-07-13,Tennessee,Class II,0.9988,0.5688393209999999,0.642699108272,0.7163719005
2026-07-13,Texas,Class II,0.7411,0.47047073742843953,0.5196006445796605,0.5685398615727977
2026-07-13,Virginia,Class II,0.0834,0.3610354775,0.436458995332,0.512121238
2026-07-13,West Virginia,Class II,1,0.632198481,0.706549594889,0.7808672555
2026-07-13,Wyoming,Class II,0.9998,0.6099062095,0.695110904948,0.7764931835
2026-07-14,Alabama,Class II,0.9941,0.54129684,0.617922206098,0.6943322195
2026-07-14,Alaska,Class II,0.9059,0.4885702512778184,0.5430069825907606,0.5976627134690435
2026-07-14,Arkansas,Class II,0.9958,0.5754386440000001,0.708988350808,0.842810439
2026-07-14,Colorado,Class II,0.0491,0.3490790125,0.424181268877,0.499507117
2026-07-14,Delaware,Class II,0.0125,0.325177799,0.39827871432,0.4715685565
2026-07-14,Florida,Class III,0.7507,0.4699410296514915,0.5206847902571122,0.5713523037088598
2026-07-14,Georgia,Class II,0.216,0.42027134389161264,0.4743104611950488,0.5280240531819455
2026-07-14,Idaho,Class II,1,0.6170082407370697,0.6836411091685567,0.7493789070387487
2026-07-14,Illinois,Class II,0.074,0.3588770685,0.434738248188,0.508413618
2026-07-14,Iowa,Class II,0.7083,0.46533504185195473,0.5177524187265317,0.5700546762733296
2026-07-14,Kansas,Class II,0.9615,0.504798518,0.576855929514,0.648263809
2026-07-14,Kentucky,Class II,0.9946,0.54130442,0.617750874112,0.6944134245000001
2026-07-14,Louisiana,Class II,0.9828,0.5207065965,0.598860205403,0.6741965215000001
2026-07-14,Maine,Class II,0.4512,0.4205749385,0.494577438152,0.567454481
2026-07-14,Massachusetts,Class II,1e-4,0.3157783379511844,0.37194628216512665,0.4282542070106322
2026-07-14,Michigan,Class II,0.4549,0.4194913475,0.494322837123,0.5677628145
2026-07-14,Minnesota,Class II,0.2157,0.4203606900764134,0.4739712768053691,0.5268270432451542
2026-07-14,Mississippi,Class II,0.9831,0.5223816585000001,0.596177633897,0.66957265499999985
2026-07-14,Montana,Class II,0.938,0.494768969,0.570930473093,0.6460308579999999
2026-07-14,Nebraska,Class II,0.9117,0.4887017133506939,0.5477422675878788,0.605178891223252
2026-07-14,New Hampshire,Class II,0.172,0.42185952073193184,0.4713933354029169,0.5206363343872982
2026-07-14,New Jersey,Class II,0.0627,0.355398015,0.430328560102,0.5054024359999999
2026-07-14,New Mexico,Class II,0.1017,0.36808551,0.442810147705,0.5176797224999999
2026-07-14,North Carolina,Class II,0.2605,0.4292929446489311,0.4804489414639433,0.5311483547423747
2026-07-14,Ohio,Class III,0.6015,0.45755485040815014,0.5079864499931975,0.5584403840089439
2026-07-14,Oklahoma,Class II,0.993,0.5437429835,0.622187770414,0.6969013264999999
2026-07-14,Oregon,Class II,0.0168,0.32835506,0.403223076465,0.4785145085
2026-07-14,Rhode Island,Class II,0.0082,0.31103505249999996,0.386276520024,0.46110513549999993
2026-07-14,South Carolina,Class II,0.9712,0.5073671703377808,0.5553701579317258,0.603359268223678
2026-07-14,South Dakota,Class II,1,0.589903018086162,0.6577726209754033,0.7248688336235788
2026-07-14,Tennessee,Class II,0.9997,0.5679300325,0.642259358517,0.7148120295
2026-07-14,Texas,Class II,0.7551,0.4698680015084759,0.5200759834144546,0.5687268682056633
2026-07-14,Virginia,Class II,0.0763,0.362186756,0.436349742991,0.509303313
2026-07-14,West Virginia,Class II,1,0.63455919,0.707312841739,0.7817709144999999
2026-07-14,Wyoming,Class II,0.9997,0.6119697935,0.694885578802,0.7760394349999999
2026-07-15,Alabama,Class II,0.9935,0.5424518354999999,0.617594098404,0.69249805
2026-07-15,Alaska,Class II,0.9062,0.48885828166740425,0.5430047263255646,0.5968208801258107
2026-07-15,Arkansas,Class II,0.9958,0.58051242,0.713347042086,0.8495899755
2026-07-15,Colorado,Class II,0.0507,0.3504331705,0.424973952697,0.500196711
2026-07-15,Delaware,Class II,0.0129,0.3240636595,0.398235465187,0.47222772249999995
2026-07-15,Florida,Class III,0.7767,0.4732308286997715,0.5224763300647007,0.5711485615724464
2026-07-15,Georgia,Class II,0.2225,0.42339640507512594,0.4755942529223753,0.5282268698771609
2026-07-15,Idaho,Class II,1,0.6173579006320593,0.6836590367242368,0.7493552786878668
2026-07-15,Illinois,Class II,0.0768,0.3581826645,0.434733170576,0.5092380405
2026-07-15,Iowa,Class II,0.722,0.4661741587022252,0.5185866618938249,0.571070318097565
2026-07-15,Kansas,Class II,0.956,0.5027101335,0.57694259198,0.6493395775
2026-07-15,Kentucky,Class II,0.9921,0.5408901639999999,0.618111407852,0.6936265045
2026-07-15,Louisiana,Class II,0.983,0.5236895909999999,0.599399262435,0.675720678
2026-07-15,Maine,Class II,0.4623,0.4226971815,0.496097450803,0.570183173
2026-07-15,Massachusetts,Class II,3e-4,0.31694554309984996,0.3726112711015803,0.42838785858433853
2026-07-15,Michigan,Class II,0.4573,0.418958556,0.494929328191,0.56944712
2026-07-15,Minnesota,Class II,0.2192,0.4220638368211842,0.47516950066386154,0.528116007586314
2026-07-15,Mississippi,Class II,0.9858,0.5246010360000001,0.596751469874,0.6706482014999999
2026-07-15,Montana,Class II,0.9441,0.497772209,0.571828092279,0.645921117
2026-07-15,Nebraska,Class II,0.9151,0.49057525181233214,0.5482947555177334,0.606443784028618
2026-07-15,New Hampshire,Class II,0.1821,0.4223787085218663,0.47244391442998074,0.5216830318412328
2026-07-15,New Jersey,Class II,0.0614,0.3554988755,0.429426906425,0.5046863799999999
2026-07-15,New Mexico,Class II,0.1053,0.36809657000000007,0.443409896988,0.5193383635
2026-07-15,North Carolina,Class II,0.258,0.43050289481625326,0.48034286090436035,0.5308206414135077
2026-07-15,Ohio,Class III,0.6141,0.45817148909236743,0.5084299147522319,0.5587983119382618
2026-07-15,Oklahoma,Class II,0.9951,0.5449044785000001,0.622659062734,0.6993929795
2026-07-15,Oregon,Class II,0.0171,0.32949372000000005,0.404118787186,0.47860690399999994
2026-07-15,Rhode Island,Class II,0.0077,0.31339928300000003,0.387486469279,0.461378893
2026-07-15,South Carolina,Class II,0.9724,0.5078921955385044,0.5559529865989901,0.6040468126290506
2026-07-15,South Dakota,Class II,0.9998,0.5910141409634381,0.6573900724992571,0.7243836663644657
2026-07-15,Tennessee,Class II,0.9998,0.5699819604999999,0.64280128037,0.716694513
2026-07-15,Texas,Class II,0.7523,0.4720523582557584,0.5201336615973108,0.5683136168884778
2026-07-15,Virginia,Class II,0.0801,0.361627003,0.436209814822,0.5114428329999999
2026-07-15,West Virginia,Class II,1,0.6323727105,0.70757673888,0.7822068849999999
2026-07-15,Wyoming,Class II,1,0.6148137360000001,0.696407711834,0.7761540639999998
2026-07-16,Alabama,Class II,0.9944,0.5427505754999999,0.619990547834,0.6952858209999999
2026-07-16,Alaska,Class II,0.9178,0.4915155037667509,0.5451623779826253,0.598707132619255
2026-07-16,Arkansas,Class II,0.9964,0.581052065,0.709764402649,0.8444618479999997
2026-07-16,Colorado,Class II,0.0564,0.352077803,0.428511081572,0.5022449595
2026-07-16,Delaware,Class II,0.0172,0.325606003,0.401740886401,0.476104442
2026-07-16,Florida,Class III,0.7769,0.473149409114431,0.5229085251188502,0.5721537002434041
2026-07-16,Georgia,Class II,0.2366,0.423920056347941,0.4769271625405084,0.530533184757359
2026-07-16,Idaho,Class II,1,0.6210142156053144,0.6865473972896938,0.7532295876948788
2026-07-16,Illinois,Class II,0.0914,0.3607466915,0.437578616459,0.5143096025
2026-07-16,Iowa,Class II,0.7356,0.4666249224455423,0.5197175502053636,0.5721131030711305
2026-07-16,Kansas,Class II,0.9603,0.5050251124999999,0.579377663256,0.6531920645000001
2026-07-16,Kentucky,Class II,0.994,0.5438722855,0.620776222684,0.6955273685
2026-07-16,Louisiana,Class II,0.9855,0.5264281544999999,0.602079995252,0.6779110499999998
2026-07-16,Maine,Class II,0.4863,0.4238221435,0.49825610824,0.572484249
2026-07-16,Massachusetts,Class II,1e-4,0.317391900722836,0.3738363992126413,0.4299707459849841
2026-07-16,Michigan,Class II,0.4767,0.4209809595,0.497345577524,0.57296626
2026-07-16,Minnesota,Class II,0.226,0.4231360760171726,0.47644875749071586,0.5295943006699178
2026-07-16,Mississippi,Class II,0.9883,0.527382755,0.599830637912,0.6726663275
2026-07-16,Montana,Class II,0.9467,0.4983613085,0.574097334001,0.650077208
2026-07-16,Nebraska,Class II,0.9141,0.49078199840852654,0.5485254457389742,0.6058989226923093
2026-07-16,New Hampshire,Class II,0.1944,0.4239036240174511,0.47356261482408185,0.5226952216350529
2026-07-16,New Jersey,Class II,0.0662,0.3585914745,0.43309436449,0.5064974825
2026-07-16,New Mexico,Class II,0.123,0.370819977,0.446507985469,0.5216743715
2026-07-16,North Carolina,Class II,0.2793,0.4313217800130635,0.48219104451311273,0.5329300646304824
2026-07-16,Ohio,Class III,0.6338,0.459669561283258,0.5099854276817044,0.5600768461156158
2026-07-16,Oklahoma,Class II,0.9941,0.5474154775,0.624325231596,0.7004193689999999
2026-07-16,Oregon,Class II,0.0229,0.3313487115,0.407463382177,0.484278511
2026-07-16,Rhode Island,Class II,0.0067,0.3150286375,0.388860803277,0.463374795
2026-07-16,South Carolina,Class II,0.9732,0.508489252021512,0.5568900468033359,0.6051659535373004
2026-07-16,South Dakota,Class II,1,0.5917252617828677,0.6605875115266107,0.7276734391746976
2026-07-16,Tennessee,Class II,0.9995,0.5727329569999999,0.64635849434,0.7197414015
2026-07-16,Texas,Class II,0.7667,0.4725078434994242,0.5218349905217957,0.5696417056915211
2026-07-16,Virginia,Class II,0.0952,0.365068182,0.439843167062,0.5168387725
2026-07-16,West Virginia,Class II,1,0.6361587814999999,0.709649298423,0.78345999
2026-07-16,Wyoming,Class II,0.9999,0.6153775535000001,0.698157674283,0.7770334114999998
2026-07-17,Alabama,Class II,0.9946,0.541081721,0.61848998708,0.6945046939999999
2026-07-17,Alaska,Class II,0.906,0.4897371456348115,0.5429671907424878,0.5966145629067983
2026-07-17,Arkansas,Class II,0.996,0.5811942680000001,0.711260200015,0.8462988844999995
2026-07-17,Colorado,Class II,0.0525,0.35051774700000005,0.425436914632,0.500958318
2026-07-17,Delaware,Class II,0.0135,0.32433769749999997,0.3987839052,0.4743107805
2026-07-17,Florida,Class III,0.8355,0.4784478995310338,0.5299130151392688,0.5800091587389786
2026-07-17,Georgia,Class II,0.225,0.4217375780658814,0.47550052152924166,0.5290879376704122
2026-07-17,Idaho,Class II,1,0.618630762855639,0.6846461497460726,0.7520033976781945
2026-07-17,Illinois,Class II,0.0764,0.3582370965,0.43507482578,0.5096580984999999
2026-07-17,Iowa,Class II,0.7197,0.4658845069582034,0.5185310751221677,0.5709932675874533
2026-07-17,Kansas,Class II,0.9603,0.504972859,0.577105866216,0.6492726555
2026-07-17,Kentucky,Class II,0.9948,0.54270798,0.61847620079,0.6948677810000001
2026-07-17,Louisiana,Class II,0.984,0.523172968,0.5996476585,0.6771709794999999
2026-07-17,Maine,Class II,0.4657,0.42233314,0.496091221659,0.5694218385
2026-07-17,Massachusetts,Class II,0,0.3166604094777161,0.3723288260789273,0.4282767576550537
2026-07-17,Michigan,Class II,0.4555,0.4211377905,0.494923997877,0.56923294
2026-07-17,Minnesota,Class II,0.2202,0.42086554720764946,0.4750353015680852,0.5279775951501418
2026-07-17,Mississippi,Class II,0.9853,0.5227315440000001,0.597159267833,0.6719492095
2026-07-17,Montana,Class II,0.9423,0.49626537,0.57108587516,0.6456361464999999
2026-07-17,Nebraska,Class II,0.9131,0.49062565334160607,0.5479147209265046,0.6055330788940845
2026-07-17,New Hampshire,Class II,0.176,0.4231104208348491,0.4719266305363121,0.5218647180001021
2026-07-17,New Jersey,Class II,0.0626,0.3560598065,0.431048574737,0.5055020044999999
2026-07-17,New Mexico,Class II,0.1087,0.36874311549999994,0.44459079751,0.519288765
2026-07-17,North Carolina,Class II,0.269,0.43063501628903794,0.4808120958570172,0.5302725219277641
2026-07-17,Ohio,Class III,0.6096,0.4592838108645914,0.5088357703760137,0.5594836807389449
2026-07-17,Oklahoma,Class II,0.9941,0.5455429475,0.62261477561,0.698591855
2026-07-17,Oregon,Class II,0.0171,0.33047415449999995,0.404498717278,0.4799058175
2026-07-17,Rhode Island,Class II,0.0081,0.3122544345,0.387521043201,0.4625154785
2026-07-17,South Carolina,Class II,0.9723,0.5082341007839174,0.5564722474751116,0.6047434218201138
2026-07-17,South Dakota,Class II,0.9999,0.590941617142802,0.6583219990564174,0.7252140078373349
2026-07-17,Tennessee,Class II,0.9991,0.5699149815,0.643468539151,0.7171538239999999
2026-07-17,Texas,Class II,0.7528,0.47169439463611074,0.5206296600583016,0.5696586482409804
2026-07-17,Virginia,Class II,0.0829,0.3623220155,0.437132788727,0.5123761265
2026-07-17,West Virginia,Class II,1,0.632680562,0.707098335429,0.7821768429999999
2026-07-17,Wyoming,Class II,0.9999,0.61357624,0.696064682195,0.7760910939999999
2026-07-18,Alabama,Class II,0.9936,0.540648184,0.617109454313,0.6931972255
2026-07-18,Alaska,Class II,0.9101,0.48987002719692824,0.5434121395990175,0.5978243598800788
2026-07-18,Arkansas,Class II,0.9966,0.581478012,0.71250967922,0.8416373899999998
2026-07-18,Colorado,Class II,0.0505,0.35009024699999997,0.424739219226,0.5002005064999998
2026-07-18,Delaware,Class II,0.0151,0.324806593,0.398124197119,0.47279227049999994
2026-07-18,Florida,Class III,0.7707,0.4720838537682588,0.522295919812914,0.571142008900654
2026-07-18,Georgia,Class II,0.2289,0.42348435520167615,0.4759133096034277,0.5279224950644691
2026-07-18,Idaho,Class II,1,0.6183430470468673,0.6842943741244936,0.7494138830456024
2026-07-18,Illinois,Class II,0.078,0.357585248,0.434055875673,0.510415657
2026-07-18,Iowa,Class II,0.7068,0.4651192307004907,0.5171173205901072,0.5686373454804394
2026-07-18,Kansas,Class II,0.9594,0.504225847,0.57720160177,0.6519759125
2026-07-18,Kentucky,Class II,0.9939,0.5405086135,0.617508598493,0.6943664154999999
2026-07-18,Louisiana,Class II,0.9841,0.5244668969999999,0.599210897933,0.675760242
2026-07-18,Maine,Class II,0.453,0.421579613,0.4948897319,0.569546562
2026-07-18,Massachusetts,Class II,0,0.31611628559202964,0.3721312151165567,0.4279868380850611
2026-07-18,Michigan,Class II,0.4526,0.416989716,0.494181214639,0.5693340635
2026-07-18,Minnesota,Class II,0.2134,0.4216752483507053,0.4741399213194763,0.5265649859846632
2026-07-18,Mississippi,Class II,0.9849,0.5237354380000002,0.59616468872,0.6703070799999999
2026-07-18,Montana,Class II,0.9352,0.494020978,0.570236029732,0.6466875270000001
2026-07-18,Nebraska,Class II,0.9132,0.4906028255912653,0.5479559883224292,0.6060436966865453
2026-07-18,New Hampshire,Class II,0.1733,0.422816264456753,0.4716899966291381,0.5219133622365209
2026-07-18,New Jersey,Class II,0.0608,0.35719100000000004,0.430642294877,0.5048266684999999
2026-07-18,New Mexico,Class II,0.1124,0.37049941650000007,0.444223076963,0.518777485
2026-07-18,North Carolina,Class II,0.2512,0.43101041553946134,0.48009447656247306,0.5299128471405173
2026-07-18,Ohio,Class III,0.6066,0.4584862010127108,0.5082012285479567,0.5580711778729697
2026-07-18,Oklahoma,Class II,0.9944,0.541939845,0.620967674303,0.6981785975
2026-07-18,Oregon,Class II,0.0163,0.3289465675,0.404209197802,0.4783033255
2026-07-18,Rhode Island,Class II,0.0071,0.30907124649999995,0.385271903508,0.4613098315
2026-07-18,South Carolina,Class II,0.9708,0.5073940771378305,0.5556421352024444,0.6038013422840416
2026-07-18,South Dakota,Class II,1,0.5918295265158575,0.659063940099595,0.7267043762536969
2026-07-18,Tennessee,Class II,0.9988,0.5709892495,0.64279400856,0.715418111
2026-07-18,Texas,Class II,0.7499,0.4708546966264064,0.5198081697188487,0.5682641403086669
2026-07-18,Virginia,Class II,0.0837,0.3613656485,0.436183505863,0.5114730064999999
2026-07-18,West Virginia,Class II,1,0.6328818,0.707581665082,0.7811484475
2026-07-18,Wyoming,Class II,0.9999,0.6126533925000001,0.694997288387,0.7765054220000001
2026-07-19,Alabama,Class II,0.9942,0.5411762145,0.618631967893,0.692904495
2026-07-19,Alaska,Class II,0.9131,0.49031622926251134,0.5438190692757463,0.5976760899014075
2026-07-19,Arkansas,Class II,0.9961,0.5812258399999999,0.712994670475,0.8460555804999998
2026-07-19,Colorado,Class II,0.0533,0.352084214,0.426496167779,0.5013297715
2026-07-19,Delaware,Class II,0.015,0.326682971,0.400366692692,0.4754418625
2026-07-19,Florida,Class III,0.7768,0.4725699904157695,0.5225434051116836,0.5709572937935989
2026-07-19,Georgia,Class II,0.2234,0.42241355572525097,0.47537222509659144,0.5287305180476249
2026-07-19,Idaho,Class II,1,0.6187338757612914,0.6848343668749121,0.751876470669182
2026-07-19,Illinois,Class II,0.0801,0.3605711395,0.436118534567,0.5105918575
2026-07-19,Iowa,Class II,0.7202,0.4653380873793073,0.5184197572081538,0.5704465763232927
2026-07-19,Kansas,Class II,0.9594,0.50429225,0.577383135695,0.6491737869999998
2026-07-19,Kentucky,Class II,0.9924,0.542407929,0.6198089756,0.6958827
2026-07-19,Louisiana,Class II,0.9849,0.52469363,0.600928343648,0.6767121345
2026-07-19,Maine,Class II,0.4578,0.4208832195,0.495005192339,0.5696319619999999
2026-07-19,Massachusetts,Class II,5e-4,0.31678358373752613,0.3719992511520117,0.4272386269420555
2026-07-19,Michigan,Class II,0.4593,0.4208823145,0.495349417405,0.569808732
2026-07-19,Minnesota,Class II,0.2152,0.42185815460689186,0.4751232602050843,0.5272379769348172
2026-07-19,Mississippi,Class II,0.9863,0.5245394170000001,0.598013996606,0.671855136
2026-07-19,Montana,Class II,0.946,0.4981511945,0.573025591904,0.647087498
2026-07-19,Nebraska,Class II,0.9049,0.48751106790335874,0.5472341111201047,0.6057904063221231
2026-07-19,New Hampshire,Class II,0.1751,0.42187406707894193,0.47188499874315193,0.5207423303223714
2026-07-19,New Jersey,Class II,0.0687,0.3582061669999999,0.431986815738,0.5065169589999999
2026-07-19,New Mexico,Class II,0.113,0.3692221245,0.444754390898,0.519133679
2026-07-19,North Carolina,Class II,0.2577,0.431387303135226,0.4805976546251648,0.5296741502696847
2026-07-19,Ohio,Class III,0.6141,0.4577388054505932,0.508388712073799,0.5584791759950007
2026-07-19,Oklahoma,Class II,0.9948,0.5459875125,0.623562488616,0.6994712175
2026-07-19,Oregon,Class II,0.0196,0.32908523050000005,0.404866495629,0.48100366049999993
2026-07-19,Rhode Island,Class II,0.0063,0.312230999,0.387697155474,0.462958384
2026-07-19,South Carolina,Class II,0.9699,0.507222162438633,0.5557530501252494,0.6042441739755972
2026-07-19,South Dakota,Class II,0.9999,0.5916326596754344,0.6588316620774124,0.7268781289198698
2026-07-19,Tennessee,Class II,0.9992,0.570513448,0.643937570354,0.7157375374999999
2026-07-19,Texas,Class II,0.7646,0.4720806926899459,0.520651115092175,0.5685564046637936
2026-07-19,Virginia,Class II,0.0824,0.3656049885,0.437839155469,0.5120572265
2026-07-19,West Virginia,Class II,1,0.6337420439999999,0.708137973432,0.7836981945
2026-07-19,Wyoming,Class II,0.9999,0.612128926,0.695692251863,0.776481103
2026-07-20,Alabama,Class II,0.9944,0.5431033749999999,0.618885852138,0.6945089919999999
2026-07-20,Alaska,Class II,0.9081,0.4902510264773469,0.543619925357196,0.5968875380858144
2026-07-20,Arkansas,Class II,0.9961,0.5810337735000001,0.710704730772,0.847170938
2026-07-20,Colorado,Class II,0.0517,0.3521818095,0.426395930211,0.5009284089999999
2026-07-20,Delaware,Class II,0.0147,0.3258236255,0.400306275564,0.4757089475
2026-07-20,Florida,Class III,0.8942,0.4879025419549537,0.5404701979995793,0.5925021661828102
2026-07-20,Georgia,Class II,0.2306,0.4237220411044059,0.47635133084978215,0.5307816075474886
2026-07-20,Idaho,Class II,1,0.6185949280505197,0.6850521028391373,0.7528131054138693
2026-07-20,Illinois,Class II,0.0773,0.3594358185,0.435829424398,0.5097353545000001
2026-07-20,Iowa,Class II,0.7301,0.4675942389868872,0.5193921562816971,0.5713976038022088
2026-07-20,Kansas,Class II,0.9596,0.5049749159999999,0.576995109938,0.6495086769999999
2026-07-20,Kentucky,Class II,0.9935,0.5433680715,0.619336434873,0.6965141295
2026-07-20,Louisiana,Class II,0.9858,0.5251226375,0.600631136879,0.6770691529999999
2026-07-20,Maine,Class II,0.4619,0.42258417,0.496125386276,0.5681090120000001
2026-07-20,Massachusetts,Class II,0,0.3169240025699267,0.37323600502043935,0.4288693582211073
2026-07-20,Michigan,Class II,0.4707,0.421999506,0.496212391497,0.5714075489999999
2026-07-20,Minnesota,Class II,0.2167,0.4241866147352453,0.4754405238997434,0.5274635512035601
2026-07-20,Mississippi,Class II,0.9852,0.5249408379999999,0.597387759875,0.668208943
2026-07-20,Montana,Class II,0.9391,0.49594108,0.571901687622,0.6470543965000001
2026-07-20,Nebraska,Class II,0.9138,0.4895287278565603,0.5483099062560461,0.6064615219718478
2026-07-20,New Hampshire,Class II,0.1772,0.42416076031414746,0.4728470706018438,0.5216182220149045
2026-07-20,New Jersey,Class II,0.0681,0.357558838,0.431246945413,0.507385374
2026-07-20,New Mexico,Class II,0.1093,0.36931855,0.44435296832,0.5190519295
2026-07-20,North Carolina,Class II,0.2619,0.4306362471680822,0.48087771661905554,0.5321849097556844
2026-07-20,Ohio,Class III,0.6226,0.4593391406415571,0.5094974961547352,0.5593919489158038
2026-07-20,Oklahoma,Class II,0.9938,0.5450718105000001,0.623351246777,0.7011827545
2026-07-20,Oregon,Class II,0.0187,0.332438579,0.405948712595,0.47964814799999994
2026-07-20,Rhode Island,Class II,0.0072,0.31213202450000005,0.387989675528,0.46341046
2026-07-20,South Carolina,Class II,0.9739,0.5089273372058644,0.5567312004442255,0.6055272729553968
2026-07-20,South Dakota,Class II,0.9999,0.5908131219174703,0.6586633179079956,0.7260660357942454
2026-07-20,Tennessee,Class II,0.9994,0.5696467175000001,0.644410209971,0.7182971829999999
2026-07-20,Texas,Class II,0.7602,0.4727794541191697,0.5212155335403996,0.5701840320483036
2026-07-20,Virginia,Class II,0.0861,0.36245518549999994,0.437837096931,0.5132847564999999
2026-07-20,West Virginia,Class II,0.9999,0.636004974,0.708498454604,0.7824805115
2026-07-20,Wyoming,Class II,0.9998,0.6141157835000001,0.696958340519,0.7789535174999999
2026-07-21,Alabama,Class II,0.9947,0.5426478005,0.618308886863,0.6949928514999999
2026-07-21,Alaska,Class II,0.9025,0.4882885984952456,0.5424994328915288,0.5963424075247691
2026-07-21,Arkansas,Class II,0.9965,0.580828835,0.71173937635,0.847692884
2026-07-21,Colorado,Class II,0.0479,0.350748883,0.425807094328,0.4989997405
2026-07-21,Delaware,Class II,0.0156,0.32372661,0.398146624523,0.474093034
2026-07-21,Florida,Class III,0.8897,0.4866332045064451,0.5396465229381595,0.5931684618023525
2026-07-21,Georgia,Class II,0.2162,0.4221497767279904,0.475060844199154,0.5275474603961054
2026-07-21,Idaho,Class II,1,0.6187314028129506,0.685439350152562,0.7526646478826691
2026-07-21,Illinois,Class II,0.0793,0.35819323150000004,0.435285615633,0.511158305
2026-07-21,Iowa,Class II,0.7156,0.46667637320848854,0.5183885194488441,0.569772502543819
2026-07-21,Kansas,Class II,0.9581,0.5037792945,0.577243049185,0.6492998329999999
2026-07-21,Kentucky,Class II,0.9954,0.5429132225,0.618664422231,0.6938358285
2026-07-21,Louisiana,Class II,0.9824,0.5210385670000001,0.599191251536,0.6748824889999999
2026-07-21,Maine,Class II,0.4606,0.4222572205,0.495134900177,0.5683391655
2026-07-21,Massachusetts,Class II,1e-4,0.315921862690122,0.3719754180292538,0.4290587255416147
2026-07-21,Michigan,Class II,0.4621,0.4199614245,0.495858368734,0.5699865595
2026-07-21,Minnesota,Class II,0.2062,0.42220993789371886,0.4742910586435138,0.5269980228622425
2026-07-21,Mississippi,Class II,0.9837,0.5232992895,0.597161710125,0.6715050865
2026-07-21,Montana,Class II,0.9411,0.49631358800000003,0.571393373311,0.64657764
2026-07-21,Nebraska,Class II,0.9128,0.489248467083784,0.5475762171004728,0.6040779835646704
2026-07-21,New Hampshire,Class II,0.1711,0.4222244490296784,0.4717661064444483,0.521643634245392
2026-07-21,New Jersey,Class II,0.0625,0.3558647235,0.430878202918,0.5051541805
2026-07-21,New Mexico,Class II,0.1018,0.3692893745,0.443186108336,0.5174464419999999
2026-07-21,North Carolina,Class II,0.2581,0.4297086194520002,0.479887595281716,0.5298193116552476
2026-07-21,Ohio,Class III,0.6128,0.4586443269569657,0.5086162629235081,0.5583034568402107
2026-07-21,Oklahoma,Class II,0.9942,0.5448001375,0.623512063525,0.7002398899999999
2026-07-21,Oregon,Class II,0.0178,0.3284166665,0.404923868613,0.4806185
2026-07-21,Rhode Island,Class II,0.0077,0.3116232175,0.38719252458,0.462189052
2026-07-21,South Carolina,Class II,0.9699,0.5076447995011752,0.5557091634960307,0.6032962569235667
2026-07-21,South Dakota,Class II,0.9999,0.589727435793325,0.658547668726195,0.7269450784072008
2026-07-21,Tennessee,Class II,0.9994,0.5695635425000001,0.642922156799,0.7164831545
2026-07-21,Texas,Class II,0.7459,0.47160638478570166,0.5195761738944297,0.5689591119566841
2026-07-21,Virginia,Class II,0.0782,0.36243025,0.436352889519,0.5106809269999999
2026-07-21,West Virginia,Class II,1,0.6330387110000001,0.706475193907,0.7800622494999999
2026-07-21,Wyoming,Class II,0.9998,0.613370373,0.695441576896,0.7761201794999999
2026-07-22,Alabama,Class II,0.9934,0.5418909369999999,0.619019042571,0.6951619795
2026-07-22,Alaska,Class II,0.9126,0.4900505733288345,0.5436571361063643,0.5967365997349384
2026-07-22,Arkansas,Class II,0.9964,0.5820548834999999,0.711719718684,0.8447635709999999
2026-07-22,Colorado,Class II,0.053900000000000003,0.34900722200000006,0.425849913359,0.5019894175
2026-07-22,Delaware,Class II,0.0151,0.3252607005,0.399962339679,0.4740466004999999
2026-07-22,Florida,Class III,0.8941,0.4861276159985185,0.5401437540840636,0.5939914210207464
2026-07-22,Georgia,Class II,0.2314,0.4224899188645462,0.4761439552103671,0.5296375088378108
2026-07-22,Idaho,Class II,1,0.6186900588197437,0.6854914385346469,0.7523238968888792
2026-07-22,Illinois,Class II,0.0829,0.3589649665,0.435461754488,0.5109359824999999
2026-07-22,Iowa,Class II,0.7238,0.4655607940850794,0.5189509286479517,0.5709808944365057
2026-07-22,Kansas,Class II,0.9583,0.503990045,0.577463674858,0.650239259
2026-07-22,Kentucky,Class II,0.9949,0.5437895105,0.619598034492,0.6961284069999999
2026-07-22,Louisiana,Class II,0.986,0.5244800845,0.600370062201,0.6748716224999999
2026-07-22,Maine,Class II,0.3326,0.44006321324739583,0.48743430269181987,0.5361382954211154
2026-07-22,Massachusetts,Class II,1e-4,0.31569616419653457,0.37274044732597833,0.4301695288622711
2026-07-22,Michigan,Class II,0.4729,0.4216826315,0.496994383748,0.5706028215
2026-07-22,Minnesota,Class II,0.2151,0.4230608591639124,0.4749025057983485,0.5265694389212515
2026-07-22,Mississippi,Class II,0.9859,0.5241313464999999,0.597450816998,0.6705075684999999
2026-07-22,Montana,Class II,0.9454,0.4978487814999999,0.573056132518,0.6475014454999999
2026-07-22,Nebraska,Class II,0.9154,0.49007231336964285,0.5486749324665785,0.6057811467244296
2026-07-22,New Hampshire,Class II,0.1778,0.4235444610801084,0.47258565912026473,0.5211958097814756
2026-07-22,New Jersey,Class II,0.0621,0.3568999195,0.43159951698,0.5048820414999998
2026-07-22,New Mexico,Class II,0.1129,0.3695448575,0.444733257773,0.5204710204999999
2026-07-22,North Carolina,Class II,0.2622,0.4295532626966595,0.4806803223581509,0.5303301032066539
2026-07-22,Ohio,Class III,0.6233,0.45820893770450943,0.5095844105527704,0.5605085136186845
2026-07-22,Oklahoma,Class II,0.9945,0.5452438920000001,0.624132659309,0.700840149
2026-07-22,Oregon,Class II,0.0193,0.3303516035,0.405044115389,0.479373368
2026-07-22,Rhode Island,Class II,0.0062,0.31364475000000003,0.388427183388,0.4604089285
2026-07-22,South Carolina,Class II,0.9708,0.5074439474269841,0.556835679940583,0.6057474126474477
2026-07-22,South Dakota,Class II,0.9998,0.5923972819237144,0.6593946075196934,0.7276306296648636
2026-07-22,Tennessee,Class II,0.9993,0.5716556465,0.644793808093,0.717584359
2026-07-22,Texas,Class II,0.7635,0.4713159400547713,0.5214904334017648,0.5714501853980196
2026-07-22,Virginia,Class II,0.0827,0.361644049,0.437489534028,0.51120031
2026-07-22,West Virginia,Class II,1,0.6350662165,0.708657483735,0.7823684555
2026-07-22,Wyoming,Class II,1,0.614833264,0.697454121767,0.7784853199999999
2026-07-23,Alabama,Class II,0.9923,0.539194403,0.615414197258,0.6941427215
2026-07-23,Alaska,Class II,0.8905,0.4856719090631939,0.5398017268723603,0.5943323266670726
2026-07-23,Arkansas,Class II,0.9956,0.5728620315,0.707997723417,0.8456487225
2026-07-23,Colorado,Class II,0.0443,0.3491221045,0.422923182656,0.4971703624999999
2026-07-23,Delaware,Class II,0.011,0.3204745385,0.396144112723,0.4704731575
2026-07-23,Florida,Class III,0.8641,0.4820420994623078,0.535823409901086,0.5900305557646317
2026-07-23,Georgia,Class II,0.1831,0.4192149383798052,0.4714048274833531,0.5241493521782221
2026-07-23,Idaho,Class II,1,0.6153909601721381,0.6811559765973467,0.7477402940953498
2026-07-23,Illinois,Class II,0.074,0.3564435575,0.432420369026,0.509396544
2026-07-23,Iowa,Class II,0.6782,0.4618614936627416,0.5148547191968803,0.5682110887578979
2026-07-23,Kansas,Class II,0.9512,0.5004511724999999,0.57447698264,0.6471248645
2026-07-23,Kentucky,Class II,0.9909,0.538598098,0.616528805562,0.694232146
2026-07-23,Louisiana,Class II,0.9794,0.5208970875,0.597378193858,0.6740931265
2026-07-23,Maine,Class II,0.288,0.43577199026517704,0.48361224814181014,0.5307705380972509
2026-07-23,Massachusetts,Class II,1e-4,0.31298916818227224,0.3693635185584918,0.4255010985986147
2026-07-23,Michigan,Class II,0.4422,0.41721097050000006,0.493405032272,0.5676599104999999
2026-07-23,Minnesota,Class II,0.1836,0.41832100686975393,0.4710338713479917,0.5243981987537073
2026-07-23,Mississippi,Class II,0.9804,0.519541862,0.594526711563,0.668009215
2026-07-23,Montana,Class II,0.9278,0.4918496265,0.568995354693,0.6451265115
2026-07-23,Nebraska,Class II,0.8953,0.4870086183391554,0.5439455622558977,0.601237985086784
2026-07-23,New Hampshire,Class II,0.1453,0.418834678703771,0.46851097013129095,0.5171621908810626
2026-07-23,New Jersey,Class II,0.0564,0.352803898,0.428528440186,0.5027102299999999
2026-07-23,New Mexico,Class II,0.0986,0.3669388875,0.441674236593,0.516375225
2026-07-23,North Carolina,Class II,0.2197,0.4262192610192784,0.4764872388381259,0.526435959916022
2026-07-23,Ohio,Class III,0.5646,0.4540207352976667,0.5047389271521109,0.5546385147519487
2026-07-23,Oklahoma,Class II,0.9927,0.540342979,0.620639452078,0.6986485259999998
2026-07-23,Oregon,Class II,0.0153,0.3262645960000001,0.4019019889,0.4781810295
2026-07-23,Rhode Island,Class II,0.0068,0.30654242950000005,0.383976399675,0.45942845949999994
2026-07-23,South Carolina,Class II,0.9624,0.5038997310467945,0.5524106649672023,0.6007757474045653
2026-07-23,South Dakota,Class II,1,0.5890416078733709,0.6565706757009911,0.724898629401535
2026-07-23,Tennessee,Class II,0.9994,0.566850931,0.641252272872,0.715869522
2026-07-23,Texas,Class II,0.7045,0.4676780722184364,0.5161628503833032,0.5653051457475012
2026-07-23,Virginia,Class II,0.0757,0.3581610345,0.434201644526,0.5087710785
2026-07-23,West Virginia,Class II,1,0.6304340375,0.705369080832,0.7791339820000001
2026-07-23,Wyoming,Class II,0.9999,0.6119695005,0.693735558521,0.7745010994999999
2026-07-24,Alabama,Class II,0.9934,0.536631465,0.614227357351,0.6903683599999999
2026-07-24,Alaska,Class II,0.8727,0.4840914925646482,0.5367834250061798,0.5907084377204996
2026-07-24,Arkansas,Class II,0.9946,0.5746570400000001,0.707021679076,0.8378914424999999
2026-07-24,Colorado,Class II,0.0395,0.3462565895,0.420116323701,0.495399674
2026-07-24,Colorado,Class II,0.0395,0.3462565895,0.420116323701,0.495399674
2026-07-24,Delaware,Class II,0.011,0.319554572,0.39463665859,0.47038530049999994
2026-07-24,Florida,Class III,0.8451,0.4807341116501231,0.5326740582506815,0.5844488285559906
2026-07-24,Georgia,Class II,0.0954,0.410770443673052,0.4600843550507608,0.509621336498891
2026-07-24,Georgia,Class II,0.0954,0.410770443673052,0.4600843550507608,0.509621336498891
2026-07-24,Idaho,Class II,0.9999,0.6139747007263507,0.6798095472121919,0.7450941531935923
2026-07-24,Illinois,Class II,0.0636,0.353274449,0.429569181645,0.506123429
2026-07-24,Iowa,Class II,0.6423,0.4587662313327057,0.5113703461126681,0.5641926105163051
2026-07-24,Kansas,Class II,0.9499,0.499975172,0.573148457226,0.6447986014999999
2026-07-24,Kansas,Class II,0.9499,0.499975172,0.573148457226,0.6447986014999999
2026-07-24,Kentucky,Class II,0.9884,0.5368190795,0.614269872381,0.690585834
2026-07-24,Louisiana,Class II,0.9797,0.5195696555,0.595301840335,0.6702102529999999
2026-07-24,Maine,Class II,0.2518,0.4329630748697917,0.4807112655802369,0.5283945057350792
2026-07-24,Massachusetts,Class II,2e-4,0.3101688538934667,0.3659326846499667,0.4213219029813689
2026-07-24,Massachusetts,Class II,2e-4,0.3101688538934667,0.3659326846499667,0.4213219029813689
2026-07-24,Michigan,Class II,0.4113,0.4144811375,0.490140587766,0.5657607325
2026-07-24,Minnesota,Class II,0.1504,0.41574072571311976,0.46781732226858974,0.5192025993792732
2026-07-24,Mississippi,Class II,0.9788,0.51824307,0.592790615328,0.6662574995
2026-07-24,Montana,Class II,0.9228,0.4901657645,0.566270776343,0.6415132415
2026-07-24,Nebraska,Class II,0.8815,0.48276785016196255,0.5415457148075413,0.5987549861272928
2026-07-24,New Hampshire,Class II,0.1212,0.4171616346782534,0.4653623782004596,0.5139510629923358
2026-07-24,New Jersey,Class II,0.0524,0.350768948,0.425689858995,0.501191458
2026-07-24,New Mexico,Class II,0.0885,0.3652792295,0.439046464807,0.5126202449999999
2026-07-24,North Carolina,Class II,0.1864,0.4227306321692305,0.4727686687283129,0.5218381096884558
2026-07-24,Ohio,Class III,0.5265,0.45152972285498966,0.5017393382857531,0.5515807747139482
2026-07-24,Oklahoma,Class II,0.991,0.5387098265,0.618718299915,0.6952164949999999
2026-07-24,Oregon,Class II,0.0133,0.325621887,0.399479602035,0.47334481799999995
2026-07-24,Rhode Island,Class II,0.0049,0.3083860535,0.382437657112,0.457202394
2026-07-24,South Carolina,Class II,0.9502,0.5000879321621264,0.5489080585611581,0.5972929179472435
2026-07-24,South Dakota,Class II,0.9997,0.5860931729362215,0.6539846677384096,0.7226702627048159
2026-07-24,Tennessee,Class II,0.9986,0.5632952165,0.639140799483,0.7127666779999999
2026-07-24,Texas,Class II,0.6756,0.4648301861107086,0.5132541327278353,0.5613213255285272
2026-07-24,Texas,Class II,0.6756,0.4648301861107086,0.5132541327278353,0.5613213255285272
2026-07-24,Virginia,Class II,0.0686,0.35762443,0.432183158188,0.5075305864999999
2026-07-24,West Virginia,Class II,1,0.626986602,0.703178150207,0.7782004714999999
2026-07-24,Wyoming,Class II,0.9998,0.607158811,0.690814188318,0.771846854
2026-07-25,Alabama,Class II,0.9934,0.536631465,0.614227357351,0.6903683599999999
2026-07-25,Alaska,Class II,0.8727,0.4840914925646482,0.5367834250061798,0.5907084377204996
2026-07-25,Arkansas,Class II,0.9946,0.5746570400000001,0.707021679076,0.8378914424999999
2026-07-25,Colorado,Class II,0.0395,0.3462565895,0.420116323701,0.495399674
2026-07-25,Delaware,Class II,0.011,0.319554572,0.39463665859,0.47038530049999994
2026-07-25,Florida,Class III,0.8451,0.4807341116501231,0.5326740582506815,0.5844488285559906
2026-07-25,Georgia,Class II,0.0954,0.410770443673052,0.4600843550507608,0.509621336498891
2026-07-25,Idaho,Class II,0.9999,0.6139747007263507,0.6798095472121919,0.7450941531935923
2026-07-25,Illinois,Class II,0.0636,0.353274449,0.429569181645,0.506123429
2026-07-25,Iowa,Class II,0.6423,0.4587662313327057,0.5113703461126681,0.5641926105163051
2026-07-25,Kansas,Class II,0.9499,0.499975172,0.573148457226,0.6447986014999999
2026-07-25,Kentucky,Class II,0.9884,0.5368190795,0.614269872381,0.690585834
2026-07-25,Louisiana,Class II,0.9797,0.5195696555,0.595301840335,0.6702102529999999
2026-07-25,Maine,Class II,0.2518,0.4329630748697917,0.4807112655802369,0.5283945057350792
2026-07-25,Massachusetts,Class II,2e-4,0.3101688538934667,0.3659326846499667,0.4213219029813689
2026-07-25,Michigan,Class II,0.4113,0.4144811375,0.490140587766,0.5657607325
2026-07-25,Minnesota,Class II,0.1504,0.41574072571311976,0.46781732226858974,0.5192025993792732
2026-07-25,Mississippi,Class II,0.9788,0.51824307,0.592790615328,0.6662574995
2026-07-25,Montana,Class II,0.9228,0.4901657645,0.566270776343,0.6415132415
2026-07-25,Nebraska,Class II,0.8815,0.48276785016196255,0.5415457148075413,0.5987549861272928
2026-07-25,New Hampshire,Class II,0.1212,0.4171616346782534,0.4653623782004596,0.5139510629923358
2026-07-25,New Jersey,Class II,0.0524,0.350768948,0.425689858995,0.501191458
2026-07-25,New Mexico,Class II,0.0885,0.3652792295,0.439046464807,0.5126202449999999
2026-07-25,North Carolina,Class II,0.1864,0.4227306321692305,0.4727686687283129,0.5218381096884558
2026-07-25,Ohio,Class III,0.5265,0.45152972285498966,0.5017393382857531,0.5515807747139482
2026-07-25,Oklahoma,Class II,0.991,0.5387098265,0.618718299915,0.6952164949999999
2026-07-25,Oregon,Class II,0.0133,0.325621887,0.399479602035,0.47334481799999995
2026-07-25,Rhode Island,Class II,0.0049,0.3083860535,0.382437657112,0.457202394
2026-07-25,South Carolina,Class II,0.9502,0.5000879321621264,0.5489080585611581,0.5972929179472435
2026-07-25,South Dakota,Class II,0.9997,0.5860931729362215,0.6539846677384096,0.7226702627048159
2026-07-25,Tennessee,Class II,0.9986,0.5632952165,0.639140799483,0.7127666779999999
2026-07-25,Texas,Class II,0.6756,0.4648301861107086,0.5132541327278353,0.5613213255285272
2026-07-25,Virginia,Class II,0.0686,0.35762443,0.432183158188,0.5075305864999999
2026-07-25,West Virginia,Class II,1,0.626986602,0.703178150207,0.7782004714999999
2026-07-25,Wyoming,Class II,0.9998,0.607158811,0.690814188318,0.771846854
2026-07-26,Alabama,Class II,0.9935,0.5411024685,0.618056918394,0.693411751
2026-07-26,Alaska,Class II,0.8939,0.4869686427907776,0.5407928542028922,0.5948046341335437
2026-07-26,Arkansas,Class II,0.9955,0.5765576785,0.710043784647,0.8452412819999999
2026-07-26,Colorado,Class II,0.0512,0.3488729415,0.424670344002,0.500493169
2026-07-26,Delaware,Class II,0.013,0.3229549735,0.398236192496,0.47279325950000006
2026-07-26,Florida,Class III,0.8784,0.4844174271447146,0.5373395008800624,0.5899892590562523
2026-07-26,Georgia,Class II,0.1375,0.4156297927766079,0.46626019762626086,0.516568537439231
2026-07-26,Idaho,Class II,0.9999,0.616166760335372,0.6840542768500516,0.7510279097828705
2026-07-26,Illinois,Class II,0.0762,0.3564823555,0.434131873977,0.509813784
2026-07-26,Iowa,Class II,0.6995,0.46432518805949713,0.5170694147307136,0.5702224153835493
2026-07-26,Kansas,Class II,0.9575,0.503310728,0.577154914344,0.6498490044999998
2026-07-26,Kentucky,Class II,0.9939,0.5428782324999999,0.618362543679,0.695534427
2026-07-26,Louisiana,Class II,0.9851,0.5232364485000001,0.599117245112,0.6756552039999999
2026-07-26,Maine,Class II,0.3119,0.4374752814522907,0.48569900005274386,0.5333938423696964
2026-07-26,Massachusetts,Class II,2e-4,0.3158780125056381,0.3718285625863628,0.42872971328579207
2026-07-26,Michigan,Class II,0.4541,0.418861607,0.494531427859,0.5689120789999998
2026-07-26,Minnesota,Class II,0.199,0.42064868878483064,0.4731286459784448,0.5256611655267127
2026-07-26,Mississippi,Class II,0.9837,0.5220984894999999,0.596326587514,0.6705133315
2026-07-26,Montana,Class II,0.9405,0.4960397355,0.571108252983,0.6470785530000001
2026-07-26,Nebraska,Class II,0.8979,0.4875685053089813,0.5454589659714429,0.6039313195407378
2026-07-26,New Hampshire,Class II,0.1612,0.4216980240391978,0.4706030296130318,0.5190935545725465
2026-07-26,New Jersey,Class II,0.0602,0.35765260100000007,0.430986519362,0.5043706244999999
2026-07-26,New Mexico,Class II,0.1123,0.369063895,0.443922457483,0.518889928
2026-07-26,North Carolina,Class II,0.2376,0.428195695916072,0.4781102912584472,0.5281153551725399
2026-07-26,Ohio,Class III,0.5917,0.4563224691048364,0.507067024830803,0.5581149690736021
2026-07-26,Oklahoma,Class II,0.9933,0.5428934445,0.622425141901,0.7023761635
2026-07-26,Oregon,Class II,0.0169,0.3297363155,0.403843140307,0.479694582
2026-07-26,Rhode Island,Class II,0.0073,0.3113854565,0.387074829244,0.4610943305
2026-07-26,South Carolina,Class II,0.9668,0.5059678044096008,0.554581474144978,0.6024582103162931
2026-07-26,South Dakota,Class II,0.9998,0.590329878603099,0.6583561893998644,0.7261780819919099
2026-07-26,Tennessee,Class II,0.9989,0.5688768790000001,0.643245356102,0.7186673585000001
2026-07-26,Texas,Class II,0.7364,0.4692599957082385,0.5188574506712581,0.5679191312252136
2026-07-26,Virginia,Class II,0.0829,0.361516611,0.436203242676,0.5120305159999999
2026-07-26,West Virginia,Class II,1,0.631437544,0.706721406852,0.782009031
2026-07-26,Wyoming,Class II,1,0.6126454055,0.695599874353,0.7757742324999999
2026-07-27,Alabama,Class II,0.9941,0.5411924335,0.616988623779,0.6930748775
2026-07-27,Alaska,Class II,0.8958,0.48712983655452186,0.5407084149500608,0.5951506931497981
2026-07-27,Arkansas,Class II,0.9953,0.576730865,0.71131193505,0.8451166749999999
2026-07-27,Colorado,Class II,0.0487,0.348723287,0.424246270712,0.4994809314999999
2026-07-27,Delaware,Class II,0.0126,0.3250234255,0.398682744154,0.4747975115
2026-07-27,Florida,Class III,0.8658,0.4830356965278619,0.5355692434526984,0.5884466119888844
2026-07-27,Georgia,Class II,0.1258,0.4142722614824542,0.46474501680868424,0.514456628547985
2026-07-27,Idaho,Class II,1,0.6167528934773856,0.6831256843019688,0.7495372605631132
2026-07-27,Illinois,Class II,0.0756,0.35764220550000003,0.434303385691,0.5092845564999999
2026-07-27,Iowa,Class II,0.688,0.46236540404939885,0.5155280837664297,0.5683496786473956
2026-07-27,Kansas,Class II,0.9559,0.5025373985,0.576038869977,0.6490149384999999
2026-07-27,Kentucky,Class II,0.9938,0.542137063,0.617918502424,0.694002927
2026-07-27,Louisiana,Class II,0.9852,0.5248585305,0.599409815792,0.6752805264999999
2026-07-27,Maine,Class II,0.2957,0.4370536919421836,0.4845089987593503,0.5323049729929028
2026-07-27,Massachusetts,Class II,3e-4,0.31335864710132944,0.3699918308878138,0.4261630350881363
2026-07-27,Michigan,Class II,0.4516,0.4190422224999999,0.49399235955,0.5687985529999999
2026-07-27,Minnesota,Class II,0.1924,0.41998245997524386,0.47224885012355883,0.5247868907015963
2026-07-27,Mississippi,Class II,0.9844,0.5231834919999999,0.596116358163,0.669287911
2026-07-27,Montana,Class II,0.9357,0.494162106,0.570470925098,0.6465534125
2026-07-27,Nebraska,Class II,0.9013,0.486838105483992,0.5444999409850958,0.6008470178637028
2026-07-27,New Hampshire,Class II,0.1516,0.4203487912479002,0.46923277994915785,0.5184242816130379
2026-07-27,New Jersey,Class II,0.0593,0.3562922695,0.429574939094,0.503750928
2026-07-27,New Mexico,Class II,0.1037,0.3693230975,0.442552775399,0.5184100229999999
2026-07-27,North Carolina,Class II,0.2247,0.428306408456268,0.4772588059106131,0.526957234360991
2026-07-27,Ohio,Class III,0.5783,0.4555985211493877,0.5059881568678851,0.5559639250007429
2026-07-27,Oklahoma,Class II,0.9948,0.544716363,0.622182086256,0.6984797625
2026-07-27,Oregon,Class II,0.017,0.32948486000000005,0.403706565102,0.477816523
2026-07-27,Rhode Island,Class II,0.0089,0.310693994,0.38609878515,0.4620443564999999
2026-07-27,South Carolina,Class II,0.9644,0.5051717002998781,0.5535086327598009,0.6021220619173632
2026-07-27,South Dakota,Class II,1,0.589317904476878,0.6574468705352272,0.7246281126864612
2026-07-27,Tennessee,Class II,0.9994,0.568262044,0.642945402135,0.7156015305000001
2026-07-27,Texas,Class II,0.7273,0.4677664008497908,0.5174161284043374,0.5661931223060427
2026-07-27,Virginia,Class II,0.0852,0.3622299505,0.436860618163,0.511986241
2026-07-27,West Virginia,Class II,1,0.6315354160000001,0.706641783805,0.7816874549999998
2026-07-27,Wyoming,Class II,1,0.612044982,0.69449049614,0.7729107824999998
2026-07-28,Alabama,Class II,0.9935,0.5415467555000001,0.619957445673,0.6968214839999999
2026-07-28,Alaska,Class II,0.9072,0.4891524477146111,0.5427206943543081,0.5958120974339591
2026-07-28,Arkansas,Class II,0.9955,0.580437874,0.710423489635,0.844685271
2026-07-28,Colorado,Class II,0.0552,0.3506531225,0.427117356409,0.501862778
2026-07-28,Delaware,Class II,0.0161,0.32634094750000003,0.400665094512,0.47690309
2026-07-28,Florida,Class III,0.8813,0.48589413705658147,0.5376386174926437,0.5893029378308713
2026-07-28,Georgia,Class II,0.1329,0.4158888209643538,0.4665131765706987,0.5156568475978088
2026-07-28,Idaho,Class II,1,0.6182953559347295,0.6850933605018616,0.7509675565415498
2026-07-28,Illinois,Class II,0.0858,0.3622100985,0.437735604775,0.5116711925
2026-07-28,Iowa,Class II,0.7088,0.4652885514823695,0.5176401203456866,0.5703561045575363
2026-07-28,Kansas,Class II,0.9588,0.5041090149999999,0.578648606459,0.652978504
2026-07-28,Kentucky,Class II,0.9941,0.543661667,0.620535674809,0.6976287234999999
2026-07-28,Louisiana,Class II,0.9828,0.5227698944999999,0.601636936091,0.6779126964999999
2026-07-28,Maine,Class II,0.3252,0.4377406143871857,0.4866003901498178,0.533643627660625
2026-07-28,Massachusetts,Class II,2e-4,0.31652491694562,0.3731470123996733,0.4285033252201284
2026-07-28,Michigan,Class II,0.4861,0.4202319355,0.497752724146,0.5736744515
2026-07-28,Minnesota,Class II,0.2195,0.4216736610921493,0.475089931279075,0.526729604765149
2026-07-28,Mississippi,Class II,0.9859,0.524563093,0.597990864022,0.6697066129999999
2026-07-28,Montana,Class II,0.9453,0.497618273,0.573608580144,0.6502251929999999
2026-07-28,Nebraska,Class II,0.9072,0.48737375201325783,0.5461723141092348,0.6042099397532679
2026-07-28,New Hampshire,Class II,0.1753,0.4233692484000316,0.472436448748896,0.52063844731025255
2026-07-28,New Jersey,Class II,0.072,0.35905034550000003,0.43313418384,0.5083117960000001
2026-07-28,New Mexico,Class II,0.1096,0.369720624,0.445116849921,0.519337166
2026-07-28,North Carolina,Class II,0.2446,0.4287963150368118,0.47929896637597874,0.5291888456194339
2026-07-28,Ohio,Class III,0.6051,0.457931758349808,0.507888802251169,0.5568632779894759
2026-07-28,Oklahoma,Class II,0.9933,0.545060914,0.623574530542,0.7019752834999999
2026-07-28,Oregon,Class II,0.023,0.32926608849999994,0.406168870759,0.4817836244999999
2026-07-28,Rhode Island,Class II,0.0086,0.31343864949999994,0.389349716686,0.465857052
2026-07-28,South Carolina,Class II,0.9678,0.5075058642295462,0.5554145024925013,0.6031163633042967
2026-07-28,South Dakota,Class II,0.9997,0.5914252069980932,0.659473051740593,0.7271483844281251
2026-07-28,Tennessee,Class II,0.999,0.5703899845,0.644470205161,0.7176959030000001
2026-07-28,Texas,Class II,0.7447,0.47079219545737183,0.5196241378562787,0.5684527539729921
2026-07-28,Virginia,Class II,0.0929,0.3620106735000001,0.438326108691,0.5155794885
2026-07-28,West Virginia,Class II,1,0.6355796865000002,0.70811226394,0.7820377495
2026-07-28,Wyoming,Class II,0.9997,0.6155456844999999,0.697330996109,0.7779575110000001
2026-07-29,Alabama,Class II,0.9935,0.5408694665,0.617810942735,0.6945343015
2026-07-29,Alaska,Class II,0.9017,0.488769351492873,0.5413926828026121,0.5933590969130825
2026-07-29,Arkansas,Class II,0.9941,0.5782444434999999,0.709632129988,0.8461608729999998
2026-07-29,Colorado,Class II,0.0519,0.349672097,0.424949909123,0.5006842289999999
2026-07-29,Delaware,Class II,0.0122,0.32338318650000003,0.398189971753,0.4738289214999999
2026-07-29,Florida,Class III,0.8767,0.4836661973496102,0.5362317078068444,0.5881140369065878
2026-07-29,Georgia,Class II,0.124,0.4155066656010438,0.46533382117168065,0.515359177400948
2026-07-29,Idaho,Class II,1,0.6185112323459587,0.6834082884411982,0.750081708721358
2026-07-29,Illinois,Class II,0.0793,0.35721453449999996,0.43449565868,0.5109235124999999
2026-07-29,Iowa,Class II,0.7068,0.4634382954057871,0.516791241229476,0.5687686599849049
2026-07-29,Kansas,Class II,0.956,0.5035951145,0.576755511648,0.64900759
2026-07-29,Kentucky,Class II,0.9931,0.539043383,0.616990761333,0.6939623669999999
2026-07-29,Louisiana,Class II,0.9824,0.5232397625,0.598902093185,0.674468694
2026-07-29,Maine,Class II,0.3021,0.43671775445998345,0.4849429843837897,0.5329948674099853
2026-07-29,Massachusetts,Class II,1e-4,0.3159077936010903,0.3704533749369935,0.4261253477616672
2026-07-29,Michigan,Class II,0.4588,0.4177234165,0.495100971508,0.5701118425
2026-07-29,Minnesota,Class II,0.1963,0.42084001815956984,0.47237992751135066,0.525462884883291
2026-07-29,Mississippi,Class II,0.985,0.5237853785000001,0.595957507688,0.6681421979999999
2026-07-29,Montana,Class II,0.9366,0.493648251,0.571021695219,0.645948776
2026-07-29,Nebraska,Class II,0.907,0.48879463518390714,0.5464259397563614,0.6047467655294789
2026-07-29,New Hampshire,Class II,0.1577,0.4214889827182552,0.4699445880765638,0.5187502253515043
2026-07-29,New Jersey,Class II,0.0584,0.35760972599999996,0.430160727241,0.5036539525
2026-07-29,New Mexico,Class II,0.1022,0.366219556,0.442405326984,0.5173267614999999
2026-07-29,North Carolina,Class II,0.2382,0.4274247421869712,0.47795257005498026,0.527128718275421
2026-07-29,Ohio,Class III,0.5929,0.45619955472174406,0.5065193753359577,0.5561935643982993
2026-07-29,Oklahoma,Class II,0.9935,0.540867498,0.620808124653,0.6981051275
2026-07-29,Oregon,Class II,0.0177,0.3287717335,0.403817124902,0.47726804449999993
2026-07-29,Rhode Island,Class II,0.0063,0.312244555,0.386237166431,0.459334734
2026-07-29,South Carolina,Class II,0.9717,0.5073844734112045,0.5539174642041527,0.6010557241356063
2026-07-29,South Dakota,Class II,0.9998,0.5892668726435603,0.6576503852499525,0.7258713076752488
2026-07-29,Tennessee,Class II,0.9993,0.5690854049999999,0.642656113753,0.7160031064999999
2026-07-29,Texas,Class II,0.6259,0.4597465731121767,0.509594715817316,0.5598812209498842
2026-07-29,Virginia,Class II,0.0813,0.360691424,0.436599502619,0.5097733519999998
2026-07-29,West Virginia,Class II,1,0.6327404235,0.70632255059,0.7826539625
2026-07-29,Wyoming,Class II,0.9998,0.6109407385,0.695027982336,0.7750484025000002
2026-07-30,Alabama,Class II,0.9922,0.54399123,0.619828234043,0.6957977659999999
2026-07-30,Alaska,Class II,0.8959,0.4867014455326608,0.5406808354596749,0.5926393445953144
2026-07-30,Arkansas,Class II,0.9962,0.5783055725,0.705348830856,0.8411860554999999
2026-07-30,Colorado,Class II,0.0499,0.35072646900000004,0.426076733755,0.4998391025
2026-07-30,Delaware,Class II,0.0113,0.324608924,0.399619904264,0.473313397
2026-07-30,Florida,Class III,0.8693,0.48225345141176024,0.5356778609669205,0.588193175043915
2026-07-30,Georgia,Class II,0.1238,0.4150246105118616,0.46512666408716025,0.5146426584758539
2026-07-30,Idaho,Class II,1,0.6166633494420597,0.682516343306178,0.7479458331185292
2026-07-30,Illinois,Class II,0.0757,0.3590917465,0.435073825402,0.5100639779999999
2026-07-30,Iowa,Class II,0.6901,0.4635075199042119,0.5160009023428688,0.5690779193680041
2026-07-30,Kansas,Class II,0.96,0.5046729915,0.577433430645,0.647954801
2026-07-30,Kentucky,Class II,0.9941,0.5428371795,0.61974669289,0.6961399475
2026-07-30,Louisiana,Class II,0.9825,0.5227624885,0.600821136887,0.6757768265
2026-07-30,Maine,Class II,0.2966,0.43573014988026465,0.4843539683130723,0.531641852151062
2026-07-30,Massachusetts,Class II,2e-4,0.314203375227531,0.3697643247736936,0.42513178110084265
2026-07-30,Michigan,Class II,0.4633,0.4176726035000001,0.49562792813,0.5730555340000001
2026-07-30,Minnesota,Class II,0.1895,0.4198484923057893,0.4721864056072817,0.5241505834169833
2026-07-30,Mississippi,Class II,0.9845,0.522756816,0.595744157138,0.667400979
2026-07-30,Montana,Class II,0.9423,0.496484062,0.572534460595,0.6483446305
2026-07-30,Nebraska,Class II,0.9047,0.48836919319986766,0.5459639023272402,0.6030906633981326
2026-07-30,New Hampshire,Class II,0.1595,0.4196339052731865,0.4699884410950422,0.5192907480473322
2026-07-30,New Jersey,Class II,0.0637,0.3558792475,0.430901117273,0.5048789539999999
2026-07-30,New Mexico,Class II,0.1105,0.36873939,0.444325134748,0.5187973705
2026-07-30,North Carolina,Class II,0.2103,0.42640793654596953,0.475805177921536,0.5250111555646376
2026-07-30,Ohio,Class III,0.5806,0.45547640886757584,0.5057979162904398,0.5556807461826091
2026-07-30,Oklahoma,Class II,0.9939,0.544051861,0.624509635303,0.7011718815
2026-07-30,Oregon,Class II,0.018,0.328589093,0.403588868885,0.4773441395
2026-07-30,Rhode Island,Class II,0.006,0.312580938,0.386842121375,0.4606000569999999
2026-07-30,South Carolina,Class II,0.9707,0.5068523434600481,0.553829810110915,0.6012220504251778
2026-07-30,South Dakota,Class II,1,0.5885919183945586,0.6576899474781822,0.7250097225608988
2026-07-30,Tennessee,Class II,0.9992,0.5698765204999999,0.642934582065,0.7160246885
2026-07-30,Texas,Class II,0.6144,0.458309468719639,0.508726615282048,0.5584946770256626
2026-07-30,Virginia,Class II,0.0797,0.3619008165,0.436881666781,0.510787051
2026-07-30,West Virginia,Class II,1,0.632921687,0.707499496362,0.7802120764999998
2026-07-30,Wyoming,Class II,0.9999,0.6142922185,0.698212640017,0.7798089655
2026-07-31,Alabama,Class II,0.9943,0.5416030144999999,0.615906439977,0.6911827839999999
2026-07-31,Alaska,Class II,0.8771,0.4851586834654926,0.5378915104939601,0.5912918602046188
2026-07-31,Arkansas,Class II,0.9955,0.5807575165000001,0.709270160208,0.8424207824999999
2026-07-31,Colorado,Class II,0.0465,0.34755735900000007,0.422484965293,0.4980943025
2026-07-31,Delaware,Class II,0.0123,0.32328430999999996,0.397240491578,0.47080789999999995
2026-07-31,Florida,Class III,0.8588,0.4816637896717134,0.5339942962809833,0.5853162743343535
2026-07-31,Georgia,Class II,0.1117,0.4130209202928055,0.4633959539213971,0.513038442674221
2026-07-31,Idaho,Class II,1,0.6146439911462057,0.6822752395043196,0.749018402309598
2026-07-31,Illinois,Class II,0.0641,0.35586482700000005,0.431657011,0.505491433
2026-07-31,Iowa,Class II,0.6786,0.4631044377851384,0.514439436895807,0.5662619987606773
2026-07-31,Kansas,Class II,0.9507,0.5003757985,0.574544336578,0.6464386455
2026-07-31,Kentucky,Class II,0.9934,0.539178822,0.616458911868,0.6918260905
2026-07-31,Louisiana,Class II,0.9809,0.521705058,0.597362260845,0.672318976
2026-07-31,Maine,Class II,0.2778,0.4354958737584636,0.48289305344970385,0.5307989589251582
2026-07-31,Massachusetts,Class II,0,0.31284390742387497,0.3689405588209148,0.4234164600247728
2026-07-31,Michigan,Class II,0.4364,0.417338733,0.492735742351,0.5676351694999999
2026-07-31,Minnesota,Class II,0.177,0.4178046162560505,0.4704315325341705,0.5220067499956178
2026-07-31,Mississippi,Class II,0.9806,0.5199538705,0.595147129312,0.6672254704999999
2026-07-31,Montana,Class II,0.9383,0.4945918445,0.569534952136,0.644437092
2026-07-31,Nebraska,Class II,0.8887,0.48494139417421855,0.5431248198271139,0.600711672046756
2026-07-31,New Hampshire,Class II,0.1409,0.4201666459006005,0.4684902934336551,0.5168555236514552
2026-07-31,New Jersey,Class II,0.0543,0.35448998200000004,0.428184036886,0.5024989200000001
2026-07-31,New Mexico,Class II,0.0963,0.365362667,0.440183247374,0.5156927639999999
2026-07-31,North Carolina,Class II,0.1914,0.4255491672278563,0.47435613681296646,0.5224588103219953
2026-07-31,Ohio,Class III,0.5658,0.4542885223092247,0.504637374994179,0.5532290164699474
2026-07-31,Oklahoma,Class II,0.9942,0.541463871,0.620562142826,0.6987691374999999
2026-07-31,Oregon,Class II,0.0174,0.3281169555,0.402178059701,0.477763492
2026-07-31,Rhode Island,Class II,0.0057,0.3094326055,0.38415536866,0.45925435
2026-07-31,South Carolina,Class II,0.9643,0.5048286087754522,0.5518725996416989,0.5996732584099345
2026-07-31,South Dakota,Class II,0.9998,0.5886239502355074,0.6556392275671697,0.7227905624415308
2026-07-31,Tennessee,Class II,0.9996,0.5678148869999999,0.641314810209,0.7139549999999999
2026-07-31,Texas,Class II,0.5931,0.4576303564104512,0.5073687251377919,0.5574369389572904
2026-07-31,Virginia,Class II,0.0698,0.358340382,0.434056625021,0.508309214
2026-07-31,West Virginia,Class II,1,0.6320112689999999,0.705737383634,0.780019533
2026-07-31,Wyoming,Class II,0.9998,0.6107947650000001,0.693498334404,0.7742075174999999
2026-08-01,Alabama,Class II,0.9897,0.5334906859999999,0.610365928793,0.686081672
2026-08-01,Alaska,Class II,0.8348,0.4786286423329202,0.5315977442239735,0.5848359081294486
2026-08-01,Arkansas,Class II,0.9946,0.5723072485,0.703082985062,0.8367315725000002
2026-08-01,Colorado,Class II,0.0344,0.33991864149999995,0.416439238882,0.4916569605
2026-08-01,Delaware,Class II,0.0086,0.3139611505,0.390581948437,0.4651690485
2026-08-01,Florida,Class III,0.7842,0.4718664551287783,0.5253739454295544,0.5782988315213407
2026-08-01,Georgia,Class II,0.0725,0.4055550260280944,0.4553454734563609,0.505304749571876
2026-08-01,Idaho,Class II,1,0.6082847554561314,0.6757194761577734,0.7414467824632746
2026-08-01,Illinois,Class II,0.0545,0.34876894,0.426374408239,0.5025612509999999
2026-08-01,Iowa,Class II,0.5795,0.4534116084292503,0.5064953728046316,0.5594050900282802
2026-08-01,Kansas,Class II,0.9384,0.4947549185,0.56992165212300006,0.6438407064999998
2026-08-01,Kentucky,Class II,0.9918,0.5342161744999999,0.610590639809,0.6862414354999999
2026-08-01,Louisiana,Class II,0.9743,0.514020277,0.590966694679,0.6686731845
2026-08-01,Maine,Class II,0.1953,0.42621026277176854,0.47496085504332286,0.5229541861507203
2026-08-01,Massachusetts,Class II,0,0.3053587751198186,0.3606602953626448,0.4168708468516868
2026-08-01,Michigan,Class II,0.3911,0.4118754715,0.486921972849,0.5620703785
2026-08-01,Minnesota,Class II,0.1147,0.4096801518898444,0.4623754640593042,0.5141571682756151
2026-08-01,Mississippi,Class II,0.9804,0.5175654355,0.590088699356,0.6629049325
2026-08-01,Montana,Class II,0.9159,0.487317771,0.56334462234,0.63817408900000006
2026-08-01,Nebraska,Class II,0.8326,0.4786269378921206,0.5303058866694114,0.5820178476946672
2026-08-01,New Hampshire,Class II,0.0873,0.41044941200791607,0.4598927525006468,0.5087488561484769
2026-08-01,New Jersey,Class II,0.0455,0.34806201000000003,0.422331493506,0.4974989499999999
2026-08-01,New Mexico,Class II,0.0723,0.35934234249999997,0.434383647427,0.5085573369999998
2026-08-01,North Carolina,Class II,0.1249,0.4169273108670333,0.46597071216126057,0.5155591021803846
2026-08-01,Ohio,Class III,0.4473,0.4446188550002827,0.4957255267380479,0.5457851904386903
2026-08-01,Oklahoma,Class II,0.989,0.536056684,0.614312859453,0.6912146115
2026-08-01,Oregon,Class II,0.0098,0.3188469525,0.394340036222,0.4695144044999999
2026-08-01,Rhode Island,Class II,0.0037,0.3033045305,0.378055785976,0.451901925
2026-08-01,South Carolina,Class II,0.9329,0.4954839258523752,0.5444938321772254,0.5933776723876952
2026-08-01,South Dakota,Class II,0.9999,0.5836259660284373,0.6500984030277099,0.7181628016707858
2026-08-01,Tennessee,Class II,0.9987,0.5617694925000001,0.63588182765,0.7089786279999999
2026-08-01,Texas,Class II,0.4907,0.44983366215971615,0.4995169731803509,0.5502507422451475
2026-08-01,Virginia,Class II,0.0549,0.35275318049999993,0.427864653198,0.50167387
2026-08-01,West Virginia,Class II,1,0.625498806,0.70054352817,0.7745093585
2026-08-01,Wyoming,Class II,0.9993,0.6020173965000001,0.68744253634,0.7677510489999999
2026-08-02,Alabama,Class II,0.9898,0.5351162095,0.609418794761,0.6863485265
2026-08-02,Alaska,Class II,0.8302,0.4777113167629186,0.5312563470863024,0.5845601062511583
2026-08-02,Arkansas,Class II,0.9941,0.570933919,0.7029636609,0.838079242
2026-08-02,Colorado,Class II,0.0311,0.342366491,0.41624201898,0.489769508
2026-08-02,Delaware,Class II,0.0074,0.3148603215,0.38874867966,0.463664959
2026-08-02,Florida,Class III,0.7829,0.47255974942819223,0.5240533705838192,0.5751595582581162
2026-08-02,Georgia,Class II,0.0682,0.40417492322301624,0.4543697564090294,0.5050305317842249
2026-08-02,Idaho,Class II,1,0.6094987088626587,0.6757909398598857,0.7420825090497148
2026-08-02,Illinois,Class II,0.0551,0.34798161899999996,0.425959333838,0.5016145854999999
2026-08-02,Iowa,Class II,0.5791,0.4528125399636515,0.5059675869452762,0.557922230489916
2026-08-02,Kansas,Class II,0.9419,0.496831561,0.568845234683,0.6413527489999999
2026-08-02,Kentucky,Class II,0.989,0.5342644625,0.609896077979,0.684634007
2026-08-02,Louisiana,Class II,0.9727,0.5138429195,0.590874644159,0.667591011
2026-08-02,Maine,Class II,0.1862,0.4258364285600327,0.4738749805517009,0.5207494920586402
2026-08-02,Massachusetts,Class II,0,0.3044385554352484,0.35989832716590264,0.4159279755107409
2026-08-02,Michigan,Class II,0.3834,0.410409158,0.486489805252,0.5618751675000001
2026-08-02,Minnesota,Class II,0.1099,0.4087989175517766,0.4614180542273341,0.5135376563361616
2026-08-02,Mississippi,Class II,0.9803,0.5175150925,0.589609901061,0.661297936
2026-08-02,Montana,Class II,0.9134,0.487026818,0.562389264799,0.6367310789999999
2026-08-02,Nebraska,Class II,0.8326,0.47861527757040057,0.5302337236123624,0.5821834605903572
2026-08-02,New Hampshire,Class II,0.0841,0.4091429658324258,0.4589622992408228,0.5077113093169813
2026-08-02,New Jersey,Class II,0.0355,0.347266233,0.42053073114,0.4931950635
2026-08-02,New Mexico,Class II,0.0721,0.3602931135,0.435085775181,0.5080329685
2026-08-02,North Carolina,Class II,0.1162,0.41579874097375624,0.4650495202564466,0.5136864301707114
2026-08-02,Ohio,Class III,0.442,0.44515618629973014,0.4956390268752911,0.5455940239279325
2026-08-02,Oklahoma,Class II,0.9902,0.5352481715,0.613310307173,0.6893492184999999
2026-08-02,Oregon,Class II,0.01,0.3199466315,0.395047116715,0.468951535
2026-08-02,Rhode Island,Class II,0.0032,0.303311273,0.377383416409,0.452135358
2026-08-02,South Carolina,Class II,0.9312,0.4953330258428931,0.5428419509770261,0.5901182366986338
2026-08-02,South Dakota,Class II,0.9999,0.5820885495679751,0.6496453335429903,0.7173627888910805
2026-08-02,Tennessee,Class II,0.9987,0.5619990310000001,0.635401222518,0.708470112
2026-08-02,Texas,Class II,0.5057,0.4509787745374021,0.5002489276858271,0.5494374321798757
2026-08-02,Virginia,Class II,0.0511,0.353052233,0.427742890004,0.5009046214999999
2026-08-02,West Virginia,Class II,1,0.624012923,0.699960835735,0.7742361680000001
2026-08-02,Wyoming,Class II,0.9998,0.6049963565,0.687793876627,0.7692493844999999
2026-08-03,Alabama,Class II,0.9887,0.533940931,0.611834231385,0.6887320690000001
2026-08-03,Alaska,Class II,0.854,0.4816190469257377,0.5342666195231637,0.5871643744444903
2026-08-03,Arkansas,Class II,0.9948,0.5726364215,0.706368958938,0.8414176969999998
2026-08-03,Colorado,Class II,0.0366,0.3437282055,0.418366902924,0.492647905
2026-08-03,Delaware,Class II,0.0101,0.317917746,0.392618063992,0.4678620365
2026-08-03,Florida,Class III,0.8117,0.4755631883710323,0.5274747715704634,0.5789820515226192
2026-08-03,Georgia,Class II,0.0826,0.4077857346609849,0.4579693702670368,0.5081732611177939
2026-08-03,Idaho,Class II,1,0.6126468012883628,0.6786731341589896,0.7445518265272154
2026-08-03,Illinois,Class II,0.0592,0.35214487599999994,0.428814916006,0.503783698
2026-08-03,Iowa,Class II,0.6191,0.4578413309716194,0.5096679688888961,0.5619797012546628
2026-08-03,Kansas,Class II,0.9459,0.498397543,0.571351067438,0.6452945529999999
2026-08-03,Kentucky,Class II,0.9911,0.5351626195,0.61273481769,0.689879256
2026-08-03,Louisiana,Class II,0.9781,0.517211013,0.593469599088,0.6687989575000001
2026-08-03,Maine,Class II,0.2255,0.4299553276758774,0.47766083599898096,0.525500361206922
2026-08-03,Massachusetts,Class II,0,0.3065288848175644,0.3625852414270487,0.417768418019379
2026-08-03,Michigan,Class II,0.4072,0.4129300975,0.489296295551,0.5634037945
2026-08-03,Minnesota,Class II,0.1331,0.4122526648798092,0.4649502013483216,0.5176922245338598
2026-08-03,Mississippi,Class II,0.9794,0.5190808585,0.591913373343,0.6642019655
2026-08-03,Montana,Class II,0.9217,0.4895769445,0.565652530198,0.6409688989999999
2026-08-03,Nebraska,Class II,0.8634,0.4830667158142647,0.5337834643506635,0.5850748352207268
2026-08-03,New Hampshire,Class II,0.1001,0.4132825485560592,0.4621383258678936,0.5106455198359962
2026-08-03,New Jersey,Class II,0.0485,0.350857407,0.424555148236,0.499333056
2026-08-03,New Mexico,Class II,0.0848,0.362135192,0.437365837333,0.5128482560000001
2026-08-03,North Carolina,Class II,0.1552,0.42107702481824144,0.46962551063872454,0.5183280569570372
2026-08-03,Ohio,Class III,0.4819,0.4481932602433648,0.4986216236448104,0.54868004461509845
2026-08-03,Oklahoma,Class II,0.9914,0.5385802999999999,0.617639510569,0.6959216029999999
2026-08-03,Oregon,Class II,0.0129,0.3231053675,0.397647990985,0.47196502
2026-08-03,Rhode Island,Class II,0.0037,0.306981653,0.380538029743,0.4551429435
2026-08-03,South Carolina,Class II,0.9476,0.4992861846037738,0.5472655706390231,0.5953403429515555
2026-08-03,South Dakota,Class II,0.9996,0.5856180510266554,0.6531947419603674,0.72107028428912
2026-08-03,Tennessee,Class II,0.9984,0.5651944935,0.638925803342,0.7110109309999999
2026-08-03,Texas,Class II,0.5639,0.4561256819598976,0.5046378000193662,0.5532172747214844
2026-08-03,Virginia,Class II,0.0552,0.3549622925,0.429576114272,0.5022383449999999
2026-08-03,West Virginia,Class II,1,0.6273309279999999,0.702424485038,0.7767652565000001
2026-08-03,Wyoming,Class II,0.9998,0.6059145479999999,0.690318853895,0.7731464239999999
2026-08-04,Alabama,Class II,0.9914,0.536814096,0.613768210617,0.6890991415
2026-08-04,Alaska,Class II,0.861,0.4825057912598956,0.5355781342223922,0.5884420840143646
2026-08-04,Arkansas,Class II,0.9939,0.5756182275,0.706846849737,0.8394359889999999
2026-08-04,Colorado,Class II,0.038,0.34585446249999996,0.420642658335,0.4944073054999999
2026-08-04,Delaware,Class II,0.0115,0.319911897,0.394609893416,0.4692962745
2026-08-04,Florida,Class III,0.8236,0.47769090315975926,0.529438277033768,0.5812184421844908
2026-08-04,Georgia,Class II,0.0943,0.40996029565570224,0.459848235978219,0.5094386429770733
2026-08-04,Idaho,Class II,1,0.6123318228270416,0.6791167047947526,0.7447590612109919
2026-08-04,Illinois,Class II,0.0642,0.353776376,0.430324179515,0.505840812
2026-08-04,Iowa,Class II,0.633,0.4581098744677258,0.5109603562301983,0.5639582146939363
2026-08-04,Kansas,Class II,0.9494,0.4997641205,0.573458075934,0.6456100200000001
2026-08-04,Kentucky,Class II,0.992,0.5365691054999999,0.613461042047,0.6903415225
2026-08-04,Louisiana,Class II,0.9777,0.519333743,0.595390477168,0.670361529
2026-08-04,Maine,Class II,0.2446,0.4312314639207144,0.4798151807340334,0.5268026914808177
2026-08-04,Massachusetts,Class II,0,0.30979399215462783,0.3655019467278486,0.4217332627102973
2026-08-04,Michigan,Class II,0.4228,0.4156334345,0.490568612782,0.5633914775
2026-08-04,Minnesota,Class II,0.1469,0.4141834791300326,0.4669921838890264,0.5196717056819367
2026-08-04,Mississippi,Class II,0.9769,0.5181243755,0.59234806407,0.6647380679999999
2026-08-04,Montana,Class II,0.9262,0.490045429,0.56705243787,0.6433476890000001
2026-08-04,Nebraska,Class II,0.8704,0.483976932907174,0.5354510049346484,0.5861151899596493
2026-08-04,New Hampshire,Class II,0.1146,0.41468453773003017,0.4643026385343529,0.5129709603420444
2026-08-04,New Jersey,Class II,0.0534,0.3503856249999999,0.425384061946,0.5017749005
2026-08-04,New Mexico,Class II,0.0907,0.363814165,0.438940855437,0.5144637035
2026-08-04,North Carolina,Class II,0.1715,0.42263782190092775,0.4715497451981135,0.5202808524979575
2026-08-04,Ohio,Class III,0.5238,0.45082077074908034,0.5014128066374713,0.5510179309418762
2026-08-04,Oklahoma,Class II,0.9911,0.5381894365,0.618099059535,0.6944945914999999
2026-08-04,Oregon,Class II,0.0154,0.32413173149999996,0.399906813048,0.4756807985
2026-08-04,Rhode Island,Class II,0.006,0.307490895,0.382054586909,0.455912345
2026-08-04,South Carolina,Class II,0.9516,0.5004919938431075,0.5488251857986689,0.5963784635549596
2026-08-04,South Dakota,Class II,1,0.5854601552499589,0.6536987541920843,0.721352073029664
2026-08-04,Tennessee,Class II,0.9981,0.5658568955000001,0.639146983942,0.713816198
2026-08-04,Texas,Class II,0.6002,0.4570930847818815,0.506989160882925,0.5556872346968199
2026-08-04,Virginia,Class II,0.0681,0.3567550315,0.432336197912,0.5071352729999999
2026-08-04,West Virginia,Class II,1,0.629475038,0.703054442972,0.776972153
2026-08-04,Wyoming,Class II,0.9998,0.606049295,0.691249127642,0.7731698024999999
2026-08-05,Alabama,Class II,0.9912,0.535762394,0.613297210566,0.6875015195
2026-08-05,Alaska,Class II,0.8687,0.48271771524311624,0.5361718131471662,0.5886082206901949
2026-08-05,Arkansas,Class II,0.9943,0.5714353615000001,0.704558449788,0.8401443585
2026-08-05,Colorado,Class II,0.0363,0.34492630750000003,0.41991838658,0.493698447
2026-08-05,Delaware,Class II,0.0114,0.319541014,0.393984379652,0.4685108945
2026-08-05,Florida,Class III,0.8323,0.4790050898371594,0.5298082443134335,0.5806777281152977
2026-08-05,Georgia,Class II,0.092,0.4107872808952192,0.460178252033485,0.5097069109581602
2026-08-05,Idaho,Class II,0.9999,0.6136526169981434,0.6796694765978915,0.745280686543709
2026-08-05,Illinois,Class II,0.0662,0.3527817465,0.429832327192,0.5068644995
2026-08-05,Iowa,Class II,0.6414,0.4596093827206496,0.5114784787280657,0.5642204635805151
2026-08-05,Kansas,Class II,0.9509,0.5003863595,0.572849071402,0.6443854779999999
2026-08-05,Kentucky,Class II,0.9914,0.5365554525,0.613636389989,0.6897817844999998
2026-08-05,Louisiana,Class II,0.978,0.517881393,0.594466924564,0.669819395
2026-08-05,Maine,Class II,0.2394,0.4306601331030329,0.4792806690311801,0.5257057716386861
2026-08-05,Massachusetts,Class II,0,0.3094773005566968,0.365113619934302,0.41997042116421934
2026-08-05,Michigan,Class II,0.4129,0.414577677,0.489870091844,0.5659473220000001
2026-08-05,Minnesota,Class II,0.1476,0.4159873916024543,0.467155569188849,0.5193770215744985
2026-08-05,Mississippi,Class II,0.9824,0.5181818145,0.592194107182,0.6651409845
2026-08-05,Montana,Class II,0.9301,0.4923334645,0.567248942501,0.6428113200000001
2026-08-05,Nebraska,Class II,0.8805,0.48584987180507544,0.536398536546378,0.5874795358765624
2026-08-05,New Hampshire,Class II,0.1178,0.41641588959466647,0.4646485351692276,0.5138061777979047
2026-08-05,New Jersey,Class II,0.048,0.351323391,0.425852321902,0.4991161755
2026-08-05,New Mexico,Class II,0.0886,0.365058168,0.439536202726,0.5142091824999999
2026-08-05,North Carolina,Class II,0.1639,0.422771779254247,0.47100636985296646,0.5194325669358948
2026-08-05,Ohio,Class III,0.5228,0.4522672452291763,0.5015608005450907,0.5503078114774719
2026-08-05,Oklahoma,Class II,0.9917,0.5379878560000001,0.617864369132,0.6960504279999999
2026-08-05,Oregon,Class II,0.0116,0.325712615,0.39986149456,0.472773867
2026-08-05,Rhode Island,Class II,0.0056,0.30762643100000003,0.381990544985,0.4569733704999999
2026-08-05,South Carolina,Class II,0.9503,0.5001787945143775,0.5484911534831963,0.5964725269930266
2026-08-05,South Dakota,Class II,0.9998,0.5854364369063123,0.6530262197216322,0.7204839795799399
2026-08-05,Tennessee,Class II,0.9989,0.566381183,0.639523887437,0.7125334769999999
2026-08-05,Texas,Class II,0.5859,0.4577576172808055,0.5064438446907458,0.5553952328353777
2026-08-05,Virginia,Class II,0.0666,0.357601063,0.432130848047,0.506496764
2026-08-05,West Virginia,Class II,0.9999,0.628620037,0.703325660465,0.7776175215000001
2026-08-05,Wyoming,Class II,0.9998,0.6081450115,0.691018929913,0.7726174159999999
2026-08-06,Alabama,Class II,0.9934,0.536235817,0.613790584165,0.6889857039999999
2026-08-06,Alaska,Class II,0.8748,0.4850937299806137,0.5370767370429124,0.5907339109968599
2026-08-06,Arkansas,Class II,0.9965,0.5751543875,0.704613772656,0.8372443379999999
2026-08-06,Colorado,Class II,0.0417,0.34603450350000003,0.420218454151,0.4962656295000001
2026-08-06,Delaware,Class II,0.0094,0.320282001,0.394605805651,0.467304031
2026-08-06,Florida,Class III,0.8339,0.47837674782968265,0.5302031248987656,0.5810734080503376
2026-08-06,Georgia,Class II,0.0969,0.4107926317676208,0.4608579058199628,0.510466909099004
2026-08-06,Idaho,Class II,1,0.6143263781932637,0.6802787474075093,0.746820606733112
2026-08-06,Illinois,Class II,0.0664,0.3551595005,0.430889732418,0.506807491
2026-08-06,Iowa,Class II,0.6492,0.4606744244230308,0.5121381077743165,0.5643459310115663
2026-08-06,Kansas,Class II,0.9534,0.5017558795,0.572673753352,0.6453952249999999
2026-08-06,Kentucky,Class II,0.9927,0.5377892185,0.613522178178,0.6885736695
2026-08-06,Louisiana,Class II,0.9798,0.519966931,0.596231424197,0.6724529170000001
2026-08-06,Maine,Class II,0.2913,0.43515974571306665,0.483876427058861,0.5318364428362844
2026-08-06,Massachusetts,Class II,0,0.31106465839141967,0.3658681846024005,0.420372335041774
2026-08-06,Michigan,Class II,0.5828,0.4557372253208185,0.506362788338002,0.5575654046746594
2026-08-06,Minnesota,Class II,0.1504,0.4146358860223917,0.46738968370375616,0.5187325445256409
2026-08-06,Mississippi,Class II,0.9811,0.518727687,0.593490417131,0.6663779865
2026-08-06,Montana,Class II,0.931,0.49261939350000006,0.567939539043,0.6423367799999999
2026-08-06,Nebraska,Class II,0.8774,0.4855257620684448,0.5362952926591094,0.5874222813349056
2026-08-06,New Hampshire,Class II,0.1166,0.4166467242232573,0.4653638602854299,0.5133699621943878
2026-08-06,New Jersey,Class II,0.0501,0.351442682,0.425577557175,0.5000063025
2026-08-06,New Mexico,Class II,0.0845,0.3642426350000001,0.439294655104,0.5126287389999998
2026-08-06,North Carolina,Class II,0.1688,0.423153991074427,0.4718218722107428,0.5203182920565206
2026-08-06,Ohio,Class III,0.5288,0.4513375581178681,0.5017372572249105,0.5512188725629285
2026-08-06,Oklahoma,Class II,0.9931,0.5396239894999999,0.61843113348,0.6962254864999999
2026-08-06,Oregon,Class II,0.0129,0.3240292065,0.399399565331,0.472909375
2026-08-06,Rhode Island,Class II,0.0055,0.3069867625,0.38136844046,0.4557668495
2026-08-06,South Carolina,Class II,0.9555,0.5014572343533512,0.5493059216521419,0.5973765698335693
2026-08-06,South Dakota,Class II,0.9998,0.5870596109317168,0.6536923739792471,0.7209115069306108
2026-08-06,Tennessee,Class II,0.999,0.566476757,0.639713304625,0.711389095
2026-08-06,Texas,Class II,0.6035,0.458179612538124,0.5072052693463914,0.5550526911320559
2026-08-06,Virginia,Class II,0.0683,0.35668573,0.43256328497,0.5069591974999998
2026-08-06,West Virginia,Class II,1,0.6304782895,0.704134295061,0.7771203979999999
2026-08-06,Wyoming,Class II,0.9999,0.608500284,0.691404373231,0.7721446434999999
2026-08-07,Alabama,Class II,0.9927,0.5382978715,0.613225726089,0.6888809924999999
2026-08-07,Alaska,Class II,0.8502,0.4802679434365026,0.5335819633913601,0.5878714281569404
2026-08-07,Arkansas,Class II,0.9947,0.5776147295,0.706458929131,0.8363394119999998
2026-08-07,Colorado,Class II,0.0388,0.34483551349999997,0.419507620116,0.4944226265
2026-08-07,Delaware,Class II,0.0091,0.318757711,0.393356083049,0.4673108535
2026-08-07,Florida,Class III,0.8057,0.4761416294826033,0.5270620450001446,0.5790202246261037
2026-08-07,Georgia,Class II,0.08,0.4078715307578654,0.4577579507781419,0.5072862164632984
2026-08-07,Idaho,Class II,1,0.6122609425176221,0.678684789439417,0.7452961576264309
2026-08-07,Illinois,Class II,0.0602,0.3524613345,0.428835449928,0.50380059
2026-08-07,Iowa,Class II,0.6189,0.4574213076989829,0.5092412831947839,0.5614792930448387
2026-08-07,Kansas,Class II,0.9467,0.498430148,0.572057307326,0.6427684929999999
2026-08-07,Kentucky,Class II,0.9922,0.5355192244999999,0.612911604357,0.6897259129999999
2026-08-07,Louisiana,Class II,0.9792,0.5181488295,0.594519916277,0.6711648445
2026-08-07,Maine,Class II,0.2568,0.43215325983221525,0.48078121593765766,0.5291078140834263
2026-08-07,Massachusetts,Class II,0,0.30839938710632514,0.36320927627131233,0.4186121699640103
2026-08-07,Michigan,Class II,0.5357,0.45223926372735546,0.5030805567841162,0.5541060932641972
2026-08-07,Minnesota,Class II,0.1279,0.41338345870463294,0.4643186582534871,0.5167635557699698
2026-08-07,Mississippi,Class II,0.9814,0.5180100249999999,0.59138322264,0.66466527
2026-08-07,Montana,Class II,0.927,0.491319573,0.566143268192,0.6411567079999999
2026-08-07,Nebraska,Class II,0.8523,0.4808138081542774,0.5329698587244163,0.5844876285904493
2026-08-07,New Hampshire,Class II,0.104,0.413761768843955,0.462502000110268,0.5113821629059198
2026-08-07,New Jersey,Class II,0.05,0.3516477555,0.425160374844,0.49996655449999994
2026-08-07,New Mexico,Class II,0.0843,0.364976507,0.437959937067,0.5136010809999999
2026-08-07,North Carolina,Class II,0.1444,0.4206114907287596,0.4684481411736744,0.5166744031329712
2026-08-07,Ohio,Class III,0.4871,0.4490599933005284,0.4990938323614728,0.5490224570535733
2026-08-07,Oklahoma,Class II,0.9913,0.5385771975,0.617780686596,0.6929879834999999
2026-08-07,Oregon,Class II,0.0146,0.323029754,0.39895439437,0.4748660785
2026-08-07,Rhode Island,Class II,0.0048,0.30663013600000005,0.380840983306,0.45414157599999994
2026-08-07,South Carolina,Class II,0.9468,0.4993291476787233,0.5465622299075896,0.595037184306523
2026-08-07,South Dakota,Class II,0.9999,0.5839236860783457,0.6517359880703295,0.7182046839171627
2026-08-07,Tennessee,Class II,0.9984,0.5648666425000001,0.638519238114,0.7109638814999999
2026-08-07,Texas,Class II,0.5482,0.4546696921337368,0.5032749351639004,0.5514989474809926
2026-08-07,Virginia,Class II,0.0616,0.35647636549999995,0.430883279415,0.5048214114999999
2026-08-07,West Virginia,Class II,1,0.6290467504999999,0.70259800972,0.7753718535
2026-08-07,Wyoming,Class II,0.9998,0.6077717220000001,0.690399062456,0.7716517255
2026-08-08,Alabama,Class II,0.9892,0.532793778,0.611361020554,0.6881870585
2026-08-08,Alaska,Class II,0.8491,0.4796885533250901,0.5334084146691197,0.5867439201698619
2026-08-08,Arkansas,Class II,0.9752,0.5196857951277948,0.6115465379713668,0.7035126052401898
2026-08-08,Colorado,Class II,0.0364,0.3423070055,0.418018622983,0.493355836
2026-08-08,Delaware,Class II,0.008,0.31579941650000004,0.391321423075,0.4658797265
2026-08-08,Florida,Class III,0.8066,0.47522677619583154,0.5271624597169898,0.5783746947413992
2026-08-08,Georgia,Class II,0.0845,0.4083297423522408,0.4576627447612494,0.5087455167983697
2026-08-08,Idaho,Class II,1,0.6108712057127567,0.6781344657260394,0.7441347014577001
2026-08-08,Illinois,Class II,0.0577,0.35176859350000006,0.428083708198,0.502422112
2026-08-08,Iowa,Class II,0.6121,0.4560287983049934,0.5087302775398438,0.5615740058221008
2026-08-08,Kansas,Class II,0.9453,0.4983705975,0.571648312308,0.6441454765
2026-08-08,Kentucky,Class II,0.9892,0.534473821,0.612266087723,0.688796084
2026-08-08,Louisiana,Class II,0.9755,0.5151404995,0.592261157642,0.6679197904999999
2026-08-08,Maine,Class II,0.2577,0.4315219317739727,0.4805551624256824,0.5299517868058059
2026-08-08,Massachusetts,Class II,0,0.3081073183020448,0.36277876779267215,0.4183558586577168
2026-08-08,Michigan,Class II,0.5434,0.4530069900911729,0.5035193557248836,0.5556210351303494
2026-08-08,Minnesota,Class II,0.1289,0.4115451226758279,0.4636619558310129,0.5166586893130767
2026-08-08,Mississippi,Class II,0.9774,0.5171789195,0.591464790616,0.665142926
2026-08-08,Montana,Class II,0.9191,0.4887318185,0.565393424947,0.6423699754999999
2026-08-08,Nebraska,Class II,0.845,0.4806788008250483,0.5318693088810712,0.5828861947181008
2026-08-08,New Hampshire,Class II,0.1086,0.41353316561974635,0.46259968570125054,0.5110386883097207
2026-08-08,New Jersey,Class II,0.0464,0.34818587100000004,0.423810435284,0.49819103
2026-08-08,New Mexico,Class II,0.0849,0.3616097204999999,0.436818492262,0.5123387465
2026-08-08,North Carolina,Class II,0.1476,0.41944075749130016,0.4686525156558852,0.5170166438197741
2026-08-08,Ohio,Class III,0.4847,0.4481237565206903,0.49857340840556774,0.5482811715606739
2026-08-08,Oklahoma,Class II,0.9901,0.5365700114999999,0.616521873569,0.6944588589999999
2026-08-08,Oregon,Class II,0.0126,0.32327959250000005,0.397728741024,0.4712326935
2026-08-08,Rhode Island,Class II,0.0041,0.30497487,0.380042800529,0.4539859425
2026-08-08,South Carolina,Class II,0.9449,0.4985138818262062,0.5465473828984053,0.5939422067774845
2026-08-08,South Dakota,Class II,0.9997,0.5821145154629693,0.6509071328909173,0.7178496444054153
2026-08-08,Tennessee,Class II,0.9983,0.5641704854999999,0.637398851379,0.7112838795
2026-08-08,Texas,Class II,0.551,0.4545615937009298,0.5033863546669992,0.5511991440415979
2026-08-08,Virginia,Class II,0.0603,0.3551000875,0.429849956058,0.5041274849999999
2026-08-08,West Virginia,Class II,1,0.6267280040000001,0.701165815207,0.775617998
2026-08-08,Wyoming,Class II,0.9998,0.6040318665000001,0.689695263479,0.7707550455
2026-08-09,Alabama,Class II,0.9914,0.536664569,0.610521263273,0.6861864195000001
2026-08-09,Alaska,Class II,0.8506,0.4806282283604877,0.5331737215397142,0.5856388974543432
2026-08-09,Arkansas,Class II,0.9756,0.5187257626791613,0.6108397565094575,0.7043038190171825
2026-08-09,Colorado,Class II,0.0326,0.3443380535,0.418375187224,0.491423211
2026-08-09,Delaware,Class II,0.008,0.3192387715,0.392538067684,0.467173841
2026-08-09,Florida,Class III,0.8009,0.47512788444211,0.5262950752070685,0.5772033804978512
2026-08-09,Georgia,Class II,0.0805,0.4067970553838785,0.457557084411945,0.5074029953518936
2026-08-09,Idaho,Class II,1,0.6099199650149348,0.6770479411460694,0.743161209881441
2026-08-09,Illinois,Class II,0.0575,0.352242529,0.427979182062,0.503731619
2026-08-09,Iowa,Class II,0.6247,0.4581454877521649,0.5098579574820516,0.5615334283145836
2026-08-09,Kansas,Class II,0.9439,0.497837544,0.571176656138,0.6442436284999999
2026-08-09,Kentucky,Class II,0.99,0.5363002685,0.612196054882,0.688628828
2026-08-09,Louisiana,Class II,0.9782,0.517848058,0.593682361063,0.6696590884999999
2026-08-09,Maine,Class II,0.2529,0.4318415459168963,0.48070530631413594,0.5283089368120275
2026-08-09,Massachusetts,Class II,0,0.30777925231005426,0.36240392253533255,0.41580104706369986
2026-08-09,Michigan,Class II,0.5426,0.4520050656231065,0.5032224980951132,0.5531095017100338
2026-08-09,Minnesota,Class II,0.1192,0.4106250038156458,0.46356986167335273,0.5153143967809273
2026-08-09,Mississippi,Class II,0.9784,0.5183380655,0.590308632734,0.6648771474999999
2026-08-09,Montana,Class II,0.9162,0.4878421175,0.564553163185,0.638942762
2026-08-09,Nebraska,Class II,0.8528,0.4815273426657234,0.5322649966129356,0.5832740531212637
2026-08-09,New Hampshire,Class II,0.0949,0.4125293152641896,0.4616598915939451,0.5096531648732165
2026-08-09,New Jersey,Class II,0.0447,0.34944400249999996,0.423710245834,0.49763152199999994
2026-08-09,New Mexico,Class II,0.0818,0.3606652755,0.436642935018,0.51207814
2026-08-09,North Carolina,Class II,0.1383,0.41866432030441264,0.46774858569270394,0.5159558773704166
2026-08-09,Ohio,Class III,0.4844,0.4488282545367832,0.4987186158807458,0.5485821572368179
2026-08-09,Oklahoma,Class II,0.9913,0.5379545615,0.616286804359,0.6943832080000001
2026-08-09,Oregon,Class II,0.0129,0.321898688,0.397408436589,0.47366754
2026-08-09,Rhode Island,Class II,0.0042,0.305189737,0.380066367287,0.4540548275
2026-08-09,South Carolina,Class II,0.9443,0.49833232116060777,0.5462782364668839,0.5937418128571882
2026-08-09,South Dakota,Class II,0.9994,0.5842195101658131,0.6518219115500146,0.7193858506937321
2026-08-09,Tennessee,Class II,0.9988,0.56448293,0.637787132212,0.709396244
2026-08-09,Texas,Class II,0.5437,0.45453114624397567,0.5029271904754729,0.5497273488467344
2026-08-09,Virginia,Class II,0.0588,0.356534025,0.43009323257,0.5032408115
2026-08-09,West Virginia,Class II,1,0.627327882,0.701594553077,0.7760273165
2026-08-09,Wyoming,Class II,0.9999,0.6058134205000001,0.689485350161,0.7698728285
2026-08-10,Alabama,Class II,0.9915,0.536012113,0.612547685878,0.6887102585
2026-08-10,Alaska,Class II,0.854,0.4809993364763186,0.5337023279964173,0.5866076178796336
2026-08-10,Arkansas,Class II,0.9778,0.521085007965761,0.6131001104482594,0.704964760777543
2026-08-10,Colorado,Class II,0.0377,0.34684189899999995,0.419991826895,0.4933332505
2026-08-10,Delaware,Class II,0.0067,0.31761926,0.391572038251,0.46566422299999993
2026-08-10,Florida,Class III,0.8087,0.4763768589796082,0.5270765065515068,0.5783039917731352
2026-08-10,Georgia,Class II,0.0834,0.4088377520884888,0.45883274319958944,0.5084921097750266
2026-08-10,Idaho,Class II,1,0.610242297552873,0.6777822352452271,0.7459170905891974
2026-08-10,Illinois,Class II,0.0589,0.35266947950000005,0.428637332852,0.503609781
2026-08-10,Iowa,Class II,0.6256,0.4575317040365201,0.5099680446062521,0.5610522109906023
2026-08-10,Kansas,Class II,0.9475,0.498811614,0.572372277046,0.6456494465
2026-08-10,Kentucky,Class II,0.9929,0.536088887,0.612454248763,0.689623727
2026-08-10,Louisiana,Class II,0.9795,0.5190843119999999,0.594217403184,0.6683809239999999
2026-08-10,Maine,Class II,0.2609,0.43381108062251134,0.4813888673597928,0.5300432409415239
2026-08-10,Massachusetts,Class II,1e-4,0.3092212026844652,0.3631994103413157,0.41793795914721527
2026-08-10,Michigan,Class II,0.5445,0.4537811302609426,0.5038630864509066,0.5540520052443001
2026-08-10,Minnesota,Class II,0.1254,0.4126598061186444,0.46467773151223074,0.5161564985056428
2026-08-10,Mississippi,Class II,0.9787,0.517788818,0.59141797746,0.6620503860000001
2026-08-10,Montana,Class II,0.9272,0.491636118,0.565795076798,0.6389794995
2026-08-10,Nebraska,Class II,0.8668,0.48346058132299746,0.5344471488018354,0.5846655970720819
2026-08-10,New Hampshire,Class II,0.1023,0.41426727640174255,0.46233934234382895,0.5110889756442031
2026-08-10,New Jersey,Class II,0.045,0.35001953,0.424026551474,0.49810078499999993
2026-08-10,New Mexico,Class II,0.0837,0.362884264,0.436586663096,0.5117246354999999
2026-08-10,North Carolina,Class II,0.2426,0.4306496863812272,0.4791762740663665,0.5279404873151989
2026-08-10,Ohio,Class III,0.4921,0.44813649220885343,0.4991446263513709,0.5486401303442354
2026-08-10,Oklahoma,Class II,0.9919,0.537935914,0.616803305481,0.6942097439999999
2026-08-10,Oregon,Class II,0.0121,0.32315141950000004,0.397543026358,0.471102098
2026-08-10,Rhode Island,Class II,0.004,0.30545933200000003,0.380149977095,0.453434674
2026-08-10,South Carolina,Class II,0.9497,0.49977475107527874,0.5466966596736954,0.5933201377802299
2026-08-10,South Dakota,Class II,1,0.5865834012131103,0.6524340203637545,0.7176079240851351
2026-08-10,Tennessee,Class II,0.9987,0.5653214075,0.638311204623,0.7086405654999999
2026-08-10,Texas,Class II,0.5602,0.4551165938360282,0.5039593858553006,0.5517047263823314
2026-08-10,Virginia,Class II,0.0588,0.3572395605,0.429970525644,0.503714569
2026-08-10,West Virginia,Class II,1,0.6277569615,0.702416469918,0.776786019
2026-08-10,Wyoming,Class II,0.9999,0.6086249284999999,0.690370085637,0.7730844834999999
2026-08-11,Alabama,Class II,0.9926,0.5371343745,0.61465796341,0.6933730339999999
2026-08-11,Alaska,Class II,0.8714,0.4834805547102518,0.536598866668896,0.5905408596447181
2026-08-11,Arkansas,Class II,0.9826,0.5251869495902286,0.6157821297071997,0.7080851103656719
2026-08-11,Colorado,Class II,0.0461,0.3479380635,0.422397607682,0.4974383085
2026-08-11,Delaware,Class II,0.0107,0.32238689500000006,0.396242352814,0.4714736329999999
2026-08-11,Florida,Class III,0.8388,0.4802242273121955,0.5310537741038578,0.582570251674342
2026-08-11,Georgia,Class II,0.1001,0.41217661436384334,0.4619078960605173,0.5116492178115056
2026-08-11,Idaho,Class II,1,0.6117229399465609,0.6804726356642226,0.7476341276104461
2026-08-11,Illinois,Class II,0.0702,0.35768102,0.431755359936,0.5078104514999999
2026-08-11,Iowa,Class II,0.662,0.46120558059694167,0.5130126551419012,0.564562285034716
2026-08-11,Kansas,Class II,0.9504,0.500518601,0.574096823795,0.64765591
2026-08-11,Kentucky,Class II,0.9928,0.537388815,0.614780776587,0.6908943569999999
2026-08-11,Louisiana,Class II,0.9828,0.521135308,0.596461048402,0.673371003
2026-08-11,Maine,Class II,0.3044,0.43580665024865367,0.4848534028670275,0.5332758848722499
2026-08-11,Massachusetts,Class II,1e-4,0.31145010682572793,0.36717025698561,0.4224167818703284
2026-08-11,Michigan,Class II,0.6009,0.45751883026939744,0.5076833128617181,0.5584696899651069
2026-08-11,Minnesota,Class II,0.1577,0.4160109902746107,0.4683868030749809,0.519828089943775
2026-08-11,Mississippi,Class II,0.9808,0.5190130205,0.594383321961,0.6677194424999999
2026-08-11,Montana,Class II,0.9342,0.492432247,0.568315609475,0.643132982
2026-08-11,Nebraska,Class II,0.8936,0.4875175181607321,0.5380149147509515,0.5888370515148547
2026-08-11,New Hampshire,Class II,0.1287,0.4176850847720227,0.4664780445052164,0.5151259483286065
2026-08-11,New Jersey,Class II,0.0531,0.3516776605,0.427276273487,0.501039625
2026-08-11,New Mexico,Class II,0.0929,0.3660117535,0.440391488577,0.5150621885
2026-08-11,North Carolina,Class II,0.2873,0.43416934460081985,0.4829288418806445,0.5321113922872929
2026-08-11,Ohio,Class III,0.5346,0.4532956841947799,0.5029427472518946,0.5529562732039758
2026-08-11,Oklahoma,Class II,0.9924,0.5425431405000001,0.619898036933,0.6962274399999999
2026-08-11,Oregon,Class II,0.0132,0.3253679685,0.400529179096,0.4729883275
2026-08-11,Rhode Island,Class II,0.006,0.310165451,0.38392400906,0.457860887
2026-08-11,South Carolina,Class II,0.9586,0.5024409115422812,0.5505857630671295,0.5979154174372917
2026-08-11,South Dakota,Class II,0.9998,0.5885947868885806,0.6552975049038641,0.7228767087291537
2026-08-11,Tennessee,Class II,0.9987,0.5660025774999999,0.640667180803,0.7136584955
2026-08-11,Texas,Class II,0.6018,0.45921724831469135,0.5072094306874054,0.5557633307283368
2026-08-11,Virginia,Class II,0.0719,0.3605466775,0.433795128587,0.5093705485000001
2026-08-11,West Virginia,Class II,1,0.631244261,0.704631831416,0.7794494989999999
2026-08-11,Wyoming,Class II,0.9999,0.6092723025,0.692816552522,0.7728731485
2026-08-12,Alabama,Class II,0.9927,0.539046358,0.615520499973,0.6912350429999998
2026-08-12,Alaska,Class II,0.8791,0.4844254425579257,0.5381867308571505,0.5908784350555621
2026-08-12,Arkansas,Class II,0.9856,0.5271029034411439,0.6171000214003154,0.7067726109419991
2026-08-12,Colorado,Class II,0.0461,0.3484096795,0.422624192604,0.4981946849999999
2026-08-12,Delaware,Class II,0.0137,0.3207330025,0.395798054888,0.471984587
2026-08-12,Florida,Class III,0.8398,0.4790971789237675,0.5310045748033793,0.5828052758153998
2026-08-12,Georgia,Class II,0.1112,0.4133904420280944,0.46289151609538126,0.5123184041031873
2026-08-12,Idaho,Class II,1,0.6140608797557636,0.6817062250020735,0.7483828176594933
2026-08-12,Illinois,Class II,0.0749,0.35605818600000005,0.432394460792,0.5094336364999998
2026-08-12,Iowa,Class II,0.6748,0.4619569850385804,0.5142190053787525,0.5658700576172411
2026-08-12,Kansas,Class II,0.96,0.5035233544796751,0.5523258195065812,0.6016003626440647
2026-08-12,Kentucky,Class II,0.9942,0.541541815,0.616090945966,0.6897185955
2026-08-12,Louisiana,Class II,0.9835,0.5236436625,0.597854709316,0.6722931344999998
2026-08-12,Maine,Class II,0.3147,0.4377565585841601,0.4855943704063148,0.5332743500875226
2026-08-12,Massachusetts,Class II,0,0.3126583262820287,0.3672655791858693,0.4214685690421934
2026-08-12,Michigan,Class II,0.6033,0.4553619080081991,0.507766180900127,0.5584426506798659
2026-08-12,Minnesota,Class II,0.167,0.41674336817079577,0.46898106195818,0.5217251548970709
2026-08-12,Mississippi,Class II,0.983,0.519691689,0.593770878087,0.6667460995
2026-08-12,Montana,Class II,0.9307,0.491934596,0.569347772953,0.6456023790000001
2026-08-12,Nebraska,Class II,0.9003,0.4885274830643599,0.5389885219717915,0.5896239749880408
2026-08-12,New Hampshire,Class II,0.1331,0.4173615690466663,0.46655246901748654,0.5160891914268604
2026-08-12,New Jersey,Class II,0.0562,0.3538407045,0.427816914078,0.5025652039999999
2026-08-12,New Mexico,Class II,0.0997,0.366625313,0.44130485787,0.51663902
2026-08-12,North Carolina,Class II,0.2305,0.4293843496491499,0.4782274998221046,0.5267968888170221
2026-08-12,Ohio,Class III,0.5375,0.455204165980863,0.5035207343755194,0.5529957264161253
2026-08-12,Oklahoma,Class II,0.9944,0.5431089189999999,0.619853153464,0.6948125364999999
2026-08-12,Oregon,Class II,0.0166,0.3281602175,0.401247877807,0.4768875275
2026-08-12,Rhode Island,Class II,0.0073,0.3100236095,0.383915692386,0.460023484
2026-08-12,South Carolina,Class II,0.9654,0.5047644367978636,0.5519671710647452,0.6007162932483047
2026-08-12,South Dakota,Class II,0.9999,0.587968602142663,0.6554178889641704,0.7222051813145977
2026-08-12,Tennessee,Class II,0.9986,0.5655993115,0.640866490131,0.7148778894999999
2026-08-12,Texas,Class II,0.6149,0.4602695015664477,0.508553353554551,0.557013990885776
2026-08-12,Virginia,Class II,0.0735,0.35994043100000006,0.434434734197,0.5091489195
2026-08-12,West Virginia,Class II,1,0.6297401245,0.704958652453,0.7802066335000001
2026-08-12,Wyoming,Class II,0.9998,0.611278089,0.693688412736,0.7744883180000001
2026-08-13,Alabama,Class II,0.9926,0.538886434,0.614860590425,0.6887996869999999
2026-08-13,Alaska,Class II,0.8763,0.4841335692390615,0.5369084799542534,0.5900867883239779
2026-08-13,Arkansas,Class II,0.9823,0.526380413067861,0.6156593059594748,0.7056831354040923
2026-08-13,Colorado,Class II,0.0406,0.34700869799999995,0.42155448574,0.495321025
2026-08-13,Delaware,Class II,0.0097,0.321316992,0.395891131683,0.4684623564999999
2026-08-13,Florida,Class III,0.8382,0.48004828342590294,0.5299482861771097,0.5800372934257275
2026-08-13,Georgia,Class II,0.1037,0.4121870632020531,0.4618070374187886,0.5113667402969307
2026-08-13,Idaho,Class II,1,0.6145232028855491,0.6810014108619664,0.7479896323509477
2026-08-13,Illinois,Class II,0.0667,0.35661609949999995,0.43231082556,0.5075272565
2026-08-13,Iowa,Class II,0.6587,0.4613575066880341,0.5128637464456812,0.5645562487872926
2026-08-13,Kansas,Class II,0.962,0.5035591385490172,0.5521050364877221,0.6012713758310881
2026-08-13,Kentucky,Class II,0.9936,0.5398942575000001,0.615296373292,0.6906289219999999
2026-08-13,Louisiana,Class II,0.9829,0.5207016605,0.59581914216,0.669482721
2026-08-13,Maine,Class II,0.3174,0.4381508542476355,0.4865007393578832,0.5336910054309215
2026-08-13,Massachusetts,Class II,1e-4,0.3116900650378057,0.3661181430850895,0.4209302265743077
2026-08-13,Michigan,Class II,0.5907,0.4562890747556936,0.507070720894282,0.5577627281509375
2026-08-13,Minnesota,Class II,0.1536,0.41611334200744976,0.4679299844398257,0.5196179987992592
2026-08-13,Mississippi,Class II,0.9805,0.521429329,0.594567999652,0.6676334134999999
2026-08-13,Montana,Class II,0.9372,0.4953985375,0.568099145821,0.6413984315
2026-08-13,Nebraska,Class II,0.8914,0.4876415537353775,0.5382603056693245,0.5877968382657263
2026-08-13,New Hampshire,Class II,0.1271,0.4175176475685885,0.4661486891714737,0.5142346609920343
2026-08-13,New Jersey,Class II,0.0524,0.3540522015,0.42708821574,0.5009160810000001
2026-08-13,New Mexico,Class II,0.0895,0.36698206150000007,0.439507013709,0.5134499625
2026-08-13,North Carolina,Class II,0.2247,0.4292648292528383,0.47782845221124753,0.5266760287729506
2026-08-13,Ohio,Class III,0.5555,0.4561253467900559,0.5042479126266763,0.5531478355023693
2026-08-13,Oklahoma,Class II,0.9923,0.5421120854999999,0.619092460719,0.6974298465000001
2026-08-13,Oregon,Class II,0.0141,0.3270754985,0.401128353693,0.474911573
2026-08-13,Rhode Island,Class II,0.004,0.30995798599999996,0.383131838511,0.457641861
2026-08-13,South Carolina,Class II,0.9559,0.5021924836986468,0.5501781312708441,0.5980350579114008
2026-08-13,South Dakota,Class II,1,0.587240069978098,0.6546688333987177,0.7207387963294872
2026-08-13,Tennessee,Class II,0.9992,0.5674389545,0.640001617926,0.713571272
2026-08-13,Texas,Class II,0.6441,0.46200470819426653,0.5106071121978586,0.5584804856358572
2026-08-13,Virginia,Class II,0.0684,0.35940517499999997,0.433666754656,0.5068292514999999
2026-08-13,West Virginia,Class II,1,0.628693212,0.704304639448,0.7776615665
2026-08-13,Wyoming,Class II,0.9997,0.612821512,0.69210683677,0.7735630795
2026-08-14,Alabama,Class II,0.992,0.5385344965,0.614347484785,0.690480035
2026-08-14,Alaska,Class II,0.877,0.4855198258042807,0.5372611227304376,0.5902202572727346
2026-08-14,Arkansas,Class II,0.9816,0.5239909834524803,0.61339084988756,0.7034256986302101
2026-08-14,Colorado,Class II,0.0424,0.3472339105,0.421824071413,0.49589993949999994
2026-08-14,Delaware,Class II,0.0118,0.3206388305000001,0.395391883384,0.4692086239999999
2026-08-14,Florida,Class III,0.8385,0.4779628865438371,0.5303208311856071,0.5812379978744048
2026-08-14,Georgia,Class II,0.1065,0.412947276927672,0.46202917261139775,0.5122740802223148
2026-08-14,Idaho,Class II,1,0.6135549731731079,0.679313801172563,0.7451205424282347
2026-08-14,Illinois,Class II,0.0653,0.35477050800000004,0.431600744532,0.5060409754999999
2026-08-14,Iowa,Class II,0.6704,0.4608833302156203,0.513696994169526,0.5648572211006028
2026-08-14,Kansas,Class II,0.9579,0.5025097675258531,0.5516277028531116,0.600297103057555
2026-08-14,Kentucky,Class II,0.9902,0.536353149,0.61423060631,0.6914686414999999
2026-08-14,Louisiana,Class II,0.9793,0.5208614485,0.596505848823,0.6707725605
2026-08-14,Maine,Class II,0.3239,0.4380630073203063,0.48644847594443785,0.5340473426183873
2026-08-14,Massachusetts,Class II,1e-4,0.3108002231070839,0.3663206152928481,0.4213374551920416
2026-08-14,Michigan,Class II,0.5971,0.45756827695735885,0.5074871659771601,0.5576226967947974
2026-08-14,Minnesota,Class II,0.1527,0.41673390412692385,0.4682320323514698,0.5189800830939553
2026-08-14,Mississippi,Class II,0.9845,0.522202363,0.593850563153,0.666615947
2026-08-14,Montana,Class II,0.9288,0.4921168875,0.567518602426,0.6430176765
2026-08-14,Nebraska,Class II,0.8786,0.48511684561213553,0.5369145380553992,0.5872107328781514
2026-08-14,New Hampshire,Class II,0.1249,0.41706785160912824,0.4657109301644842,0.5148734709083097
2026-08-14,New Jersey,Class II,0.0517,0.35210709500000004,0.426545714817,0.5005329275
2026-08-14,New Mexico,Class II,0.0903,0.3646428085,0.439689757702,0.5136276905
2026-08-14,North Carolina,Class II,0.171,0.42214616725999865,0.4715703924687475,0.5207571110553239
2026-08-14,Ohio,Class III,0.5546,0.45571490111794166,0.5042374677068295,0.552424534696709
2026-08-14,Oklahoma,Class II,0.9929,0.542713257,0.618744531725,0.695167046
2026-08-14,Oregon,Class II,0.0129,0.32601035200000006,0.399870727732,0.4733688015
2026-08-14,Rhode Island,Class II,0.0042,0.308938577,0.382669615066,0.4561961515
2026-08-14,South Carolina,Class II,0.9575,0.5023414692586469,0.5505307263608874,0.5985114040691965
2026-08-14,South Dakota,Class II,0.9998,0.5870485496500673,0.6540303475401783,0.7220436780901042
2026-08-14,Tennessee,Class II,0.9993,0.5667016109999999,0.639813361862,0.7141913310000001
2026-08-14,Texas,Class II,0.6335,0.46148990098338216,0.5102050901127408,0.5588610534238536
2026-08-14,Virginia,Class II,0.0691,0.3595966065,0.433143959495,0.5069169719999999
2026-08-14,West Virginia,Class II,1,0.629679547,0.704387215141,0.7779407669999999
2026-08-14,Wyoming,Class II,1,0.6084139365,0.692344723528,0.771801838
2026-08-15,Alabama,Class II,0.9933,0.5405926005,0.614825005587,0.6899047734999999
2026-08-15,Alaska,Class II,0.8779,0.4839369538714695,0.5370989837316653,0.5899475359519033
2026-08-15,Arkansas,Class II,0.9804,0.5238140926367031,0.6145939386912348,0.7062940952944896
2026-08-15,Colorado,Class II,0.0423,0.347185851,0.421648823084,0.4965777689999999
2026-08-15,Delaware,Class II,0.0093,0.321927559,0.395234998147,0.4693464275
2026-08-15,Florida,Class III,0.8396,0.47903839734400033,0.5301577598405054,0.5804726498479095
2026-08-15,Georgia,Class II,0.1063,0.4136510919232124,0.4626313161798955,0.5123100285880047
2026-08-15,Idaho,Class II,1,0.6121280071685201,0.6801742179524566,0.7464077694529025
2026-08-15,Illinois,Class II,0.066,0.3556286525,0.431508417227,0.505421099
2026-08-15,Iowa,Class II,0.6694,0.4613543426950784,0.5131958817341786,0.5647421386761957
2026-08-15,Kansas,Class II,0.9604,0.5041161964416238,0.5515674382263531,0.5994446999114654
2026-08-15,Kentucky,Class II,0.9918,0.5393927720000001,0.61586167715,0.692241
2026-08-15,Louisiana,Class II,0.9841,0.5230285185,0.598012031413,0.6732486319999998
2026-08-15,Maine,Class II,0.3289,0.4393754327893719,0.4873307263730924,0.5351229661223619
2026-08-15,Massachusetts,Class II,0,0.3110511135459025,0.3665569338647899,0.421886825240293
2026-08-15,Michigan,Class II,0.5982,0.45678691511911695,0.5072826720402933,0.5577048624902466
2026-08-15,Minnesota,Class II,0.1578,0.4163007915533,0.46820576357410265,0.5205754865203224
2026-08-15,Mississippi,Class II,0.9834,0.522031224,0.594666725152,0.6666564789999999
2026-08-15,Montana,Class II,0.928,0.4917074595,0.568437928204,0.6451197769999999
2026-08-15,Nebraska,Class II,0.8816,0.4857464410317802,0.5363965059902175,0.5871913306527587
2026-08-15,New Hampshire,Class II,0.1232,0.41757560384164616,0.4660860032688995,0.514599151563217
2026-08-15,New Jersey,Class II,0.0511,0.35407829550000003,0.427263831456,0.5006566249999999
2026-08-15,New Mexico,Class II,0.0923,0.3654223705,0.44058203381,0.5134583279999998
2026-08-15,North Carolina,Class II,0.1746,0.42221768215002553,0.4717447798837766,0.521039587944386
2026-08-15,Ohio,Class III,0.4865,0.44950046404628224,0.4984820036780354,0.5468371619268564
2026-08-15,Oklahoma,Class II,0.9932,0.5408121955,0.619556583486,0.6962101709999999
2026-08-15,Oregon,Class II,0.0141,0.32471020599999995,0.400810355138,0.475429685
2026-08-15,Rhode Island,Class II,0.0051,0.30950053149999995,0.383405585653,0.4580749755
2026-08-15,South Carolina,Class II,0.958,0.5027379875295974,0.5506554519891695,0.5978184448412595
2026-08-15,South Dakota,Class II,0.9999,0.5885264419557505,0.6547706546667355,0.7223770588213783
2026-08-15,Tennessee,Class II,0.9992,0.5678013380000001,0.640373675923,0.712703073
2026-08-15,Texas,Class II,0.6388,0.4620028183026993,0.5103267461994402,0.5583497811626036
2026-08-15,Virginia,Class II,0.0678,0.357588032,0.433300577598,0.506086964
2026-08-15,West Virginia,Class II,0.9999,0.630749189,0.70445201532,0.7776214825
2026-08-15,Wyoming,Class II,1,0.6102884344999999,0.692428624597,0.7745242004999999
2026-08-16,Alabama,Class II,0.9944,0.540237426,0.615532891428,0.6908111445
2026-08-16,Alaska,Class II,0.8746,0.4849271091059617,0.5377657459892305,0.5901955352116037
2026-08-16,Arkansas,Class II,0.9771,0.5213674506112231,0.6119901526456002,0.7045905542077521
2026-08-16,Colorado,Class II,0.0423,0.3476615905,0.422120219768,0.49627302049999994
2026-08-16,Delaware,Class II,0.0102,0.32330109,0.395925518676,0.469939664
2026-08-16,Florida,Class III,0.8316,0.47935336780559173,0.530046865499462,0.5810155685102288
2026-08-16,Georgia,Class II,0.1099,0.41280706030820985,0.46235222098582407,0.5125405736868512
2026-08-16,Idaho,Class II,1,0.6137426683017098,0.6794179602951557,0.745177047147647
2026-08-16,Illinois,Class II,0.064,0.3561870765,0.431523820045,0.5059834824999999
2026-08-16,Iowa,Class II,0.6704,0.4620517356130163,0.5137623998663525,0.564991800908941
2026-08-16,Kansas,Class II,0.9631,0.5038915211313583,0.5518980014074615,0.5989939704642927
2026-08-16,Kentucky,Class II,0.9922,0.5403379739999999,0.61519885314,0.690019056
2026-08-16,Louisiana,Class II,0.9832,0.520081798,0.595862308402,0.6696186979999998
2026-08-16,Maine,Class II,0.3295,0.4388251905772574,0.48713957035480954,0.5350468890606885
2026-08-16,Massachusetts,Class II,0,0.311593487252374,0.3669059169466013,0.4211185785392369
2026-08-16,Michigan,Class II,0.5905,0.4578854339635566,0.506342613806843,0.5544785602126089
2026-08-16,Minnesota,Class II,0.1578,0.4165777710800773,0.46835473507553826,0.5202552457544249
2026-08-16,Mississippi,Class II,0.982,0.5202174705000001,0.593758547375,0.6667813435
2026-08-16,Montana,Class II,0.935,0.4935531495,0.568463765115,0.6429308014999999
2026-08-16,Nebraska,Class II,0.878,0.4850266437278749,0.5362867431583058,0.5869578938553363
2026-08-16,New Hampshire,Class II,0.1246,0.41726497278714714,0.4662522095857565,0.514375427363759
2026-08-16,New Jersey,Class II,0.0535,0.35417746499999997,0.427783426352,0.5014293289999999
2026-08-16,New Mexico,Class II,0.0956,0.36493022,0.440231911357,0.515418961
2026-08-16,North Carolina,Class II,0.1729,0.4229988776278084,0.4714448818095668,0.5211708046500206
2026-08-16,Ohio,Class III,0.4427,0.4465764296459589,0.4952338704414256,0.5433864989386452
2026-08-16,Oklahoma,Class II,0.9923,0.5417327679999999,0.620212143872,0.6971265385
2026-08-16,Oregon,Class II,0.0139,0.327494366,0.401024599973,0.474396524
2026-08-16,Rhode Island,Class II,3e-4,0.34190756552258694,0.39030576161521585,0.438271818352548
2026-08-16,South Carolina,Class II,0.9597,0.5031543535038414,0.5508664150252892,0.5989249799919233
2026-08-16,South Dakota,Class II,0.9998,0.5883413164130991,0.6554527190768352,0.7228944721271519
2026-08-16,Tennessee,Class II,0.9987,0.5666155075,0.639941264934,0.711880294
2026-08-16,Texas,Class II,0.6409,0.4637693530059322,0.51106036772406,0.5590176385532245
2026-08-16,Virginia,Class II,0.0656,0.3588852285,0.433402535501,0.5059090704999999
2026-08-16,West Virginia,Class II,1,0.6303144335,0.704325478472,0.7781937569999999
2026-08-16,Wyoming,Class II,1,0.6104887735,0.692823411593,0.773808025
2026-08-17,Alabama,Class II,0.993,0.540547264,0.615303353524,0.689323934
2026-08-17,Alaska,Class II,0.8785,0.48599935900293817,0.537985259988815,0.5894700713855838
2026-08-17,Arkansas,Class II,0.9824,0.5220189493495897,0.6143620472160558,0.7042331642729899
2026-08-17,Colorado,Class II,0.0417,0.3476326665,0.422454519399,0.4953752604999999
2026-08-17,Delaware,Class II,0.0084,0.3217471055,0.396112151834,0.46975709199999993
2026-08-17,Florida,Class III,0.849,0.4813610446276445,0.5315860796046431,0.5814971503893219
2026-08-17,Georgia,Class II,0.1134,0.4141688841425501,0.4636222573566708,0.5125272251528051
2026-08-17,Idaho,Class II,1,0.6151684152146779,0.6822971865696869,0.7478583896606393
2026-08-17,Illinois,Class II,0.0734,0.35740123449999994,0.432802206136,0.5076032479999999
2026-08-17,Iowa,Class II,0.685,0.4632865165357484,0.5144094316785671,0.5650427827631483
2026-08-17,Kansas,Class II,0.9644,0.5046971954615254,0.5526250480719935,0.6013065086123124
2026-08-17,Kentucky,Class II,0.9927,0.5401319204999999,0.615676847258,0.691876261
2026-08-17,Louisiana,Class II,0.9816,0.521339123,0.597660611479,0.6727885515
2026-08-17,Maine,Class II,0.3348,0.4407463444954594,0.48808408547142507,0.5353241506363223
2026-08-17,Massachusetts,Class II,0,0.3131328850715819,0.36795660292800736,0.4229204172457054
2026-08-17,Michigan,Class II,0.6016,0.45891780460699166,0.5075429225491146,0.556696145201035
2026-08-17,Minnesota,Class II,0.1638,0.417850747353193,0.469724296345135,0.5219635964770993
2026-08-17,Mississippi,Class II,0.9852,0.5211786110000001,0.595251363935,0.6671429825
2026-08-17,Montana,Class II,0.9341,0.4929447319999999,0.569315082915,0.644527052
2026-08-17,Nebraska,Class II,0.8902,0.48798405861282296,0.538377038617903,0.5888258440280373
2026-08-17,New Hampshire,Class II,0.1367,0.41965698520500705,0.4680895720359211,0.5160274187114668
2026-08-17,New Jersey,Class II,0.0536,0.35585463500000003,0.428640691266,0.5018633445
2026-08-17,New Mexico,Class II,0.0963,0.3674578985000001,0.441925017221,0.5151688295
2026-08-17,North Carolina,Class II,0.1781,0.4248793747628281,0.47309521762748175,0.5215994791956285
2026-08-17,Ohio,Class III,0.4405,0.4467660170132669,0.49570106356745014,0.5444153707823873
2026-08-17,Oklahoma,Class II,0.9932,0.5409722295,0.620016395428,0.6972729145
2026-08-17,Oregon,Class II,0.0144,0.3280988765,0.402339327873,0.4753005505
2026-08-17,Rhode Island,Class II,2e-4,0.3435599269780176,0.3916532789002483,0.43944896091881874
2026-08-17,South Carolina,Class II,0.9677,0.5054699783408104,0.5519522557084784,0.5987006218453035
2026-08-17,South Dakota,Class II,0.9999,0.5889032465928407,0.6560475829917838,0.7222401415299926
2026-08-17,Tennessee,Class II,0.9985,0.5683103254999999,0.64141417682,0.712713402
2026-08-17,Texas,Class II,0.6549,0.4644432340170319,0.5114500762919133,0.5592934385992067
2026-08-17,Virginia,Class II,0.0704,0.3607043275,0.433983941451,0.50809293
2026-08-17,West Virginia,Class II,0.9999,0.6310760065000001,0.705376380085,0.7787334109999999
2026-08-17,Wyoming,Class II,0.9999,0.6122620000000001,0.693882287441,0.7743461904999999
2026-08-18,Alabama,Class II,0.9935,0.5408257904999999,0.616367996058,0.690989628
2026-08-18,Alaska,Class II,0.7811,0.4736322383964079,0.5237178105189662,0.5738169105524394
2026-08-18,Arkansas,Class II,0.9808,0.5231497813245385,0.6138599012331615,0.7049136565417894
2026-08-18,Colorado,Class II,0.0431,0.34913016650000006,0.422356259124,0.4965015345
2026-08-18,Delaware,Class II,0.0113,0.321655468,0.396131618244,0.469756367
2026-08-18,Florida,Class III,0.8528,0.4812119465316067,0.5317151510284787,0.581948094567647
2026-08-18,Georgia,Class II,0.1163,0.41468723811041025,0.4638431270767616,0.5131192146532279
2026-08-18,Idaho,Class II,1,0.6148115983002839,0.6814212292215629,0.7480427294708296
2026-08-18,Illinois,Class II,0.0717,0.3556939045,0.432236660855,0.508976422
2026-08-18,Iowa,Class II,0.6873,0.4624805965892231,0.5151775420274803,0.5660890366993077
2026-08-18,Kansas,Class II,0.9651,0.5052019752958476,0.5530655994489683,0.6014583683119784
2026-08-18,Kentucky,Class II,0.9938,0.540273166,0.616825432564,0.6927882304999999
2026-08-18,Louisiana,Class II,0.9797,0.521743822,0.596936956796,0.6718306479999999
2026-08-18,Maine,Class II,0.3444,0.4410093271019993,0.4883766494582186,0.5364345584074707
2026-08-18,Massachusetts,Class II,0,0.3183022330013401,0.36712290424919514,0.417707270661654
2026-08-18,Michigan,Class II,0.6073,0.4584555873622636,0.5080117966275424,0.5574915065617037
2026-08-18,Minnesota,Class II,0.1649,0.4186556308455635,0.4695802801478688,0.5209542416287071
2026-08-18,Mississippi,Class II,0.9837,0.5226217405,0.595224185061,0.667771121
2026-08-18,Montana,Class II,0.9373,0.4948548765,0.569540358864,0.6449887695
2026-08-18,Nebraska,Class II,0.9012,0.488046221284544,0.539471688884548,0.5895537310747542
2026-08-18,New Hampshire,Class II,0.1378,0.41978074350665945,0.4681589178616962,0.5167510897714257
2026-08-18,New Jersey,Class II,0.0521,0.35569602450000004,0.428372871455,0.5006252125
2026-08-18,New Mexico,Class II,0.0974,0.3677428685,0.44186533954,0.5164170755
2026-08-18,North Carolina,Class II,0.184,0.4241783410061463,0.4730770440095816,0.5224554405890136
2026-08-18,Ohio,Class III,0.4566,0.4476962938613071,0.49682728817057387,0.5459743992157031
2026-08-18,Oklahoma,Class II,0.994,0.5428435945,0.620458484073,0.6960631875
2026-08-18,Oregon,Class II,0.0141,0.3286747915,0.401280157214,0.4750252575
2026-08-18,Rhode Island,Class II,3e-4,0.3438409391045615,0.39234141066872136,0.44074550974914833
2026-08-18,South Carolina,Class II,0.9631,0.5042413604224544,0.5522033814923591,0.5996169361929753
2026-08-18,South Dakota,Class II,0.9997,0.5892761629971373,0.6564857154851441,0.7241723508941954
2026-08-18,Tennessee,Class II,0.9985,0.5680954755000001,0.640798451892,0.71284331
2026-08-18,Texas,Class II,0.6736,0.4643649961046526,0.5124521499261846,0.559654371981696
2026-08-18,Virginia,Class II,0.0732,0.3606593955,0.435088395045,0.5091732615000001
2026-08-18,West Virginia,Class II,1,0.6308481815,0.704777751448,0.7781636235
2026-08-18,Wyoming,Class II,1,0.6105051275000001,0.692967443144,0.7726378449999999
2026-08-19,Alabama,Class II,0.9932,0.540147541,0.616815420903,0.6929262905
2026-08-19,Alaska,Class II,0.7779,0.47363878731235226,0.5239610682012253,0.5749024720759451
2026-08-19,Arkansas,Class II,0.9957,0.5535316598394083,0.6378164060875721,0.7224331877241362
2026-08-19,Colorado,Class II,0.0457,0.35084976700000003,0.424579331173,0.4980783709999999
2026-08-19,Delaware,Class II,0.0139,0.325019636,0.398220858738,0.4746137025
2026-08-19,Florida,Class III,0.9136,0.492035516716638,0.5408505404733979,0.5906898505591345
2026-08-19,Georgia,Class II,0.1245,0.4177457304173715,0.46586679644316,0.5143620124008389
2026-08-19,Idaho,Class II,1,0.6168645225432672,0.6829165515108553,0.75008935686153
2026-08-19,Illinois,Class II,0.076,0.3588507225,0.433831266276,0.5102021295
2026-08-19,Iowa,Class II,0.699,0.4641702464683114,0.5166094192109343,0.5684109490902122
2026-08-19,Kansas,Class II,0.9693,0.506388656763931,0.55468833401406,0.6044616296976358
2026-08-19,Kentucky,Class II,0.9952,0.5420364219999999,0.616871570387,0.692972418
2026-08-19,Louisiana,Class II,0.9813,0.522751878,0.598079414454,0.6733283299999999
2026-08-19,Maine,Class II,0.3575,0.440950768516834,0.48942789246290064,0.5376567979486624
2026-08-19,Massachusetts,Class II,0,0.3187891157684906,0.3685141127546436,0.4175184817874388
2026-08-19,Michigan,Class II,0.6105,0.45886297314470664,0.5079982238500196,0.5567983256004286
2026-08-19,Minnesota,Class II,0.1837,0.4197525063350596,0.4712288833878234,0.5230922142232344
2026-08-19,Mississippi,Class II,0.9855,0.5244127115,0.596741322247,0.6709577325
2026-08-19,Montana,Class II,0.9403,0.4963063935,0.57024936322,0.6447126044999999
2026-08-19,Nebraska,Class II,0.9044,0.4899008817353752,0.540666861621487,0.5910958655618944
2026-08-19,New Hampshire,Class II,0.1472,0.4211049683509075,0.4694009752229568,0.5172851055849792
2026-08-19,New Jersey,Class II,0.0528,0.3559837365,0.429651566151,0.501048966
2026-08-19,New Mexico,Class II,0.1028,0.369781204,0.443531463915,0.517413308
2026-08-19,North Carolina,Class II,0.1962,0.4251510393892776,0.4746100824408014,0.5233004999572625
2026-08-19,Ohio,Class III,0.4711,0.4488914729860018,0.4981618809735924,0.5477915524648652
2026-08-19,Oklahoma,Class II,0.9941,0.5425093759999999,0.622119865455,0.7007276779999999
2026-08-19,Oregon,Class II,0.0169,0.32913929350000004,0.403314481487,0.47716228949999995
2026-08-19,Rhode Island,Class II,2e-4,0.3448266894190452,0.39352706209996424,0.442329069354424
2026-08-19,South Carolina,Class II,0.9707,0.5066743395040357,0.5536501626838111,0.6014522324406181
2026-08-19,South Dakota,Class II,0.9999,0.5907557792431513,0.6569883782720216,0.7225610020675238
2026-08-19,Tennessee,Class II,0.9993,0.5701467325,0.642809939085,0.7154644244999999
2026-08-19,Texas,Class II,0.683,0.4658740136053073,0.5138640144419362,0.5617610550819482
2026-08-19,Virginia,Class II,0.0743,0.362086601,0.435601844851,0.5110082799999999
2026-08-19,West Virginia,Class II,1,0.632029184,0.706201153729,0.7803268004999998
2026-08-19,Wyoming,Class II,0.9998,0.6110695814999999,0.694495500139,0.7752208230000001
2026-08-20,Alabama,Class II,0.995,0.541587734,0.616429947022,0.6917179445
2026-08-20,Alaska,Class II,0.7735,0.4737387313151837,0.5234243027083859,0.573854745441908
2026-08-20,Arkansas,Class II,0.9923,0.5469295955549585,0.6435317623717698,0.7401880878521808
2026-08-20,Colorado,Class II,0.0477,0.3516658435,0.424471541917,0.49908300599999994
2026-08-20,Delaware,Class II,0.0129,0.322417319,0.397490642755,0.471943124
2026-08-20,Florida,Class III,0.9154,0.49097613977246407,0.5408141247968958,0.5900067358896418
2026-08-20,Georgia,Class II,0.1203,0.417356952690189,0.46569968483516977,0.5148340869860312
2026-08-20,Idaho,Class II,1,0.6174258091900537,0.6839142615869465,0.7504695751675461
2026-08-20,Illinois,Class II,0.0715,0.356589889,0.433106857665,0.5082740149999999
2026-08-20,Iowa,Class II,0.7024,0.4648783538202221,0.5161186780964475,0.5681809657169218
2026-08-20,Kansas,Class II,0.9663,0.5062854250514262,0.5551374111238458,0.6037094015333423
2026-08-20,Kentucky,Class II,0.995,0.5417905590000001,0.61693298905,0.6931786395
2026-08-20,Louisiana,Class II,0.9841,0.52400835,0.598371289522,0.6725086685000001
2026-08-20,Maine,Class II,0.3541,0.4419865139801047,0.4892659491000641,0.537458626389582
2026-08-20,Massachusetts,Class II,1e-4,0.3172541218623487,0.36823948713411114,0.418959975615963
2026-08-20,Michigan,Class II,0.5348,0.4521661712570973,0.502353795342228,0.5516478792309615
2026-08-20,Minnesota,Class II,0.1632,0.4225630375174558,0.4707295453448128,0.5197862471882515
2026-08-20,Mississippi,Class II,0.9845,0.522687887,0.595367304428,0.6688917595
2026-08-20,Montana,Class II,0.943,0.4968271665,0.57002202673,0.6443352995
2026-08-20,Nebraska,Class II,0.9011,0.4886475145886711,0.5400744122604172,0.5905668776563365
2026-08-20,New Hampshire,Class II,0.1476,0.42123543877617975,0.4688466593280987,0.5175363124128863
2026-08-20,New Jersey,Class II,0.0584,0.3557732505,0.430021614875,0.5034365235
2026-08-20,New Mexico,Class II,0.1009,0.367576066,0.442020105899,0.5167050259999999
2026-08-20,North Carolina,Class II,0.1939,0.424921251409507,0.4741444514763771,0.5225419381255713
2026-08-20,Ohio,Class III,0.4805,0.4486527035360448,0.49829349436531706,0.5477410252700388
2026-08-20,Oklahoma,Class II,0.9931,0.5434717155,0.621520365813,0.6980307485
2026-08-20,Oregon,Class II,0.0164,0.32786816449999995,0.402392829792,0.4759522955
2026-08-20,Rhode Island,Class II,1e-4,0.34468059196021683,0.39287124276958846,0.44066335873786633
2026-08-20,South Carolina,Class II,0.9676,0.5056085421337358,0.5532664030165487,0.60143364752509
2026-08-20,South Dakota,Class II,0.9998,0.5917503231190865,0.6577218001077955,0.7246555108045024
2026-08-20,Tennessee,Class II,0.9992,0.5697585584999999,0.642256241495,0.7147980965
2026-08-20,Texas,Class II,0.6711,0.4657276049072692,0.5132233324470835,0.5612299966187354
2026-08-20,Virginia,Class II,0.0792,0.3617334025,0.435826147294,0.5101774055
2026-08-20,West Virginia,Class II,1,0.6329037130000001,0.706121686026,0.7795379915
2026-08-20,Wyoming,Class II,0.9998,0.6110193765,0.694303957212,0.7754563034999999
2026-08-21,Alabama,Class II,0.9952,0.5426917600000001,0.617846502123,0.6914647774999999
2026-08-21,Alaska,Class II,0.7943,0.4745490606200459,0.5253613254946045,0.5762049944793459
2026-08-21,Arkansas,Class II,0.9933,0.5471606236670068,0.6425381809499264,0.7399128958962745
2026-08-21,Colorado,Class II,0.0474,0.3508678135,0.424847089049,0.4986565949999999
2026-08-21,Delaware,Class II,0.0138,0.3241658475,0.398797594158,0.4729279585
2026-08-21,Florida,Class III,0.9142,0.49240827921942887,0.541359448540379,0.5907860364930279
2026-08-21,Georgia,Class II,0.1263,0.41766384895538833,0.46627947555030025,0.5135852351600758
2026-08-21,Idaho,Class II,1,0.6179949277515554,0.6836514427362363,0.7489296985622229
2026-08-21,Illinois,Class II,0.0728,0.3592761065000001,0.434492498832,0.5091405149999999
2026-08-21,Iowa,Class II,0.7069,0.4656702305534109,0.5168787744321328,0.5673412915808669
2026-08-21,Kansas,Class II,0.9718,0.5079456318951241,0.5546647132998326,0.6028889126856679
2026-08-21,Kentucky,Class II,0.995,0.5435718294999999,0.618349785529,0.6929821425
2026-08-21,Louisiana,Class II,0.9846,0.5244565050000001,0.599810272671,0.6748530925
2026-08-21,Maine,Class II,0.363,0.44233718416769974,0.48962184085692056,0.5361752684255654
2026-08-21,Massachusetts,Class II,0,0.31887470767111603,0.3682881386774536,0.41922466294137517
2026-08-21,Michigan,Class II,0.4991,0.4511659576194944,0.5000588388456015,0.5489944628330605
2026-08-21,Minnesota,Class II,0.1624,0.42123283409613643,0.4708718040572677,0.5186166978589429
2026-08-21,Mississippi,Class II,0.9864,0.524293064,0.596660213106,0.669893832
2026-08-21,Montana,Class II,0.9411,0.49669823849999994,0.572685487099,0.6461927569999999
2026-08-21,Nebraska,Class II,0.9133,0.491184970390397,0.5420109143291659,0.5919930340541373
2026-08-21,New Hampshire,Class II,0.1022,0.4131629288726627,0.4628212381283821,0.5106421832631961
2026-08-21,New Jersey,Class II,0.0598,0.3568837965,0.430714864283,0.504869332
2026-08-21,New Mexico,Class II,0.1011,0.36806501599999997,0.442710229976,0.5168822825
2026-08-21,North Carolina,Class II,0.1939,0.4256531949625959,0.47430910250268843,0.5220380410391608
2026-08-21,Ohio,Class III,0.4779,0.4500825393627981,0.4984146386153021,0.5458180159513356
2026-08-21,Oklahoma,Class II,0.9935,0.5427190449999999,0.621722218845,0.6977774755
2026-08-21,Oregon,Class II,0.016,0.330973361,0.403441449829,0.4773604375
2026-08-21,Rhode Island,Class II,5e-4,0.34531614102236025,0.3940994586250152,0.4427310656779558
2026-08-21,South Carolina,Class II,0.9704,0.5070050713900902,0.5540334275311949,0.601192208486415
2026-08-21,South Dakota,Class II,0.9999,0.5901247558945085,0.6584932709367208,0.724761669629456
2026-08-21,Tennessee,Class II,0.9993,0.57101435,0.64351284429,0.7159303719999999
2026-08-21,Texas,Class II,0.6662,0.46533141052023697,0.5126891107224949,0.5603125851432682
2026-08-21,Virginia,Class II,0.0769,0.36225807649999997,0.436364372672,0.5097558205
2026-08-21,West Virginia,Class II,1,0.6326337845000001,0.70674930239,0.7798430754999999
2026-08-21,Wyoming,Class II,0.9999,0.614907163,0.695570380316,0.7739955820000001
